Stem ID,Stem Category,Stem Name,Preferred Vendor,Base Stem Price,Agrogana,Agrogana + Freight (HIDE),Golden,Golden + Freight (HIDE),Mayesh,Mayesh + Freight (HIDE),Magic,Magic + Freight (HIDE),Earthly Orchids,Earthly Orchids + Freight (HIDE),Poppy Vendor,Vivek,Vivek + Freight (HIDE),,
,Anemone,Anemone Light Pink,Agrogana,$1.08,$0.75,$1.08,,,,,,,,,,,,,
,Anemone,Anemone Burgundi,Agrogana,$1.08,$0.75,$1.08,,,,,,,,,,,,,
,Anemone,Anemone Blush,Agrogana,$1.08,$0.75,$1.08,,,,,,,,,,,,,
,Anemone,Anemone Red,Agrogana,$1.08,$0.75,$1.08,,,,,,,,,,,,,
,Anemone,Anemone Soft Purple,Agrogana,$1.08,$0.75,$1.08,,,,,,,,,,,,,
,Anemone,Anemone Pinkie,Agrogana,$1.08,$0.75,$1.08,,,,,,,,,,,,,
,Anemone,Anemone White,Agrogana,$1.08,$0.75,$1.08,,,,,,,,,,,,,
,Anemone,Anemone- Purple,Agrogana,$1.08,$0.75,$1.08,,,,,,,,,,,,,
,Astrantia,Astrantia White,Agrogana,$0.73,$0.40,$0.73,,,$1.95,$2.63,,,,,,,,,
,Astrantia,Astrantia Light Pink,Agrogana,$0.73,$0.40,$0.73,,,,,,,,,,,,,
,Astrantia,Astrantia Pink,Agrogana,$0.73,$0.40,$0.73,,,,,,,,,,,,,
,Astrantia,Astrantia Burgundy,Agrogana,$0.73,$0.40,$0.73,,,,,,,,,,,,,
,Baby's Breath,Baby's Breath White - Xlence,Agrogana,$1.08,$0.75,$1.08,$0.72,$1.59,,,,,,,,,,,
,Bells of Ireland,Bells of Ireland,Agrogana,$0.78,$0.45,$0.78,,,,,,,,,,,,,
,Butterfly Ranunculus,Butterfly Ranunculus terra cotta- Musa,Agrogana,$1.53,$0.35,$0.68,,,$6.04,$6.72,,,,,,,,,
,Butterfly Ranunculus,Butterfly Ranunculus Lavender - Europe,Agrogana,$1.53,$0.35,$0.68,,,$6.04,$6.72,,,,,,,,,
,Butterfly Ranunculus,Butterfly Ranunculus Light Yellow - Liati,Agrogana,$1.53,$0.35,$0.68,,,$6.04,$6.72,,,,,,,,,
,Butterfly Ranunculus,Butterfly Ranunculus - Orange Minoan,Agrogana,$1.53,$0.35,$0.68,,,$6.04,$6.72,,,,,,,,,
,Butterfly Ranunculus,Butterfly Ranuculus pink - Hera,Agrogana,$1.53,$0.35,$0.68,,,$6.04,$6.72,,,,,,,,,
,Butterfly Ranunculus,Butterfly Ranunculus Blush - Ariande,Agrogana,$1.53,$0.35,$0.68,,,$6.04,$6.72,,,,,,,,,
,Butterfly Ranunculus,Butterfly Ranunculus Yellow - Artemis,Agrogana,$1.53,$0.35,$0.68,,,$6.04,$6.72,,,,,,,,,
,Butterfly Ranunculus,Butterfly Ranunculus Pink - Lycia,Agrogana,$1.53,$0.35,$0.68,,,$6.04,$6.72,,,,,,,,,
,Butterfly Ranunculus,Butterfly Ranunculus Orange - Charis,Agrogana,$1.53,$0.35,$0.68,,,$6.04,$6.72,,,,,,,,,
,Butterfly Ranunculus,Butterfly Ranunculus Yellow - Phytalos,Agrogana,$1.53,$0.35,$0.68,,,$6.04,$6.72,,,,,,,,,
,Butterfly Ranunculus,Butterfly Ranunculus - Red Hades,Agrogana,$1.53,$0.35,$0.68,,,$6.04,$6.72,,,,,,,,,
,Butterfly Ranunculus,Butterfly Ranunculus White - Magical Mascarpone,Agrogana,$1.53,$0.35,$0.68,,,$6.04,$6.72,,,,,,,,,
,Butterfly Ranunculus,Butterfly Ranunculus Purple - Magical Chocolate,Agrogana,$1.53,$0.35,$0.68,,,$6.04,$6.72,,,,,,,,,
,Butterfly Ranunculus,Butterfly Ranunculus Salmon - Magical Salmon,Agrogana,$1.53,$0.35,$0.68,,,$6.04,$6.72,,,,,,,,,
,Butterfly Ranunculus,Butterfly Ranunculus Yellow - Helios,Agrogana,$1.53,$0.35,$0.68,,,$6.04,$6.72,,,,,,,,,
,Butterfly Ranunculus,Butterfly Ranunculus Light Pink - Isis,Agrogana,$1.53,$0.35,$0.68,,,$6.04,$6.72,,,,,,,,,
,Butterfly Ranunculus,Butterfly Ranunculus Terracotta - Theseus,Agrogana,$1.53,$0.35,$0.68,,,$6.04,$6.72,,,,,,,,,
,Butterfly Ranunculus,Butterfly Ranunculus - Eris,Agrogana,$1.53,$0.35,$0.68,,,$6.04,$6.72,,,,,,,,,
,Calla,Mini Calla Lily Cream,Agrogana,$1.18,$0.85,$1.18,,,,,,,,,,,,,
,Calla,Mini Calla Lily Purple/white - Picasso,Agrogana,$1.18,$0.85,$1.18,,,,,,,,,,,,,
,Calla,Mini Calla Lily Purple - La Paz,Agrogana,$1.18,$0.85,$1.18,,,,,,,,,,,,,
,Calla,Mini Calla Lily Orange - Mango,Agrogana,$1.18,$0.85,$1.18,,,,,,,,,,,,,
,Carnation,Carnation - Copper Extasis,Agrogana,$0.68,$0.35,$0.68,,,,,,,,,,,,,
,Carnation,Carnation White - Polar Route,Agrogana,$0.68,$0.35,$0.68,,,,,,,,,,,,,
,Carnation,Carnation Peach - Novia,Agrogana,$0.68,$0.35,$0.68,,,,,,,,,,,,,
,Carnation,Carnation Peach - Brut,Agrogana,$0.68,$0.35,$0.68,,,$1.07,$1.75,,,,,,,,,
,Carnation,Carnation Burgundy- Red Velvet,Agrogana,$0.68,$0.35,$0.68,,,,,,,,,,,,,
,Carnation,Carnation Burgundy - Clavel Velvet,Agrogana,$0.68,$0.35,$0.68,,,,,,,,,,,,,
,Carnation,Carnation - Chroma Thrill,Agrogana,$0.68,$0.35,$0.68,,,,,,,,,,,,,
,Carnation,Carnation Peach - Minami,Agrogana,$0.68,$0.35,$0.68,,,,,,,,,,,,,
,Carnation,Carnation Peach/blush - Creta,Agrogana,$0.68,$0.35,$0.68,,,,,,,,,,,,,
,Carnation,Carnation Peach - Lizzy,Agrogana,$0.68,$0.35,$0.68,,,,,,,,,,,,,
,Carnation,Carnation Purple/Mauve - Hypnosis,Agrogana,$0.68,$0.35,$0.68,,,,,,,,,,,,,
,Carnation,Carnation - Green Voragine,Agrogana,$0.68,$0.35,$0.68,,,,,,,,,,,,,
,Chrysanthemum,Bronze/gold Football Mum,Agrogana,$0.78,$0.45,$0.78,,,,,,,,,,,,,
,Chrysanthemum,Mum Salmon - Oefa,Agrogana,$0.78,$0.45,$0.78,,,,,,,,,,,,,
,Chrysanthemum,Yellow - Anastasia Sunny,Agrogana,$0.78,$0.45,$0.78,,,,,,,,,,,,,
,Craspedia,Craspedia Yellow,Agrogana,$0.73,$0.40,$0.73,,,,,,,,,,,,,
,Delphinium,Delphinium Pink - Trick,Agrogana,$0.83,$0.50,$0.83,,,,,,,,,,,,,
,Delphinium,Delphinium Blush - Pink Planet,Agrogana,$0.83,$0.50,$0.83,,,,,,,,,,,,,
,Delphinium,Delphinium - Blue Planet Spray (dark),Agrogana,$0.83,$0.50,$0.83,,,,,,,,,,,,,
,Delphinium,Delphinium Yellow - Trick,Agrogana,$0.83,$0.50,$0.83,,,,,,,,,,,,,
,Delphinium,Delphinium Lavender - Trick,Agrogana,$0.83,$0.50,$0.83,,,,,,,,,,,,,
,Delphinium,Delphinium White,Agrogana,$0.83,$0.50,$0.83,,,$1.98,$2.66,,,,,,,,,
,Delphinium,Delphinium Purple- Black Knight,Agrogana,$0.83,$0.50,$0.83,,,,,,,,,,,,,
,Dried,Dried - Bunny Tail Brown (Natural),Agrogana,$0.78,$0.45,$0.78,,,,,,,,,,,,,
,Dried,Dried - Bunny Tail White,Agrogana,$0.78,$0.45,$0.78,,,,,,,,,,,,,
,Dried Baby's Breath,Dried - White Baby's Breath,Agrogana,$2.08,$1.75,$2.08,,,,,,,,,,,,,
,Eryngium,Thistle Eryngium - Blue Lagoon,Agrogana,$0.83,$0.50,$0.83,,,$1.50,$2.18,,,,,,,,,
,Eryngium,Thistle Eryngium - Green Lagoon,Agrogana,$0.83,$0.50,$0.83,,,$1.50,$2.18,,,,,,,,,
,Eryngium,Thistle Eryngium - Green Jackpot,Agrogana,$0.83,$0.50,$0.83,,,$1.50,$2.18,,,,,,,,,
,Eryngium,Thistle Eryngium - Blue Jackpot,Agrogana,$0.83,$0.50,$0.83,,,$1.50,$2.18,,,,,,,,,
,Freesia,Freesia Lavender,Agrogana,$0.83,$0.50,$0.83,,,,,,,,,,,,,
,Freesia,Freesia Yellow,Agrogana,$0.83,$0.50,$0.83,,,,,,,,,,,,,
,Freesia,Freesia White,Agrogana,$0.83,$0.50,$0.83,,,,,,,,,,,,,
,Freesia,Freesia Hot Pink,Agrogana,$0.83,$0.50,$0.83,,,,,,,,,,,,,
,Garden Rose,Rose Blush - Garden Spirit,Agrogana,$1.18,$0.85,$1.18,,,,,,,,,,,,,
,Gerbera Daisy,Gerbera Peach,Agrogana,$0.83,$0.50,$0.83,,,$2.50,$3.18,,,,,,,,,
,Gerbera Daisy,Gerbera Mini Choiz,Agrogana,$0.83,$0.50,,,,,,,,,,,,,,
,Gerbera Daisy,Gerbera Dorito,Agrogana,$0.83,$0.50,$0.83,,,,,,,,,,,,,
,Gerbera Daisy,Gerbera Bellita,Agrogana,$0.83,$0.50,$0.83,,,,,,,,,,,,,
,Gladiolus,Glamini White - Ambar,Agrogana,$0.73,$0.40,$0.73,,,,,,,,,,,,,
,Gladiolus,Glamini Coral - Roxette,Agrogana,$0.73,$0.40,$0.73,,,,,,,,,,,,,
,Hypericum,Hypericum Red,Agrogana,$0.88,$0.55,$0.88,,,,,,,,,,,,,
,Hypericum,Hypericum Pink,Agrogana,$0.88,$0.55,$0.88,,,,,,,,,,,,,
,Hypericum,Hypericum Peach,Agrogana,$0.88,$0.55,$0.88,,,,,,,,,,,,,
,Hypericum,Hypericum White,Agrogana,$0.88,$0.55,$0.88,,,$0.85,$1.53,,,,,,,,,
,Hypericum,Hypericum Cream,Agrogana,$0.88,$0.55,$0.88,,,$0.85,$1.53,,,,,,,,,
,Hypericum,Hypericum Burgundy,Agrogana,$0.88,$0.55,$0.88,,,,,,,,,,,,,
,Larkspur,Larkspur Pink,Agrogana,$0.78,$0.45,$0.78,,,,,,,,,,,,,
,Larkspur,Larkspur White,Agrogana,$0.78,$0.45,$0.78,,,,,,,,,,,,,
,Larkspur,Larkspur Purple,Agrogana,$0.78,$0.45,$0.78,,,,,,,,,,,,,
,Lavender,Lavender - Fresh,Agrogana,$0.88,$0.55,,,,,,,,,,,,,,
,Limonium,Limonium - Pina Colada,Agrogana,$0.78,$0.45,$0.78,,,,,,,,,,,,,
,Limonium,LIMONIUM SINZIL LILAE - Lavender,Agrogana,$0.78,$0.45,$0.78,,,,,,,,,,,,,
,Limonium,Limonium - White Sinesis,Agrogana,$0.78,$0.45,$0.78,$0.80,$1.67,,,,,,,,,,,
,Limonium,Oshi Light Pink Limonium,Agrogana,$0.78,$0.45,$0.78,,,,,,,,,,,,,
,Limonium,Limonium Purple - Misty Blue,Agrogana,$0.78,$0.45,$0.78,$0.80,$1.67,,,,,,,,,,,
,Lisianthus,Lisianthus Dark Purple,Agrogana,$0.88,$0.55,$0.88,,,,,,,,,,,,,
,Lisianthus,Lisianthus White,Agrogana,$0.88,$0.55,$0.88,,,$4.50,$5.18,,,,,,,,,
,Lisianthus,Lisianthus Peach,Agrogana,$0.88,$0.55,$0.88,,,,,,,,,,,,,
,Lisianthus,Lisianthus Cream,Agrogana,$0.88,$0.55,$0.88,,,,,,,,,,,,,
,Lisianthus,Lisianthus Hot Pink,Agrogana,$0.88,$0.55,$0.88,,,$4.45,$5.13,,,,,,,,,
,Lisianthus,Lisianthus Pink,Agrogana,$0.88,$0.55,$0.88,,,$3.25,$3.93,,,,,,,,,
,Marigold,Marigold Orange,Agrogana,$0.78,$0.45,$0.78,,,$1.25,$1.93,,,,,,,,,
,Marigold,Marigold Yellow,Agrogana,$0.78,$0.45,$0.78,,,$1.25,$1.93,,,,,,,,,
,Matilda,Matilda,Agrogana,$0.71,$0.38,$0.71,,,,,,,,,,,,,
,Mini Carnation,Mini Carnation - Clavel Vinium,Agrogana,$0.68,$0.35,$0.68,,,,,,,,,,,,,
,Mini Carnation,Mini Carnation Beige - Estacion,Agrogana,$0.68,$0.35,$0.68,,,$0.85,$1.53,,,,,,,,,
,Mini Carnation,Mini Carnation Burgundy- Chatau,Agrogana,$0.68,$0.35,$0.68,,,,,,,,,,,,,
,Orchid,Cymbidium - Gold,Agrogana,$10.33,$10.00,$10.33,,,,,,,,,,,,,
,Orchid,Cymbidium Burgundy,Agrogana,$10.33,$10.00,$10.33,,,,,,,,,,,,,
,Orchid,White Cymbidium,Agrogana,$10.33,$10.00,$10.33,,,,,,,,,,,,,
,Orchid,Copper Cymbidium,Agrogana,$10.33,$10.00,$10.33,,,,,,,,,,,,,
,Ornithogalum,Ornithogalum - Orange,Agrogana,$0.83,$0.50,,,,,,,,,,,,,,
,Ornithogalum,Ornithogalum - White,Agrogana,$0.83,$0.50,$0.83,,,,,,,,,,,,,
,Pampas,Dried Pampas Grass Short,Agrogana,$1.08,$0.75,$1.08,,,,,,,,,,,,,
,Pampas,Dried Pampas Grass Tall,Agrogana,$1.08,$0.75,$1.08,,,,,,,,,,,,,
,Poppy,Poppy Mixed Colors,Agrogana,$0.93,$0.60,$0.93,,,,,,,,,,,,,
,Rose,Princess Crown,Agrogana,$1.18,$0.85,$1.18,,,,,,,,,,,,,
,Rose,Rose White - Polo,Agrogana,$1.18,$0.85,$1.18,,,,,,,,,,,,,
,Rose,Rose - Red Monster,Agrogana,$1.18,$0.85,$1.18,,,,,,,,,,,,,
,Rose,Rose Beige - Quicksand,Agrogana,$1.18,$0.85,$1.18,,,,,,,,,,,,,
,Rose,Rose Bright Pink - Mayra's Queen,Agrogana,$1.18,$0.85,$1.18,,,,,,,,,,,,,
,Rose,Rose Orange/Yellow - Espana,Agrogana,$1.18,$0.85,$1.18,,,,,,,,,,,,,
,Rose,Rose Cream - Candlelight,Agrogana,$1.18,$0.85,$1.18,,,,,,,,,,,,,
,Rose,Rose Peach/Coral- Taxo,Agrogana,$1.18,$0.85,$1.18,,,,,,,,,,,,,
,Rose,Rose Purple - Blueberry XL,Agrogana,$1.18,$0.85,$1.18,,,,,,,,,,,,,
,Rose,Rose Coral - Dark Xpression,Agrogana,$1.18,$0.85,$1.18,,,,,,,,,,,,,
,Rose,Rose Orange - Martina,Agrogana,$1.18,$0.85,$1.18,,,,,,,,,,,,,
,Rose,Rose Hot Pink - Rose,Agrogana,$1.18,$0.85,$1.18,,,,,,,,,,,,,
,Rose,Rose Yellow - Country Sun,Agrogana,$1.18,$0.85,$1.18,,,,,,,,,,,,,
,Rose,Rose Blush/cream - Marzipan,Agrogana,$1.18,$0.85,$1.18,,,,,,,,,,,,,
,Rose,Rose Hot Pink - Gotcha,Agrogana,$1.18,$0.85,$1.18,,,,,,,,,,,,,
,Rose,Rose Lavender - Andrea,Agrogana,$1.18,$0.85,$1.18,,,,,,,,,,,,,
,Rose,Rose Lavender - Cool Water,Agrogana,$1.18,$0.85,$1.18,$0.97,$1.84,,,,,,,,,,,
,Rose,Rose Lavender - Queen's Crown,Agrogana,$1.18,$0.85,$1.18,$0.97,$1.84,,,,,,,,,,,
,Rose,Rose Lavender - Grey Knights,Agrogana,$1.18,$0.85,$1.18,$0.97,$1.84,,,,,,,,,,,
,Rose,Rose Cream - Crème De La Crème,Agrogana,$1.18,$0.85,$1.18,,,,,,,,,,,,,
,Rose,Rose Orange - Mosaico,Agrogana,$1.18,$0.85,$1.18,,,,,,,,,,,,,
,Rose,Rose - Mayra's Red,Agrogana,$1.18,$0.85,$1.18,,,,,,,,,,,,,
,Rose,Rose Blush - Ragazza,Agrogana,$1.18,$0.85,$1.18,,,,,,,,,,,,,
,Rose,Rose Blush _ Sweet Escimo,Agrogana,$1.18,$0.85,$1.18,,,,,,,,,,,,,
,Rose,Rose Blush - Frutteto,Agrogana,$1.18,$0.85,$1.18,$0.97,$1.84,,,,,,,,,,,
,Rose,Rose - Pink O'hare,Agrogana,$1.18,$0.85,$1.18,,,,,,,,,,,,,
,Rose,Rose Champagne/peach - Shimmer,Agrogana,$1.18,$0.85,$1.18,,,,,,,,,,,,,
,Rose,Rose - Mayra's White,Agrogana,$1.18,$0.85,$1.18,,,,,,,,,,,,,
,Rose,Rose Mauve - Piacere,Agrogana,$1.18,$0.85,$1.18,,,,,,,,,,,,,
,Rose,Rose Burgundy - Heart,Agrogana,$1.18,$0.85,$1.18,$0.97,$1.84,,,,,,,,,,,
,Rose,Rose - Pink Xpression,Agrogana,$1.18,$0.85,$1.18,,,,,,,,,,,,,
,Rose,Rose Peach - Phoenix,Agrogana,$1.18,$0.85,$1.18,$0.97,$1.84,,,,,,,,,,,
,Rose,Rose - Orange Crush,Agrogana,$1.18,$0.85,$1.18,$0.97,$1.84,,,,,,,,,,,
,Rose,Rose - Whipped Cream,Agrogana,$1.18,$0.85,$1.18,,,,,,,,,,,,,
,Rose,Rose White - Moonstone,Agrogana,$1.18,$0.85,$1.18,$0.97,$1.84,,,,,,,,,,,
,Rose,Rose White - Siente,Agrogana,$1.18,$0.85,$1.18,,,,,,,,,,,,,
,Rose,Rose Blush -Emely,Agrogana,$1.18,$0.85,$1.18,,,,,,,,,,,,,
,Rose,Rose Cream - Talea,Agrogana,$1.18,$0.85,$1.18,,,,,,,,,,,,,
,Rose,Rose Lavender - Ocean Song,Agrogana,$1.18,$0.85,$1.18,$0.97,$1.84,,,,,,,,,,,
,Rose,Rose Blush - Nena,Agrogana,$1.18,$0.85,$1.18,,,,,,,,,,,,,
,Rose,Rose Dark Pink - Caralinda,Agrogana,$1.18,$0.85,$1.18,,,,,,,,,,,,,
,Rose,Rose Beige - Sahara,Agrogana,$1.18,$0.85,$1.18,,,,,,,,,,,,,
,Rose,Rose Pink - Art Deco,Agrogana,$1.18,$0.85,$1.18,,,,,,,,,,,,,
,Rose,Rose Red- Explorer,Agrogana,$1.18,$0.85,$1.18,,,,,,,,,,,,,
,Rose,Rose Pink - All 4 Love,Agrogana,$1.18,$0.85,$1.18,,,,,,,,,,,,,
,Rose,Rose Yellow - Catalina,Agrogana,$1.18,$0.85,$1.18,,,,,,,,,,,,,
,Rose,Rose Peach - Tiffany,Agrogana,$1.18,$0.85,$1.18,,,,,,,,,,,,,
,Rose,Rose Mustard - Symbol,Agrogana,$1.18,$0.85,$1.18,,,,,,,,,,,,,
,Rose,Rose - Cream Carpediem,Agrogana,$1.18,$0.85,$1.18,,,,,,,,,,,,,
,Rose,Rose Red - Devotion,Agrogana,$1.18,$0.85,$1.18,,,,,,,,,,,,,
,Rose,Rose Lavender - Tiara,Agrogana,$1.18,$0.85,$1.18,,,,,,,,,,,,,
,Rose,Rose White - Blizzard,Agrogana,$1.18,$0.85,$1.18,,,,,,,,,,,,,
,Rose,Rose Lavender/Mauve - Brujas,Agrogana,$1.18,$0.85,$1.18,,,,,,,,,,,,,
,Rose,Rose Orange - Free Spirit,Agrogana,$1.18,$0.85,$1.18,,,,,,,,,,,,,
,Rose,Rose Peach - Kahala,Agrogana,$1.18,$0.85,$1.18,$0.97,$1.84,,,,,,,,,,,
,Rose,Rose Peach - Country Home,Agrogana,$1.18,$0.85,$1.18,,,,,,,,,,,,,
,Rose,Rose - Coral Reef,Agrogana,$1.18,$0.85,$1.18,,,,,,,,,,,,,
,Rose,Rose Red - Freedom,Agrogana,$1.18,$0.85,$1.18,$0.97,$1.84,,,,,,,,,,,
,Rose,Rose Peach/pale green- Dynamic,Agrogana,$1.18,$0.85,$1.18,,,,,,,,,,,,,
,Rose,Rose Blush - Poma Rosa,Agrogana,$1.18,$0.85,$1.18,,,,,,,,,,,,,
,Rose,Rose Pink/White bicolor- Joyce,Agrogana,$1.18,$0.85,$1.18,,,,,,,,,,,,,
,Rose,Rose Coral/Pink - LaHabana,Agrogana,$1.18,$0.85,$1.18,,,,,,,,,,,,,
,Rose,Rose Orange - Showbiz,Agrogana,$1.18,$0.85,$1.18,,,,,,,,,,,,,
,Rose,Rose Burgundy/ Purple - Venturosa,Agrogana,$1.18,$0.85,$1.18,,,,,,,,,,,,,
,Rose,Rose Wine - Merlot,Agrogana,$1.18,$0.85,$1.18,,,,,,,,,,,,,
,Rose,Rose - Red Paris,Agrogana,$1.18,$0.85,$1.18,,,,,,,,,,,,,
,Rose,Rose Blush/champagne - Sprit,Agrogana,$1.18,$0.85,$1.18,,,,,,,,,,,,,
,Rose,Rose Coral - Mayra's Peach,Agrogana,$1.18,$0.85,$1.18,,,,,,,,,,,,,
,Rose,Rose - Mondial,Agrogana,$1.18,$0.85,$1.18,,,,,,,,,,,,,
,Rose,Rose - Peach/Pink - Sevilla,Agrogana,$1.18,$0.85,$1.18,,,,,,,,,,,,,
,Rose,Rose - Pink Mondial,Agrogana,$1.18,$0.85,$1.18,,,,,,,,,,,,,
,Rose,Rose Cream/Blush - Priority,Agrogana,$1.18,$0.85,$1.18,,,,,,,,,,,,,
,Rose,Rose - Pink Floyd,Agrogana,$1.18,$0.85,$1.18,,,,,,,,,,,,,
,Rose,Rose Pink/lavender - Country Blues,Agrogana,$1.18,$0.85,$1.18,$0.97,$1.84,,,,,,,,,,,
,Rose,Rose Lavender/Grey - Earl Grey,Agrogana,$1.18,$0.85,$1.18,,,,,,,,,,,,,
,Rose,Rose Lavender - Moody Blues,Agrogana,$1.18,$0.85,$1.18,,,,,,,,,,,,,
,Rose,Rose White - Tibet,Agrogana,$1.18,$0.85,$1.18,,,,,,,,,,,,,
,Rose,Rose Cream - Vendela,Agrogana,$1.18,$0.85,$1.18,$0.97,$1.84,,,,,,,,,,,
,Rose,Rose Cream - Queen Of Pearl,Agrogana,$1.18,$0.85,$1.18,,,,,,,,,,,,,
,Rose,Rose Pink - Famous,Agrogana,$1.18,$0.85,$1.18,,,,,,,,,,,,,
,Rose,Rose Red/Orange - Nina,Agrogana,$1.18,$0.85,$1.18,,,,,,,,,,,,,
,Rose,Rose Orange - Nexus,Agrogana,$1.18,$0.85,$1.18,,,,,,,,,,,,,
,Rose,Rose Purple/Mauve- Govinda,Agrogana,$1.18,$0.85,$1.18,,,,,,,,,,,,,
,Rose,Rose Orange/Yellow- Carumba,Agrogana,$1.18,$0.85,$1.18,,,,,,,,,,,,,
,Rose,Rose Blush - Pink Porcelain,Agrogana,$1.18,$0.85,$1.18,,,,,,,,,,,,,
,Rose,Rose Yellow/Orange - Shine On,Agrogana,$1.18,$0.85,$1.18,,,,,,,,,,,,,
,Rose,Rose Cream/natural - Pompeii,Agrogana,$1.18,$0.85,$1.18,,,,,,,,,,,,,
,Rose,Rose Hot Pink - Mayra's Bright,Agrogana,$1.18,$0.85,$1.18,$0.97,$1.84,,,,,,,,,,,
,Rose,Rose Cream/Blush - Suspiro,Agrogana,$1.18,$0.85,$1.18,,,,,,,,,,,,,
,Rose,Rose White - Playa Blanca,Agrogana,$1.18,$0.85,$1.18,$0.97,$1.84,$2.50,$3.18,,,,,,,,,
,Rose,Rose Blush - Aly,Agrogana,$1.18,$0.85,$1.18,,,,,,,,,,,,,
,Rose,Rose White - Escimo,Agrogana,$1.18,$0.85,$1.18,,,,,,,,,,,,,
,Scabiosa,Scabiosa White - Focal Scoop,Agrogana,$0.78,$0.45,$0.78,,,x,,,,,,,,,,
,Scabiosa,Scabiosa Pink - Focal Scoop Bon Bon Vanilla,Agrogana,$0.78,$0.45,$0.78,$0.83,$1.70,,,,,,,,,,,
,Scabiosa,Scabiosa Lilac - Focal Scoop,Agrogana,$0.78,$0.45,$0.78,,,,,,,,,,,,,
,Scabiosa,Scabiosa Dark Purple - Focal Scoop,Agrogana,$0.78,$0.45,$0.78,$0.83,$1.70,,,,,,,,,,,
,Scabiosa,Scabiosa Dark Pink - Strawberry,Agrogana,$0.78,$0.45,$0.78,$0.83,$1.70,,,,,,,,,,,
,Scabiosa,Scabiosa Burgundy/Purple - Focal Scoop Monster,Agrogana,$0.78,$0.45,$0.78,,,,,,,,,,,,,
,Scabiosa,Scabiosa Purple - Focal Scoop Blackberry,Agrogana,$0.78,$0.45,$0.78,$0.83,$1.70,x,,,,,,,,,,
,Scabiosa,Scabiosa Hot Pink,Agrogana,$0.78,$0.45,$0.78,$0.83,$1.70,,,,,,,,,,,
,Snapdragon,Snapdragon Dark Pink,Agrogana,$0.78,$0.45,$0.78,$0.50,$1.37,$1.35,$2.03,,,,,,,,,
,Snapdragon,Snapdragon Pink,Agrogana,$0.78,$0.45,$0.78,$0.50,$1.37,$1.35,$2.03,,,,,,,,,
,Solidago,Solidago Yellow,Agrogana,$0.59,$0.26,$0.59,$0.50,$1.37,,,,,,,,,,,
,Solomio,Solomio White,Agrogana,$0.59,$0.26,$0.59,,,,,,,,,,,,,
,Solomio,Solomio White - Snow Tessino,Agrogana,$0.59,$0.26,$0.59,,,,,,,,,,,,,
,Solomio,Solomio Blush - Gil,Agrogana,$0.59,$0.26,$0.59,,,,,,,,,,,,,
,Solomio,Solomio Mauve - Bono,Agrogana,$0.59,$0.26,$0.59,$0.32,$1.19,,,,,,,,,,,
,Solomio,Solomio Blush - Cas,Agrogana,$0.59,$0.26,$0.59,,,,,,,,,,,,,
,Specialty Ranunculus,Ranunculus White/Green- Pon Pon Igloo,Agrogana,$1.93,$1.60,$1.93,,,$4.20,$4.88,,,,,,,,,
,Specialty Ranunculus,Ranunculus Blush - Cloni Success Favola,Agrogana,$1.93,$1.60,$1.93,,,$4.20,$4.88,,,,,,,,,
,Specialty Ranunculus,Ranunculus Yellow/cream - Cloni Success Touareg,Agrogana,$1.93,$1.60,$1.93,,,$4.20,$4.88,,,,,,,,,
,Specialty Ranunculus,Ranunculus Orange/Pink - Cloni Success Frangolino,Agrogana,$1.93,$1.60,$1.93,,,$4.20,$4.88,,,,,,,,,
,Specialty Ranunculus,Ranunculus Purple - Cloni Success Renoir,Agrogana,$1.93,$1.60,$1.93,,,$4.20,$4.88,,,,,,,,,
,Specialty Ranunculus,Ranunculus Yellow/Green - Pon Pon Merlino,Agrogana,$1.93,$1.60,$1.93,,,$4.20,$4.88,,,,,,,,,
,Specialty Ranunculus,Ranunculus Orange - Pon Pon Garfield,Agrogana,$1.93,$1.60,$1.93,,,$4.20,$4.88,,,,,,,,,
,Specialty Ranunculus,Ranunculus Pink/Green - Pon Pon Magenta,Agrogana,$1.93,$1.60,$1.93,,,$4.20,$4.88,,,,,,,,,
,Specialty Ranunculus,Ranunculus - Cloni Success Violet,Agrogana,$1.93,$1.60,$1.93,,,$4.20,$4.88,,,,,,,,,
,Specialty Ranunculus,Ranunculus Purple - Cloni Success Nanno Antonio,Agrogana,$1.93,$1.60,$1.93,,,$4.20,$4.88,,,,,,,,,
,Specialty Ranunculus,Ranunculus - Pon Pon Dragonfruit,Agrogana,$1.93,$1.60,$1.93,,,$4.20,$4.88,,,,,,,,,
,Specialty Ranunculus,Ranunculus - Cloni Success Lambada,Agrogana,$1.93,$1.60,$1.93,,,$4.20,$4.88,,,,,,,,,
,Specialty Ranunculus,Ranunculus - Cloni Success Lady Pink,Agrogana,$1.93,$1.60,$1.93,,,$4.20,$4.88,,,,,,,,,
,Specialty Ranunculus,Ranunculus Blush - Cloni Success Hanoi,Agrogana,$1.93,$1.60,$1.93,,,$4.20,$4.88,,,,,,,,,
,Spray Rose,Spray Rose Peach - Harvest Moon,Agrogana,$0.93,$0.60,$0.93,,,,,,,,,,,,,
,Spray Rose,Spray Rose Peach - Bali,Agrogana,$0.93,$0.60,$0.93,,,,,,,,,,,,,
,Spray Rose,Spray Rose Peach- Apricot,Agrogana,$0.93,$0.60,$0.93,,,,,,,,,,,,,
,Spray Rose,Spray Rose White - Floreana,Agrogana,$0.93,$0.60,$0.93,,,,,,,,,,,,,
,Spray Rose,Be Gentle Spray Rose - Blush,Agrogana,$0.93,$0.60,$0.93,,,,,,,,,,,,,
,Spray Rose,Big Dipper Spray Rose - Blush,Agrogana,$0.93,$0.60,$0.93,,,,,,,,,,,,,
,Spray Rose,Spray Rose Pink - Elva,Agrogana,$0.93,$0.60,$0.93,,,,,,,,,,,,,
,Spray Rose,Spray Rose - Blush - Creta,Agrogana,$0.93,$0.60,$0.93,$0.60,$1.47,,,,,,,,,,,
,Spray Rose,Be Loving Spray Rose,Agrogana,$0.93,$0.60,$0.93,,,,,,,,,,,,,
,Spray Rose,Be Kind - White Spray Rose,Agrogana,$0.93,$0.60,$0.93,,,,,,,,,,,,,
,Spray Rose,Spray Rose White- Shining Star,Agrogana,$0.93,$0.60,$0.93,,,,,,,,,,,,,
,Spray Rose,Spray Rose - Candy Blush,Agrogana,$0.93,$0.60,,,,,,,,,,,,,,
,Spray Rose,Spray Rose Red - be Happy,Agrogana,$0.93,$0.60,$0.93,,,,,,,,,,,,,
,Standard Ranunculus,Ranunculus - Yellow Elegance,Agrogana,$1.18,$0.85,$1.18,,,$1.95,$2.63,,,,,,,,,
,Standard Ranunculus,Ranunculus - Red Elegance,Agrogana,$1.18,$0.85,$1.18,,,$1.95,$2.63,,,,,,,,,
,Standard Ranunculus,Ranunculus - Cream Elegance,Agrogana,$1.18,$0.85,$1.18,,,$1.95,$2.63,,,,,,,,,
,Standard Ranunculus,Ranunculus - Ciocolato Elegance,Agrogana,$1.18,$0.85,$1.18,,,$1.95,$2.63,,,,,,,,,
,Standard Ranunculus,Ranunculus - Purple Elegance,Agrogana,$1.18,$0.85,$1.18,,,$1.95,$2.63,,,,,,,,,
,Standard Ranunculus,Ranunculus - Coral Elegance,Agrogana,$1.18,$0.85,$1.18,,,$1.95,$2.63,,,,,,,,,
,Standard Ranunculus,Ranunculus - Green Elegance,Agrogana,$1.18,$0.85,$1.18,,,$1.95,$2.63,,,,,,,,,
,Standard Ranunculus,Ranunculus - Light Pink Elegance,Agrogana,$1.18,$0.85,$1.18,,,$1.95,$2.63,,,,,,,,,
,Standard Ranunculus,Ranunculus Violet,Agrogana,$1.18,$0.85,$1.18,,,$1.95,$2.63,,,,,,,,,
,Standard Ranunculus,Ranunculus - Orange Elegance,Agrogana,$1.18,$0.85,$1.18,,,$1.95,$2.63,,,,,,,,,
,Standard Ranunculus,Ranunculus - Pink Elegance,Agrogana,$1.18,$0.85,$1.18,,,$1.95,$2.63,,,,,,,,,
,Standard Ranunculus,Ranunculus - White Elegance,Agrogana,$1.18,$0.85,$1.18,,,$1.95,$2.63,,,,,,,,,
,Standard Ranunculus,Ranunculus Lavender - Elegance Milka,Agrogana,$1.18,$0.85,$1.18,,,$1.95,$2.63,,,,,,,,,
,Standard Ranunculus,Ranunculus Purple - Elegance Malva,Agrogana,$1.18,$0.85,$1.18,,,$1.95,$2.63,,,,,,,,,
,Standard Ranunculus,Ranunculus - Hot Pink Elegance,Agrogana,$1.18,$0.85,$1.18,,,$1.95,$2.63,,,,,,,,,
,Standard Ranunculus,Ranunculus - Peach Elegance,Agrogana,$1.18,$0.85,$1.18,,,$1.95,$2.63,,,,,,,,,
,Statice,Statice Lavender/Lilac,Agrogana,$0.78,$0.45,$0.78,,,,,,,,,,,,,
,Statice,Statice White,Agrogana,$0.78,$0.45,$0.78,$0.56,$1.43,,,,,,,,,,,
,Statice,Statice Pink,Agrogana,$0.78,$0.45,$0.78,,,,,,,,,,,,,
,Statice,Statice Purple,Agrogana,$0.78,$0.45,$0.78,$0.56,$1.43,,,,,,,,,,,
,Tinted Statice,Tinted Statice - Light Blue,Agrogana,$1.08,$0.75,,,,,,,,,,,,,,
,Stock,Stock Hot Pink,Agrogana,$0.78,$0.45,$0.78,,,,,,,,,,,,,
,Stock,Stock White,Agrogana,$0.78,$0.45,$0.78,,,,,,,,,,,,,
,Stock,Stock Cream/yellow,Agrogana,$0.78,$0.45,$0.78,,,,,,,,,,,,,
,Stock,Pink Stock,Agrogana,$0.78,$0.45,$0.78,,,,,,,,,,,,,
,Stock,Stock Dark Purple,Agrogana,$0.78,$0.45,$0.78,,,,,,,,,,,,,
,Stock,Stock Peach,Agrogana,$0.78,$0.45,$0.78,,,,,,,,,,,,,
,Stock,Stock Light Pink,Agrogana,$0.78,$0.45,$0.78,,,,,,,,,,,,,
,Stock,Stock Lavender,Agrogana,$0.78,$0.45,$0.78,,,,,,,,,,,,,
,Sunflower,Sunflower Vincent,Agrogana,$0.75,$0.42,$0.75,$0.68,$1.55,,,,,,,,,,,
,Tinted Anemone,Anemone - Tinted Caramel,Agrogana,$1.48,$1.15,$1.48,,,,,,,,,,,,,
,Tinted Baby's Breath,Baby's Breath - Light Pink Tint,Agrogana,$1.43,$1.10,$1.43,,,,,,,,,,,,,
,Tinted Baby's Breath,Baby's Breath - Purple Tint,Agrogana,$1.43,$1.10,$1.43,,,,,,,,,,,,,
,Tinted Baby's Breath,Baby's Breath - Copper Tint,Agrogana,$1.43,$1.10,$1.43,,,,,,,,,,,,,
,Tinted Baby's Breath,Baby's Breath - Raspberry Tint,Agrogana,$1.43,$1.10,$1.43,,,,,,,,,,,,,
,Tinted Baby's Breath,Baby's Breath - Cafe Au Lait Tint,Agrogana,$1.43,$1.10,$1.43,,,,,,,,,,,,,
,Tinted Baby's Breath,Baby's Breath Apricot Tint,Agrogana,$1.43,$1.10,$1.43,,,,,,,,,,,,,
,Tinted Baby's Breath,Baby's Breath - Orange Tint,Agrogana,$1.43,$1.10,$1.43,,,,,,,,,,,,,
,Tinted Baby's Breath,Baby's Breath - Fuschia Tint,Agrogana,$1.43,$1.10,$1.43,,,,,,,,,,,,,
,Tinted Baby's Breath,Baby's Breath - Lavender Tint,Agrogana,$1.43,$1.10,$1.43,,,,,,,,,,,,,
,Tinted Baby's Breath,Baby's Breath Crimson Tinted,Agrogana,$1.43,$1.10,$1.43,,,,,,,,,,,,,
,Tinted Baby's Breath,Light Blue Tinted Baby's Breath,Agrogana,$1.43,$1.10,$1.43,,,,,,,,,,,,,
,Tinted Limonium,Gold Painted Limonium,Agrogana,$1.08,$0.75,$1.08,,,,,,,,,,,,,
,Tinted Limonium,Limonium - Red Tint,Agrogana,$1.08,$0.75,$1.08,,,,,,,,,,,,,
,Tinted Limonium,Limonium - Cinnamon Tinted,Agrogana,$1.08,$0.75,$1.08,,,,,,,,,,,,,
,Tinted Limonium,Limonium - Chocolate Brown Tint,Agrogana,$1.08,$0.75,$1.08,,,,,,,,,,,,,
,Tinted Limonium,Limonium - Hot Pink Tint,Agrogana,$1.08,$0.75,$1.08,,,,,,,,,,,,,
,Tinted Limonium,Limonium Peach Tint,Agrogana,$1.08,$0.75,$1.08,,,,,,,,,,,,,
,Tinted Limonium,Limonium Yellow Tint,Agrogana,$1.08,$0.75,$1.08,,,,,,,,,,,,,
,Tinted Limonium,Limonium - Pumpkin Orange Tint,Agrogana,$1.08,$0.75,$1.08,,,,,,,,,,,,,
,Tinted Ranunculus,Ranunculus - Tinted Amnesia,Agrogana,$1.52,$1.19,$1.52,,,,,,,,,,,,,
,Tinted Ranunculus,Tinted Ranunculus - Blue,Agrogana,$1.52,$1.19,$1.52,,,,,,,,,,,,,
,Tinted Ranunculus,Ranunculus - Tinted Caramel,Agrogana,$1.52,$1.19,$1.52,,,,,,,,,,,,,
,Trachelium,Trachelium - Corine Light Blue,Agrogana,$0.78,$0.45,,,,,,,,,,,,,,
,Veronica,Veronica Blue/ Purple,Agrogana,$0.59,$0.26,$0.59,$0.75,$1.62,,,,,,,,,,,
,Veronica,Veronica White,Agrogana,$0.59,$0.26,$0.59,$0.75,$1.62,,,,,,,,,,,
,Veronica,Veronica Pink,Agrogana,$0.59,$0.26,$0.59,$0.75,$1.62,,,,,,,,,,,
,Amaranthus,Amaranthus - Autumn Touch Plume,DELETE,,,,,,,,,,,,,,,,
,Amaranthus,Amaranthus - Hopi Red,DELETE,,,,,,,,,,,,,,,,
,Anemone,Coral Anemone,DELETE,,,,,,,,,,,,,,,,
,Anemone,Rainbow Milky Anemone - White W Green Center,DELETE,,,,,,,,,,,,,,,,
,Anthurium,Anthurium Green - Extase,DELETE,,,,,,,,,,,,,,,,
,Anthurium,Anthurium- Midori Green,DELETE,,,,,,,,,,,,,,,,
,Anthurium,Anthurium Brown,DELETE,,,,,,,,,,,,,,,,
,Anthurium,Anthurium Pink - Xavia Cerise,DELETE,,,,,,,,,,,,,,,,
,Anthurium,Anthurium - Fantasia,DELETE,,,,,,,,,,,,,,,,
,Anthurium,Anthurium Burgundy,DELETE,,,,,,,,,,,,,,,,
,Anthurium,Anthurium Terracotta - Siena,DELETE,,,,,,,,,,,,,,,,
,Astilbe,Astilbe Brown,DELETE,,,,,,,,,,,,,,,,
,Calla,Calla - Red Charm,DELETE,,,,,,,,,,,,,,,,
,Carnation,Terracotta Carnation,DELETE,,,,,,,,,,,,,,,,
,Chrysanthemum,Spider Mum Pink/Green - Baltazar,DELETE,,,,,,,,,,,,,,,,
,Chrysanthemum,ENJO Spray Mum,DELETE,,,,,,,,,,,,,,,,
,Chrysanthemum,Cremon Gold - Fuego,DELETE,,,,,,,,,,,,,,,,
,Cosmos,Do Not Use- Apricot Lemonade Cosmo,DELETE,,,,,,,,,,,,,,,,
,Cosmos,Apricot Lemonade Cosmos,DELETE,,,,,,,,,,,,,,,,
,Cosmos,Cosmos Chocolate,DELETE,,,,,,,,,,,,,,,,
,Dahlia,Dahlia Pink/Coral - Linda's Baby- GV,DELETE,,,,,,,,,,,,,,,,
,Dahlia,Dahlia Terra Cotta- Cornel Bronze- GV,DELETE,,,,,,,,,,,,,,,,
,Dahlia,Dahlia Burgundy- Cornel- GV,DELETE,,,,,,,,,,,,,,,,
,Dahlia,Dahlia Blush- Sweet Nathalie- GV,DELETE,,,,,,,,,,,,,,,,
,Dahlia,Dahlia Orange - Sylvia- GV,DELETE,,,,,,,,,,,,,,,,
,Dahlia,Dahlia Orange - Renata Tozio -GV,DELETE,,,,,,,,,,,,,,,,
,Dahlia,Dahlia Burgundy2,DELETE,,,,,,,,,,,,,,,,
,Dahlia,Dahlia Black,DELETE,,,,,,,,,,,,,,,,
,Dahlia,Dahlia White - Ball,DELETE,,,,,,,,,,,,,,,,
,Delphinium,Delphinium Purple Hybrid,DELETE,,,,,,,,,,,,,,,,
,Delphinium,Delphinium White - Hybrid,DELETE,,,,,,,,,,,,,,,,
,Dried,Dried Bunny Tail Black,DELETE,,,,,,,,,,,,,,,,
,Dried,Dried - Palm Fan Large,DELETE,,,,,,,,,,,,,,,,
,Dried,Dried - Anahaw Palm,DELETE,,,,,,,,,,,,,,,,
,Dried,Dried - Bunny Tail Orange,DELETE,,,,,,,,,,,,,,,,
,Dried,Dried - Lavender Per Bunch,DELETE,,,,,,,,,,,,,,,,
,Dried,Dried - Yellow Yarrow,DELETE,,,,,,,,,,,,,,,,
,Dried,Light Blue Bunny Tails,DELETE,,,,,,,,,,,,,,,,
,Dried,Magic- Bunny Tails Copper,DELETE,,,,,,,,,,,,,,,,
,Dried,Bunny Tail - Green Grass,DELETE,,,,,,,,,,,,,,,,
,Garden Rose,Garden Rose Blush- Senlistu,DELETE,,,,,,,,,,,,,,,,
,Garden Rose,Garden Rose Blush- Hoshi,DELETE,,,,,,,,,,,,,,,,
,Hydrangea,Hydrangea - Antique Green,DELETE,,,,,,,,,,,,,,,,
,Hydrangea,Hydrangea Blush - Dutch,DELETE,,,,,,,,,,,,,,,,
,Hydrangea,Hydrangea Light/Medium Pink - Magic,DELETE,,,,,,,,,,,,,,,,
,Hydrangea,Hydrangea White - Select,DELETE,,,,,,,,,,,,,,,,
,Hydrangea,Hydrangea White - Jumbo,DELETE,,,,,,,,,,,,,,,,
,Hydrangea,Hydrangea White Medium,DELETE,,,,,,,,,,,,,,,,
,Hydrangea,Limelight Antique Hydrangea,DELETE,,,,,,,,,,,,,,,,
,Hydrangea,Hydrangea Purple,DELETE,,,,,,,,,,,,,,,,
,Hypericum,Hypericum Black,DELETE,,,,,,,,,,,,,,,,
,Kangaroo Paw,Kangaroo Paw Pink- GV,DELETE,,,,,,,,,,,,,,,,
,Larkspur,Blue Larkspur,DELETE,,,,,,,,,,,,,,,,
,Limonium,Magic- Limonium Copper,DELETE,,,,,,,,,,,,,,,,
,Limonium,Limonium Purple,DELETE,,,,,,,,,,,,,,,,
,Lisianthus,Lisianthus Dark/Hot Pink,DELETE,,,,,,,,,,,,,,,,
,Mini Carnation,Mini Carnation-Estacion Beige,DELETE,,,,,,,,,,,,,,,,
,Mini Carnation,rust mini carnation,DELETE,$1.28,,,,,$0.60,$1.28,,,,,,,,,
,Mountain Mint,Mountain Mint,DELETE,,,,,,,,,,,,,,,,
,Orchid,Cymbidium lucifer,DELETE,,,,,,,,,,,,,,,,
,Orchid,Earthly Orchids- White Phals,DELETE,,,,,,,,,,,,,,,,
,Orchid,Orchid Orange - Mokara,DELETE,,,,,,,,,,,,,,,,
,Orchid,Orchid Red - James Story,DELETE,,,,,,,,,,,,,,,,
,Peony,Peony Hot Pink - Alexander Flemming,DELETE,,,,,,,,,,,,,,,,
,Peony,Peony Pink/Blush - Sarah Bernhardt,DELETE,,,,,,,,,,,,,,,,
,Poppy,White Poppy (speciality stem!!!),DELETE,,,,,,,,,,,,,,,,
,Preserved,Preserved Baby's Breath,DELETE,,,,,,,,,,,,,,,,
,Preserved,Preserved Pampas Grass Black,DELETE,,,,,,,,,,,,,,,,
,Preserved,Preserved - Italian Ruscus Bronze,DELETE,,,,,,,,,,,,,,,,
,Rose,Dyed Blue Rose,DELETE,,,,,,,,,,,,,,,,
,Rose,Garden Rose,DELETE,,,,,,,,,,,,,,,,
,Rose,Rose Cream- Buttercup,DELETE,,,,,,,,,,,,,,,,
,Rose,Marvel,DELETE,,,,,,,,,,,,,,,,
,Rose,Ebb Tide Rose,DELETE,,,,,,,,,,,,,,,,
,Rose,Breezer Rose,DELETE,,,,,,,,,,,,,,,,
,Rose,Lime Green Totem Rose,DELETE,,,,,,,,,,,,,,,,
,Rose,Rose Yellow - Lighthouse,DELETE,,,,,,,,,,,,,,,,
,Rose,Coral Expression Rose,DELETE,,,,,,,,,,,,,,,,
,Rose,Shimmer Siser,DELETE,,,,,,,,,,,,,,,,
,Rose,Rose - Playa Blanca (Mayesh),DELETE,,,,,,,,,,,,,,,,
,Scabiosa,Scabiosa Pink - Marshmallow Scoop,DELETE,,,,,,,,,,,,,,,,
,Scabiosa,Scabiosa White - Scoop Milky,DELETE,,,,,,,,,,,,,,,,
,Scabiosa,Scabiosa Pink - Scoop Candy,DELETE,,,,,,,,,,,,,,,,
,Scabiosa,Scabiosa Purple/White - Scoop Cherry Vanilla,DELETE,,,,,,,,,,,,,,,,
,Scabiosa,Scabiosa Pink - Scoop Raspberry,DELETE,,,,,,,,,,,,,,,,
,Scabiosa,Scabiosa Purple/Fuschia - Scoop Red Velvet,DELETE,,,,,,,,,,,,,,,,
,Scabiosa,Scabiosa Blush - Focal Scoop Hanoi,DELETE,,,,,,,,,,,,,,,,
,Sigchan,Sigchan,DELETE,,,,,,,,,,,,,,,,
,Spray Rose,Cozumel Spray Rose - Dusty Pink,DELETE,,,,,,,,,,,,,,,,
,Spray Rose,Spray Rose Beige- Cappuccino,DELETE,,,,,,,,,,,,,,,,
,Spray Rose,Spray Rose Brown,DELETE,,,,,,,,,,,,,,,,
,Spray Rose,Spray Rose Lime Yellow - Limoncello,DELETE,,,,,,,,,,,,,,,,
,Spray Rose,Spray Rose Orange- Lava Sensation,DELETE,,,,,,,,,,,,,,,,
,Succulent,Succulent - Blue Rose,DELETE,,,,,,,,,,,,,,,,
,Succulent,Succulent - Echeveria Grey Red,DELETE,,,,,,,,,,,,,,,,
,Sunflower,Sunflower - Agrogana,DELETE,,,,,,,,,,,,,,,,
,Sweet Pea,Sweet Pea Tendrils,DELETE,,,,,,,,,,,,,,,,
,Tulip,French Brownie Tulip,DELETE,,,,,,,,,,,,,,,,
,Tulip,Tulip Dyed Brown,DELETE,,,,,,,,,,,,,,,,
,Tulip,Tulip Orange - Monte Double,DELETE,,,,,,,,,,,,,,,,
,Tulip,Tulip Purple - Queen Of The Night,DELETE,,,,,,,,,,,,,,,,
,Veronica,Veronica - Skyler White,DELETE,,,,,,,,,,,,,,,,
,Orchid,Phalaenopsis Orchid Spray White 6-9 Blooms,Earthly Orchids,$20.56,,,,,$26.50,$27.18,,,$15.00,$20.56,,,,,
,Orchid,Earthly Orchids- Phal Pink-Lianher Red Apple,Earthly Orchids,$20.56,,,,,,,,,$15.00,$20.56,,,,,
,Alstroemeria,80cm Alstroemeria White - Whistler,Golden,$1.42,,,$0.55,$1.42,,,,,,,,,,,
,Alstroemeria,Alstroemeria Lavender - Mila,Golden,$1.42,,,$0.55,$1.42,,,,,,,,,,,
,Alstroemeria,Alstroemeria Yellow/Orange - Cocktail,Golden,$1.42,,,$0.55,$1.42,,,,,,,,,,,
,Alstroemeria,Alstroemeria Lavender - Platina,Golden,$1.42,,,$0.55,$1.42,,,,,,,,,,,
,Alstroemeria,Alstroemeria Blush - Dubai,Golden,$1.42,,,$0.55,$1.42,,,,,,,,,,,
,Alstroemeria,Alstroemeria Hot Pink - Alegria,Golden,$1.42,,,$0.55,$1.42,,,,,,,,,,,
,Alstroemeria,Alstroemeria Peach - Lorena,Golden,$1.42,,,$0.55,$1.42,,,,,,,,,,,
,Alstroemeria,Alstroemeria Purple - Xanadu,Golden,$1.42,,,$0.55,$1.42,,,,,,,,,,,
,Alstroemeria,Alstroemeria - Intenz Pink,Golden,$1.42,,,$0.55,$1.42,,,,,,,,,,,
,Alstroemeria,Alstroemeria White - Whistler,Golden,$1.42,,,$0.55,$1.42,,,,,,,,,,,
,Alstroemeria,Alstroemeria Purple/Fuschia - Napoli,Golden,$1.42,,,$0.55,$1.42,,,,,,,,,,,
,Alstroemeria,Alstroemeria Lavender - Galaxy,Golden,$1.42,,,$0.55,$1.42,,,,,,,,,,,
,Alstroemeria,Alstroemeria Purple/Fuschia- Velvet Queen,Golden,$1.42,,,$0.55,$1.42,,,,,,,,,,,
,Aster,Aster - White Chelsea,Golden,$1.32,,,$0.45,$1.32,$1.05,$1.73,,,,,,,,,
,Aster,Aster - Purple Monarch,Golden,$1.32,,,$0.45,$1.32,,,,,,,,,,,
,Aster,Aster Lavender -Isabella,Golden,$1.32,,,$0.45,$1.32,,,,,,,,,,,
,Baby's Breath,Baby's Breath White - Cosmic,Golden,$1.59,,,$0.72,$1.59,,,,,,,,,,,
,Baby's Breath,Baby's Breath White - Wild Pearl,Golden,$1.59,,,$0.72,$1.59,,,,,,,,,,,
,Calla,Calla Lily - White,Golden,$1.97,,,$1.10,$1.97,,,,,,,,,,,
,Calla,Calla Lily - Flamingo,Golden,$1.97,,,$1.10,$1.97,,,,,,,,,,,
,Campanula,Campanula Lavender,Golden,$1.55,,,$0.68,$1.55,,,,,,,,,,,
,Campanula,Campanula White,Golden,$1.55,,,$0.68,$1.55,,,,,,,,,,,
,Campanula,Campanula Pink,Golden,$1.55,,,$0.68,$1.55,,,,,,,,,,,
,Campanula,Campanula Dark Purple,Golden,$1.55,,,$0.68,$1.55,,,,,,,,,,,
,Carnation,Carnation Orange/yellow - Boiro,Golden,$1.22,,,$0.35,$1.22,,,,,,,,,,,
,Carnation,Carnation Purple - Minerva,Golden,$1.22,,,$0.35,$1.22,,,,,,,,,,,
,Carnation,Carnation Orange - Megan,Golden,$1.22,,,$0.35,$1.22,,,,,,,,,,,
,Carnation,Carnation Yellow - Diletta,Golden,$1.22,,,$0.35,$1.22,,,,,,,,,,,
,Carnation,Carnation Purple/ Fuchsia - Zafiro,Golden,$1.22,,,$0.35,$1.22,,,,,,,,,,,
,Carnation,Carnation Red - Norku,Golden,$1.22,,,$0.35,$1.22,,,,,,,,,,,
,Carnation,Carnation Purple/blush - Alicia,Golden,$1.22,,,$0.35,$1.22,,,,,,,,,,,
,Carnation,Carnation Blush - Mizuky,Golden,$1.22,,,$0.35,$1.22,,,,,,,,,,,
,Carnation,Carnation - Nobbio Burgundy,Golden,$1.22,,,$0.35,$1.22,,,,,,,,,,,
,Carnation,Carnation Pink - Bubblicious,Golden,$1.22,,,$0.35,$1.22,,,,,,,,,,,
,Carnation,Carnation Burgundy - Caronte,Golden,$1.22,,,$0.35,$1.22,,,,,,,,,,,
,Carnation,Carnation Burgundy - Nobbio Black Heart,Golden,$1.22,,,$0.35,$1.22,,,,,,,,,,,
,Carnation,Carnation White - Igloo,Golden,$1.22,,,$0.35,$1.22,,,,,,,,,,,
,Carnation,Carnation Hot Pink - Bizet,Golden,$1.22,,,$0.35,$1.22,,,,,,,,,,,
,Carnation,Carnation - Caramel,Golden,$1.22,,,$0.35,$1.22,,,,,,,,,,,
,Carnation,Carnation Light Yellow - Gioele,Golden,$1.22,,,$0.35,$1.22,,,,,,,,,,,
,Carnation,Carnation Hot Pink - Zeppelin,Golden,$1.22,,,$0.35,$1.22,,,,,,,,,,,
,Carnation,Carnation - Orange Flame,Golden,$1.22,,,$0.35,$1.22,,,,,,,,,,,
,Carnation,Carnation Fuschia - Golem,Golden,$1.22,,,$0.35,$1.22,,,,,,,,,,,
,Carnation,Carnation Lavender - Prinz,Golden,$1.22,,,$0.35,$1.22,,,,,,,,,,,
,Carnation,Carnation Mauve - Mohave,Golden,$1.22,,,$0.35,$1.22,,,,,,,,,,,
,Chrysanthemum,Cremon Lavender - Carina,Golden,$1.35,,,$0.48,$1.35,,,,,,,,,,,
,Chrysanthemum,Cremon Mum White- Maisy,Golden,$1.35,,,$0.48,$1.35,,,,,,,,,,,
,Chrysanthemum,Cremon Purple - Bachatta,Golden,$1.35,,,$0.48,$1.35,,,,,,,,,,,
,Chrysanthemum,Cremon - Copper,Golden,$1.35,,,$0.48,$1.35,,,,,,,,,,,
,Chrysanthemum,Cremon Lavender - Petruska,Golden,$1.35,,,$0.48,$1.35,,,,,,,,,,,
,Chrysanthemum,Cremon Peach - Linette,Golden,$1.35,,,$0.48,$1.35,$1.35,$2.03,,,,,,,,,
,Chrysanthemum,Cremon Red - Tornado,Golden,$1.35,,,$0.48,$1.35,,,,,,,,,,,
,Chrysanthemum,Cremon Red - Rosseta,Golden,$1.35,,,$0.48,$1.35,,,,,,,,,,,
,Chrysanthemum,Cremon Mum Purple - Densa,Golden,$1.35,,,$0.48,$1.35,,,,,,,,,,,
,Chrysanthemum,Cremon Yellow -Zembla Sunny,Golden,$1.35,,,$0.48,$1.35,,,,,,,,,,,
,Chrysanthemum,Chrysanthemum Zembla,Golden,$1.35,,,$0.48,$1.35,,,,,,,,,,,
,Chrysanthemum,Cremon Blush - Rossano,Golden,$1.35,,,$0.48,$1.35,,,,,,,,,,,
,Chrysanthemum,Cremon Blush - Candyfloss,Golden,$1.35,,,$0.48,$1.35,,,,,,,,,,,
,Chrysanthemum,Spider Mum Bronze - Chispa,Golden,$1.35,,,$0.48,$1.35,,,,,,,,,,,
,Chrysanthemum,Spider Mum Bronze - Alis,Golden,$1.35,,,$0.48,$1.35,,,,,,,,,,,
,Chrysanthemum,Spider Mum Bronze - Flambeau,Golden,$1.35,,,$0.48,$1.35,,,,,,,,,,,
,Chrysanthemum,Spider Mum Yellow,Golden,$1.35,,,$0.48,$1.35,,,,,,,,,,,
,Chrysanthemum,Super Mum Yellow - Astroid,Golden,$1.35,,,$0.48,$1.35,,,,,,,,,,,
,Chrysanthemum,Mum Ball Red - Testarossa,Golden,$1.35,,,$0.48,$1.35,,,,,,,,,,,
,Chrysanthemum,Mum Ball Bronze - Chivas Dark,Golden,$1.35,,,$0.48,$1.35,,,,,,,,,,,
,Chrysanthemum,Mum Ball White - Evidence,Golden,$1.35,,,$0.48,$1.35,,,,,,,,,,,
,Chrysanthemum,Mum Ball Purple - Lychee,Golden,$1.35,,,$0.48,$1.35,,,,,,,,,,,
,Chrysanthemum,Mum Ball Orange - Chivas,Golden,$1.35,,,$0.48,$1.35,,,,,,,,,,,
,Chrysanthemum,Super Mum Yellow - Sirena,Golden,$1.35,,,$0.48,$1.35,,,,,,,,,,,
,Chrysanthemum,Mum Ball Yellow - Totumo,Golden,$1.35,,,$0.48,$1.35,,,,,,,,,,,
,Chrysanthemum,Super Mum Lavender - Single Lady Dark,Golden,$1.35,,,$0.48,$1.35,,,,,,,,,,,
,Chrysanthemum,Mum Ball Bronze - Mochi Bronze,Golden,$1.35,,,$0.48,$1.35,,,,,,,,,,,
,Chrysanthemum,Mum White - Vladimir,Golden,$1.35,,,$0.48,$1.35,,,,,,,,,,,
,Chrysanthemum,Mum Ball - Mochi,Golden,$1.35,,,$0.48,$1.35,,,,,,,,,,,
,Chrysanthemum,Alemani Mum Ball - Green,Golden,$1.35,,,$0.48,$1.35,,,,,,,,,,,
,Delphinium,Delphinium Blue - Sunshine,Golden,$1.65,,,$0.78,$1.65,,,,,,,,,,,
,Delphinium,Delphinium Light Blue- Sky Waltz,Golden,$1.65,,,$0.78,$1.65,,,,,,,,,,,
,Delphinium,Delphinium Blue- Sea Waltz,Golden,$1.65,,,$0.78,$1.65,,,,,,,,,,,
,Dianthus,Dianthus Pink - Parzival Lancelot,Golden,$1.55,,,$0.68,$1.55,,,,,,,,,,,
,Dianthus,Dianthus Burgundy - Breathus Jolly,Golden,$1.55,,,$0.68,$1.55,,,,,,,,,,,
,Eryngium,Thistle Eryngium - Blue Ice,Golden,$1.67,,,$0.80,$1.67,$1.50,$2.18,,,,,,,,,
,Godetia,Godetia Pink,Golden,$1.35,,,$0.48,$1.35,,,,,,,,,,,
,Godetia,Godetia Dark Pink,Golden,$1.35,,,$0.48,$1.35,,,,,,,,,,,
,Godetia,Godetia Lavender,Golden,$1.35,,,$0.48,$1.35,,,,,,,,,,,
,Godetia,Godetia Orange,Golden,$1.35,,,$0.48,$1.35,,,,,,,,,,,
,Godetia,Godetia White,Golden,$1.35,,,$0.48,$1.35,,,,,,,,,,,
,Hydrangea,Hydrangea White - Madame Emily,Golden,$2.07,,,$1.20,$2.07,,,,,,,,,,,
,Hydrangea,Hydrangea - Baby Green,Golden,$2.07,,,$1.20,$2.07,,,,,,,,,,,
,Hydrangea,Hydrangea Green - Esmeralda,Golden,$2.07,,,$1.20,$2.07,,,,,,,,,,,
,Hydrangea,Hydrangea Blue - Shocking Blue,Golden,$2.07,,,$1.20,$2.07,,,,,,,,,,,
,Hydrangea,Hydrangea - Lime Green,Golden,$2.07,,,$1.20,$2.07,,,,,,,,,,,
,Liatris,Liatris Purple,Golden,$1.36,,,$0.49,$1.36,,,,,,,,,,,
,Lily Hybrid,Asiatic Lily White -Richmond,Golden,$1.82,,,$0.95,$1.82,,,,,,,,,,,
,Lily Hybrid,Lily Orange - Amiga,Golden,$1.82,,,$0.95,$1.82,,,,,,,,,,,
,Lily Oriental,Oriental Lily Pink - Joop,Golden,$2.52,,,$1.65,$2.52,,,,,,,,,,,
,Lily Oriental,Oriental Lily White- Sambuca,Golden,$2.52,,,$1.65,$2.52,,,,,,,,,,,
,Lily Oriental,Oriental Lily White,Golden,$2.52,,,$1.65,$2.52,$2.95,$3.63,,,,,,,,,
,Limonium,Limonium - Misty White,Golden,$1.67,,,$0.80,$1.67,$2.00,$2.68,,,,,,,,,
,Micro Pompons,Micro Pompons Yellow - Molly,Golden,$1.15,,,$0.28,$1.15,,,,,,,,,,,
,Micro Pompons,Micro Pompons Pink/lavender - Dotty Pink,Golden,$1.15,,,$0.28,$1.15,,,,,,,,,,,
,Micro Pompons,Micro Pompons Yellow - Candy Crush,Golden,$1.15,,,$0.28,$1.15,,,,,,,,,,,
,Micro Pompons,Micro Pompons Purple - Candy Crush,Golden,$1.15,,,$0.28,$1.15,,,,,,,,,,,
,Micro Pompons,Micro Pompons Bronze - Oro,Golden,$1.15,,,$0.28,$1.15,,,,,,,,,,,
,Micro Pompons,Micro Pompons Bronze - Pancras Dark,Golden,$1.15,,,$0.28,$1.15,,,,,,,,,,,
,Micro Pompons,Micro Pompons Red- Candy Crush,Golden,$1.15,,,$0.28,$1.15,,,,,,,,,,,
,Micro Pompons,Micro Pompons White - Candy Crush,Golden,$1.15,,,$0.28,$1.15,,,,,,,,,,,
,Micro Pompons,Micro Pompons Green - Candy Crush Mint,Golden,$1.15,,,$0.28,$1.15,,,,,,,,,,,
,Micro Pompons,Micro Pompons White - Katy,Golden,$1.15,,,$0.28,$1.15,,,,,,,,,,,
,Mini Carnation,Mini Carnation Purple/Fuschia - Epsilon,Golden,$1.16,,,$0.29,$1.16,,,,,,,,,,,
,Mini Carnation,Mini Carnation White - Selene,Golden,$1.16,,,$0.29,$1.16,,,,,,,,,,,
,Mini Carnation,Mini Carnation Orange/yellow - Rafflessia,Golden,$1.16,,,$0.29,$1.16,,,,,,,,,,,
,Mini Carnation,Mini Carnation Beige/blush - Masquerade,Golden,$1.16,,,$0.29,$1.16,,,,,,,,,,,
,Mini Carnation,Mini Carnation Red - Scarlette,Golden,$1.16,,,$0.29,$1.16,,,,,,,,,,,
,Mini Carnation,Mini Carnation Blush - Academy,Golden,$1.16,,,$0.29,$1.16,,,,,,,,,,,
,Mini Carnation,Mini Carnation Pink/white - Cherry Tessino,Golden,$1.16,,,$0.29,$1.16,,,,,,,,,,,
,Mini Carnation,Mini Carnation Burgundy - Chateau,Golden,$1.16,,,$0.29,$1.16,,,,,,,,,,,
,Mini Carnation,Mini Carnation Hot Pink - Pigeon,Golden,$1.16,,,$0.29,$1.16,,,,,,,,,,,
,Mini Carnation,Mini Carnation Light Yellow - Gold Strike,Golden,$1.16,,,$0.29,$1.16,,,,,,,,,,,
,Mini Carnation,Mini Carnation - Vega,Golden,$1.16,,,$0.29,$1.16,,,,,,,,,,,
,Mini Carnation,Mini Carnation - Berry,Golden,$1.16,,,$0.29,$1.16,,,,,,,,,,,
,Pompon Cushion,Pompon Cushion Peach - Veronica Peach,Golden,$1.27,,,$0.40,$1.27,,,,,,,,,,,
,Pompon Cushion,Pompon Cushion - Creme Brulee,Golden,$1.27,,,$0.40,$1.27,,,,,,,,,,,
,Pompon Cushion,Pompon Cushion Bronze - Prinz,Golden,$1.27,,,$0.40,$1.27,,,,,,,,,,,
,Pompon Cushion,Pompon Cushion Dark Bronze - Tusca,Golden,$1.27,,,$0.40,$1.27,,,,,,,,,,,
,Pompon Cushion,Pompon Cushion Light Bronze/Yellow- Timber,Golden,$1.27,,,$0.40,$1.27,,,,,,,,,,,
,Pompon Cushion,Pompon Cushion Red - Testarossa,Golden,$1.27,,,$0.40,$1.27,,,,,,,,,,,
,Pompon Cushion,Pompon Cushion - Copper,Golden,$1.27,,,$0.40,$1.27,,,,,,,,,,,
,Pompon Cushion,Pompon Cushion Lavender - Trissia,Golden,$1.27,,,$0.40,$1.27,,,,,,,,,,,
,Pompon Cushion,Pompon Cushion Lavender- Roselle,Golden,$1.27,,,$0.40,$1.27,,,,,,,,,,,
,Pompon Cushion,Pompon Cushion Light Bronze/Yellow - Sunkiss,Golden,$1.27,,,$0.40,$1.27,,,,,,,,,,,
,Pompon Cushion,Pompon Cushion Lavender - Mystery,Golden,$1.27,,,$0.40,$1.27,,,,,,,,,,,
,Pompon Cushion,Pompon Cushion Purple - Cresta,Golden,$1.27,,,$0.40,$1.27,,,,,,,,,,,
,Pompon Cushion,Pompon Cushion Red - Chianti,Golden,$1.27,,,$0.40,$1.27,,,,,,,,,,,
,Pompon Cushion,Pompon Cushion Purple- Delirock,Golden,$1.27,,,$0.40,$1.27,,,,,,,,,,,
,Pompon Daisy,Pompon Daisy Pink - Plasma,Golden,$1.27,,,$0.40,$1.27,,,,,,,,,,,
,Pompon Daisy,Pompon Daisy - Amethyst,Golden,$1.27,,,$0.40,$1.27,,,,,,,,,,,
,Pompon Daisy,Pompon Daisy Light Bronze - Ribbon,Golden,$1.27,,,$0.40,$1.27,,,,,,,,,,,
,Pompon Daisy,Pompon Daisy Yellow - Zippo,Golden,$1.27,,,$0.40,$1.27,,,,,,,,,,,
,Pompon Daisy,Pompon Daisy Pink - Aquarel Pink,Golden,$1.27,,,$0.40,$1.27,,,,,,,,,,,
,Pompon Daisy,Pompon Daisy Purple/Fuschia- Uvita,Golden,$1.27,,,$0.40,$1.27,,,,,,,,,,,
,Pompon Daisy,Pompon Daisy White - Atlantis,Golden,$1.27,,,$0.40,$1.27,,,,,,,,,,,
,Pompon Daisy,Pompon Daisy Orange - Colorado Springs,Golden,$1.27,,,$0.40,$1.27,,,,,,,,,,,
,Pompon Daisy,Pompon Daisy Pink - Painter,Golden,$1.27,,,$0.40,$1.27,,,,,,,,,,,
,Pompon Novelty,Pompon Novelty Lavender - Shortcake,Golden,$1.27,,,$0.40,$1.27,,,,,,,,,,,
,Pompon Novelty,Pompon Novelty White - Mark Twain,Golden,$1.27,,,$0.40,$1.27,,,,,,,,,,,
,Pompon Novelty,Pompon Novelty- Aipom,Golden,$1.27,,,$0.40,$1.27,,,,,,,,,,,
,Pompon Novelty,Pompon Novelty Light Bronze - Sunball,Golden,$1.27,,,$0.40,$1.27,,,,,,,,,,,
,Pompon Novelty,Pompon Novelty White - Mont Blanc,Golden,$1.27,,,$0.40,$1.27,,,,,,,,,,,
,Pompon Novelty,Pompon Novelty Bronze - Lexy,Golden,$1.27,,,$0.40,$1.27,,,,,,,,,,,
,Pompon Novelty,Pompon Novelty Light Bronze - Pumpkin,Golden,$1.27,,,$0.40,$1.27,,,,,,,,,,,
,Raffine,Raffine - Black Jack,Golden,$1.19,,,$0.32,$1.19,,,,,,,,,,,
,Raffine,Raffine - Thia,Golden,$1.19,,,$0.32,$1.19,,,,,,,,,,,
,Raffine,Raffine - Milou,Golden,$1.19,,,$0.32,$1.19,,,,,,,,,,,
,Raffine,Raffine - Petit Uzu,Golden,$1.19,,,$0.32,$1.19,,,,,,,,,,,
,Raffine,Raffine Faye,Golden,$1.19,,,$0.32,$1.19,,,,,,,,,,,
,Raffine,RAFFINE PETIT ODILE - LAVENDER,Golden,$1.19,,,$0.32,$1.19,,,,,,,,,,,
,Rose,Rose Peach -Ameli,Golden,$1.84,,,$0.97,$1.84,,,,,,,,,,,
,Rose,Rose Blush - Blessing,Golden,$1.84,,,$0.97,$1.84,,,,,,,,,,,
,Rose,Rose Orange - Clemetina,Golden,$1.84,,,$0.97,$1.84,,,,,,,,,,,
,Rose,Rose Orange - Caramba,Golden,$1.84,,,$0.97,$1.84,,,,,,,,,,,
,Rose,Rose Yellow - Marisa,Golden,$1.84,,,$0.97,$1.84,,,,,,,,,,,
,Rose,Rose Green - Vert,Golden,$1.84,,,$0.97,$1.84,,,,,,,,,,,
,Rose,Rose Hot Pink - Melissa,Golden,$1.84,,,$0.97,$1.84,,,,,,,,,,,
,Rose,Rose Yellow - Sunset X-pression,Golden,$1.84,,,$0.97,$1.84,,,,,,,,,,,
,Rose,Rose Yellow - Idole,Golden,$1.84,,,$0.97,$1.84,,,,,,,,,,,
,Scabiosa,Scabiosa Lavender - Focal Scoop,Golden,$1.70,,,$0.83,$1.70,,,,,,,,,,,
,Scabiosa,Scabiosa Merlot,Golden,$1.70,,,$0.83,$1.70,,,,,,,,,,,
,Scabiosa,Scabiosa Pink _Cotton Candy,Golden,$1.70,,,$0.83,$1.70,,,,,,,,,,,
,Snapdragon,Snapdragon White,Golden,$1.37,,,$0.50,$1.37,$1.35,$2.03,,,,,,,,,
,Snapdragon,Snapdragon Yellow,Golden,$1.37,,,$0.50,$1.37,$1.35,$2.03,,,,,,,,,
,Snapdragon,Snapdragon Orange,Golden,$1.37,,,$0.50,$1.37,$1.35,$2.03,,,,,,,,,
,Snapdragon,Snapdragon Purple,Golden,$1.37,,,$0.50,$1.37,$1.35,$2.03,,,,,,,,,
,Solomio,Solomio Bright Pink - Imre,Golden,$1.19,,,$0.32,$1.19,,,,,,,,,,,
,Solomio,Solomio - Fen,Golden,$1.19,,,$0.32,$1.19,,,,,,,,,,,
,Solomio,Solomio Burgundy - Sem,Golden,$1.19,,,$0.32,$1.19,,,,,,,,,,,
,Spray Rose,Spray Rose Purple - Purple Sky,Golden,$1.47,,,$0.60,$1.47,,,,,,,,,,,
,Spray Rose,Spray Rose - Pink Yoyo,Golden,$1.47,,,$0.60,$1.47,,,,,,,,,,,
,Spray Rose,Spray Rose Blush- Starblush,Golden,$1.47,,,$0.60,$1.47,,,,,,,,,,,
,Spray Rose,Spray Rose Red - Scarlette Mimi,Golden,$1.47,,,$0.60,$1.47,,,,,,,,,,,
,Spray Rose,Spray Rose Red - Rubicon,Golden,$1.47,,,$0.60,$1.47,$2.00,$2.68,,,,,,,,,
,Spray Rose,Spray Rose Yellow - Eastern Sun,Golden,$1.47,,,$0.60,$1.47,,,,,,,,,,,
,Spray Rose,Spray Rose Orange - Mambo,Golden,$1.47,,,$0.60,$1.47,,,,,,,,,,,
,Spray Rose,Spray Rose - White Majolica,Golden,$1.47,,,$0.60,$1.47,$1.95,$2.63,,,,,,,,,
,Spray Rose,Spray Rose Light Pink - Sweet Sensation,Golden,$1.47,,,$0.60,$1.47,,,,,,,,,,,
,Spray Rose,Spray Rose - Tigress,Golden,$1.47,,,$0.60,$1.47,,,,,,,,,,,
,Spray Rose,Spray Rose Pink - Gracias,Golden,$1.47,,,$0.60,$1.47,,,,,,,,,,,
,Spray Rose,Spray Rose Hot Pink - Lovely Lydia,Golden,$1.47,,,$0.60,$1.47,,,,,,,,,,,
,Spray Rose,Spray Rose Yellow- Mariah,Golden,$1.47,,,$0.60,$1.47,,,,,,,,,,,
,Spray Rose,Spray Rose Light Pink - Lydia,Golden,$1.47,,,$0.60,$1.47,,,,,,,,,,,
,Spray Rose,Spray Rose White - Snowflake,Golden,$1.47,,,$0.60,$1.47,,,,,,,,,,,
,Spray Rose,Spray Rose Peach - Ginger,Golden,$1.47,,,$0.60,$1.47,,,,,,,,,,,
,Spray Stock,Spray Stock Pink,Golden,$1.67,,,$0.80,$1.67,,,,,,,,,,,
,Spray Stock,Spray Stock Yellow,Golden,$1.67,,,$0.80,$1.67,,,,,,,,,,,
,Spray Stock,Spray Stock Lavender,Golden,$1.67,,,$0.80,$1.67,,,,,,,,,,,
,Spray Stock,Spray Stock Dark Pink,Golden,$1.67,,,$0.80,$1.67,,,,,,,,,,,
,Spray Stock,Spray Stock Purple,Golden,$1.67,,,$0.80,$1.67,,,,,,,,,,,
,Spray Stock,Spray Stock White,Golden,$1.67,,,$0.80,$1.67,,,,,,,,,,,
,Amaranthus,Amaranthus- Green Upright - Long,Magic,$1.39,,,,,,,$1.39,$1.39,,,,,,,
,Amaranthus,Amaranthus- Red Upright - Long,Magic,$1.39,,,,,,,$1.39,$1.39,,,,,,,
,Amaranthus,Amaranthus - Hanging Red - Short,Magic,$1.33,,,,,,$2.93,$1.33,$1.33,,,,,,,
,Amaranthus,Amaranthus - Hanging Green - Short,Magic,$1.33,,,,,,$2.93,$1.33,$1.33,,,,,,,
,Amaranthus,Amaranthus- Hanging Red - Long,Magic,$2.12,,,,,$2.25,,$2.12,$2.12,,,,,,,
,Amaranthus,Amaranthus- Hanging Green - Long,Magic,$2.12,,,,,$2.25,,$2.12,$2.12,,,,,,,
,Amaranthus,Amaranthus- Green Upright - Short,Magic,$0.87,,,,,,,$0.87,$0.87,,,,,,,
,Amaranthus,Amaranthus- Red Upright - Short,Magic,$0.87,,,,,$1.85,$2.53,$0.87,$0.87,,,,,,,
,Anthurium,Anthurium Green LG,Magic,$1.63,,,,,,,$1.63,$1.63,,,,,,,
,Anthurium,Red Anthurium - LG,Magic,$1.61,,,,,,,$1.61,$1.61,,,,,,,
,Anthurium,Anthurium Pink - LG,Magic,$1.61,,,,,,,$1.61,$1.61,,,,,,,
,Anthurium,Anthurium White - LG,Magic,$2.00,,,,,,,$2.00,$2.00,,,,,,,
,Anthurium,Anthurium Red - LG,Magic,$1.61,,,,,,,$1.61,$1.61,,,,,,,
,Anthurium,Anthurium White - MED,Magic,$1.79,,,,,,,$1.79,$1.79,,,,,,,
,Anthurium,Magic- Anthurium Blush Pink - Cheers Medium,Magic,$1.42,,,,,,,$1.42,$1.42,,,,,,,
,Anthurium,Magic Anthurium Mixed Pink - MED,Magic,$1.42,,,,,,,$1.42,$1.42,,,,,,,
,Anthurium,Magic- Anthurium Coral/Pink- Sante - MED,Magic,$1.42,,,,,,,$1.42,$1.42,,,,,,,
,Pampas,Pampas Grass White Bleached,Magic,$1.47,,,,,,,$1.47,$1.47,,,,,,,
,Tropicals,Ginger - Torch - Pink,Magic,$1.59,,,,,,,$1.59,$1.59,,,,,,,
,Tropicals,Ginger Red,Magic,$0.89,,,,,,,$0.89,$0.89,,,,,,,
,Tropicals,Magic- Ginger Pink Medium,Magic,$1.16,,,,,,,$1.16,$1.16,,,,,,,
,Tropicals,Ginger White - Small,Magic,$0.96,,,,,,,$0.96,$0.96,,,,,,,
,Tropicals,Ginger Hot Pink,Magic,$0.80,,,,,$4.50,$5.18,$0.80,$0.80,,,,,,,
,Allium,Allium Purple,Mayesh,$5.43,,,,,$4.75,$5.43,,,,,,,,Standard Flowers,Up to $3
,Allium,Allium - Drumstick,Mayesh,$1.63,,,,,$0.95,$1.63,,,,,,,,Premium Flowers,$3+
,Amaranthus,Amaranthus - Hanging Bronze,Mayesh,$2.93,,,,,$2.25,$2.93,,,,,,,,,
,Amaranthus,Amaranthus - Hanging Coral,Mayesh,$3.63,,,,,$2.95,$3.63,,,,,,,,,
,Amaranthus,Amaranthus - Upright Bronze,Mayesh,$2.93,,,,,$2.25,$2.93,,,,,,,,,
,Aster,Matsumoto Aster Pink,Mayesh,$2.27,,,,,$1.59,$2.27,,,,,,,,,
,Aster,Matsumoto Aster Peach,Mayesh,$2.27,,,,,$1.59,$2.27,,,,,,,,,
,Aster,Matsumoto Aster Dark Pink,Mayesh,$2.27,,,,,$1.59,$2.27,,,,,,,,,
,Aster,Aster Matsumoto White,Mayesh,$2.27,,,,,$1.59,$2.27,,,,,,,,,
,Astilbe,Astilbe Light Pink,Mayesh,$2.83,,,,,$2.15,$2.83,,,,,,,,,
,Astilbe,Astilbe Burgundy,Mayesh,$2.63,,,,,$1.95,$2.63,,,,,,,,,
,Astilbe,Astilbe White,Mayesh,$2.83,,,,,$2.15,$2.83,,,,,,,,,
,Astilbe,Astilbe Dark Pink,Mayesh,$2.83,,,,,$2.15,$2.83,,,,,,,,,
,Astilbe,Astilbe Pink,Mayesh,$2.83,,,,,$2.15,$2.83,,,,,,,,,
,Berries,Privet Berries,Mayesh,$3.89,,,,,$3.21,$3.89,,,,,,,,,
,Berries,Viburnum Berries,Mayesh,$2.93,,,,,$2.25,$2.93,,,,,,,,,
,Berries,Ilex Berry Red,Mayesh,$1.68,,,,,$1.00,$1.68,,,,,,,,,
,Berries,Lingustrum - Berry Black,Mayesh,$3.68,,,,,$3.00,$3.68,,,,,,,,,
,Berries,Pepperberry Hanging Pink,Mayesh,$3.18,,,,,$2.50,$3.18,,,,,,,,,
,Branches,Curly Willow Branches,Mayesh,$3.68,,,,,$3.00,$3.68,,,,,,,,,
,Calla,Mini Calla Lily Black/Purple - Dark Schwarzwalder,Mayesh,$2.93,,,,,$2.25,$2.93,,,,,,,,,
,Calla,XL White Calla Lily - Super Open Cut,Mayesh,$3.63,,,,,$2.95,$3.63,,,,,,,,,
,Calla,Calla Lily- Crystal White 40cm,Mayesh,$2.93,,,,,$2.25,$2.93,,,,,,,,,
,Calla,Calla Lily - White Aspen,Mayesh,$2.43,,,,,$1.75,$2.43,,,,,,,,,
,Calycina,Calycina,Mayesh,$3.43,,,,,$2.75,$3.43,,,,,,,,,
,Carnation,Carnation - Lege Pink,Mayesh,$1.48,,,,,$0.80,$1.48,,,,,,,,,
,Carnation,Carnation - Merletto Cherry,Mayesh,$1.23,,,,,$0.55,$1.23,,,,,,,,,
,Carnation,Carnation Purple - Moonshade,Mayesh,$1.23,,,,,$0.55,$1.23,,,,,,,,,
,Carnation,Carnation Beige - Lege Marrone,Mayesh,$1.23,,,,,$0.55,$1.23,,,,,,,,,
,Carnation,Carnation Pink/cream - Antiqua,Mayesh,$1.48,,,,,$0.80,$1.48,,,,,,,,,
,Chamomile,Chamomile Daisy - Feverfew,Mayesh,$2.23,,,,,$1.55,$2.23,,,,,,,,,
,Chamomile,Chamomile White,Mayesh,$2.23,,,,,$1.55,$2.23,,,,,,,,,
,Dahlia,Dahlia Burgundy,Mayesh,$6.63,,,,,$5.95,$6.63,,,,,,,,,
,Dahlia,Dahlia Blush,Mayesh,$6.63,,,,,$5.95,$6.63,,,,,,,,,
,Dahlia,Dahlia Coral,Mayesh,$6.63,,,,,$5.95,$6.63,,,,,,,,,
,Dahlia,Dahlia Peach,Mayesh,$6.63,,,,,$5.95,$6.63,,,,,,,,,
,Dahlia,Dahlia Orange,Mayesh,$6.63,,,,,$5.95,$6.63,,,,,,,,,
,Dahlia,Dahlia - Cafe Au Lait,Mayesh,$9.63,,,,,$8.95,$9.63,,,,,,,,,
,Dahlia,Dahlia White,Mayesh,$6.18,,,,,$5.50,$6.18,,,,,,,,,
,Dahlia,Dahlia Pink,Mayesh,$6.63,,,,,$5.95,$6.63,,,,,,,,,
,Dahlia,Dahlia Cream,Mayesh,$6.63,,,,,$5.95,$6.63,,,,,,,,,
,Delphinium,Delphinium Light Blue - Bella Donna,Mayesh,$2.13,,,,,$1.45,$2.13,,,,,,,,,
,Delphinium,Delphinium Dark Blue - Belladonna,Mayesh,$2.13,,,,,$1.45,$2.13,,,,,,,,,
,Delphinium,Delphinium- Belladonna White,Mayesh,$2.13,,,,,$1.45,$2.13,,,,,,,,,
,Dried,Dried - Sun Palm,Mayesh,$2.93,,,,,$2.25,$2.93,,,,,,,,,
,Dried,Dried - Bleached Fern,Mayesh,$2.93,,,,,$2.25,$2.93,,,,,,,,,
,Dried,Nigella Pod,Mayesh,$2.33,,,,,$1.65,$2.33,,,,,,,,,
,Evergreen,Brunia Silver,Mayesh,$3.68,,,,,$3.00,$3.68,,,,,,,,,
,Garden Rose,Rose Garden - Kiera David Blush,Mayesh,$3.93,,,,,$3.25,$3.93,,,,,,,,,
,Garden Rose,Garden Rose - White Cloud,Mayesh,$3.93,,,,,$3.25,$3.93,,,,,,,,,
,Garden Rose,Juliet Garden Rose - Peach,Mayesh,$4.18,,,,,$3.50,$4.18,,,,,,,,,
,Garden Rose,Rose Hot Pink/Crimson -Darcey (David Austin)- GV,Mayesh,$3.93,,,,,$3.25,$3.93,,,,,,,,,
,Garden Rose,Garden Rose Blush - White O'Hare,Mayesh,$2.63,,,,,$1.95,$2.63,,,,,,,,,
,Garden Rose,Paz Garden Rose,Mayesh,$2.63,,,,,$1.95,$2.63,,,,,,,,,
,Garden Rose,Garden Rose Blush - Kiera David Austin,Mayesh,$3.93,,,,,$3.25,$3.93,,,,,,,,,
,Gardenia,Gardenia Blooms,Mayesh,$13.43,,,,,$12.75,$13.43,,,,,,,,,
,Garland,Baby's Breath Garland (per Ft),Mayesh,$14.18,,,,,$13.50,$14.18,,,,,,,,,
,Ginestra,Ginestra White,Mayesh,$1.93,,,,,$1.25,$1.93,,,,,,,,,
,Ginestra,Ginestra Light Pink,Mayesh,$1.93,,,,,$1.25,$1.93,,,,,,,,,
,Grass,Sea Oat Grass,Mayesh,$2.13,,,,,$1.45,$2.13,,,,,,,,,
,Grass,Feathertop Grass,Mayesh,$1.78,,,,,$1.10,$1.78,,,,,,,,,
,Heather,Heather White,Mayesh,$2.13,,,,,$1.45,$2.13,,,,,,,,,
,Hellebores,Hellebores Green,Mayesh,$4.27,,,,,$3.59,$4.27,,,,,,,,,
,Hellebores,Hellebores Pink,Mayesh,$4.27,,,,,$3.59,$4.27,,,,,,,,,
,Hydrangea,Hydrangea White - Extra,Mayesh,$2.83,,,,,$2.15,$2.83,,,,,,,,,
,Hydrangea,Hydrangea Light Blue - Select,Mayesh,$2.53,,,,,$1.85,$2.53,,,,,,,,,
,Hydrangea,Hydrangea White - Lace Cap,Mayesh,$5.18,,,,,$4.50,$5.18,,,,,,,,,
,Hypericum,Hypericum Orange,Mayesh,$1.89,,,,,$1.21,$1.89,,,,,,,,,
,Kangaroo Paw,Kangaroo Paw Red,Mayesh,$3.18,,,,,$2.50,$3.18,,,,,,,,,
,Kangaroo Paw,Kangaroo Paw Orange,Mayesh,$3.18,,,,,$2.50,$3.18,,,,,,,,,
,Lily of the Valley,Lily Of The Valley,Mayesh,$5.43,,,,,$4.75,$5.43,,,,,,,,,
,Limonium,Emile Pink Limonium,Mayesh,$2.78,,,,,$2.10,$2.78,,,,,,,,,
,Lisianthus,Lisianthus Brown - Wondrous,Mayesh,$5.18,,,,,$4.50,$5.18,,,,,,,,,
,Lisianthus,Lisianthus Brown - Rosanne,Mayesh,$4.93,,,,,$4.25,$4.93,,,,,,,,,
,Lisianthus,Lisianthus Lavender,Mayesh,$2.68,,,,,$2.00,$2.68,,,,,,,,,
,Lisianthus,Lisianthus Green,Mayesh,$5.30,,,,,$4.62,$5.30,,,,,,,,,
,Lisianthus,Lisianthus Blush,Mayesh,$5.30,,,,,$4.62,$5.30,,,,,,,,,
,Mimosa,Mimosa,Mayesh,$3.68,,,,,$3.00,$3.68,,,,,,,,,
,Mini Carnation,Mini Carnation Cream,Mayesh,$1.28,,,,,$0.60,$1.28,,,,,,,,,
,Mini Carnation,Mini Carnation Peach,Mayesh,$1.28,,,,,$0.60,$1.28,,,,,,,,,
,Nigella,Nigella White,Mayesh,$2.93,,,,,$2.25,$2.93,,,,,,,,,
,Nigella,Blue Nigella,Mayesh,$2.93,,,,,$2.25,$2.93,,,,,,,,,
,Orchid,Dendrobium Orchid White,Mayesh,$3.93,,,,,$3.25,$3.93,,,,,,,,,
,Orchid,Dendrobium Orchid - Queen Pink,Mayesh,$3.93,,,,,$3.25,$3.93,,,,,,,,,
,Orchid,Dendrobium Orchid Fuschia,Mayesh,$3.93,,,,,$3.25,$3.93,,,,,,,,,
,Orchid,Dendrobium Lavender- Misteen,Mayesh,$3.93,,,,,$3.25,$3.93,,,,,,,,,
,Peony,Peony White,Mayesh,$6.43,,,,,$5.75,$6.43,,,,,,,,,
,Peony,Peony Blush,Mayesh,$6.43,,,,,$5.75,$6.43,,,,,,,,,
,Peony,Peony - Coral Charm,Mayesh,$8.43,,,,,$7.75,$8.43,,,,,,,,,
,Peony,Peony Burgundy,Mayesh,$6.43,,,,,$5.75,$6.43,,,,,,,,,
,Peony,Peony Hot Pink,Mayesh,$6.43,,,,,$5.75,$6.43,,,,,,,,,
,Pine Cones,Pinecone Pick,Mayesh,$2.68,,,,,$2.00,$2.68,,,,,,,,,
,Pine Cones,Mini Pine Cones,Mayesh,$2.68,,,,,$2.00,$2.68,,,,,,,,,
,Pine Cones,Pine Cones,Mayesh,$2.68,,,,,$2.00,$2.68,,,,,,,,,
,Pompon Cushion,Pompon Cushion - Romancero Salmon,Mayesh,$1.88,,,,,$1.20,$1.88,,,,,,,,,
,Preserved,Preserved - White Italian Ruscus,Mayesh,$3.58,,,,,$2.90,$3.58,,,,,,,,,
,Preserved,Preserved - Lunaria White,Mayesh,$3.23,,,,,$2.55,$3.23,,,,,,,,,
,Preserved,Preserved - Copper Beech Orange,Mayesh,$3.18,,,,,$2.50,$3.18,,,,,,,,,
,Preserved,Preserved - Strawflower White,Mayesh,$2.93,,,,,$2.25,$2.93,,,,,,,,,
,Preserved,Preserved Pampas Grass Burgundy,Mayesh,$6.18,,,,,$5.50,$6.18,,,,,,,,,
,Preserved,Preserved- Hanging Amaranth Natural,Mayesh,$2.93,,,,,$2.25,$2.93,,,,,,,,,
,Protea,Pincushion Protea Orange,Mayesh,$5.18,,,,,$4.50,$5.18,,,,,,,,,
,Protea,Protea - Pink Mink,Mayesh,$11.18,,,,,$10.50,$11.18,,,,,,,,,
,Protea,King Protea White,Mayesh,$7.18,,,,,$6.50,$7.18,,,,,,,,,
,Protea,King Protea Pink,Mayesh,$7.18,,,,,$6.50,$7.18,,,,,,,,,
,Queen Anne's Lace,Queen Anne's Lace White,Mayesh,$1.68,,,,,$1.00,$1.68,,,,,,,,,
,Queen Anne's Lace,Queen Anne's Lace Chocolate,Mayesh,$1.73,,,,,$1.05,$1.73,,,,,,,,,
,Rose,Rose - Golden Mustard,Mayesh,$4.18,,,,,$3.50,$4.18,,,,,,,,,
,Rose,Rose Toffee,Mayesh,$4.63,,,,,$3.95,$4.63,,,,,,,,,
,Rose,Barista Rose,Mayesh,$2.63,,,,,$1.95,$2.63,,,,,,,,,
,Rose,Rose Lavender/grey - Amnesia,Mayesh,$3.56,,,,,$2.88,$3.56,,,,,,,,,
,Rose,Rose Dusty Mauve - Faith,Mayesh,$2.23,,,,,$1.55,$2.23,,,,,,,,,
,Rose,Rose Gold- Caramel Antike,Mayesh,$3.93,,,,,$3.25,$3.93,,,,,,,,,
,Rose,Rose Terracotta - Coffee Break,Mayesh,$3.18,,,,,$2.50,$3.18,,,,,,,,,
,Rose,Cafe Del Mar Rose,Mayesh,$2.63,,,,,$1.95,$2.63,,,,,,,,,
,Rose,Rose - Black Baccara,Mayesh,$2.63,,,,,$1.95,$2.63,,,,,,,,,
,Rose,Rose Peach - Carpe Diem,Mayesh,$2.63,,,,,$1.95,$2.63,,,,,,,,,
,Rose,Rose- Purple Moon,Mayesh,$2.46,,,,,$1.78,$2.46,,,,,,,,,
,Rose,Rose- Black Baccara,Mayesh,$2.63,,,,,$1.95,$2.63,,,,,,,,,
,Rose,Rose - Cappuccino,Mayesh,$4.18,,,,,$3.50,$4.18,,,,,,,,,
,Scabiosa,Scabiosa Pod,Mayesh,$1.93,,,,,$1.25,$1.93,,,,,,,,,
,Spirea,Spirea,Mayesh,$4.53,,,,,$3.85,$4.53,,,,,,,,,
,Spray Rose,Spray Rose Lavender - Little Silver,Mayesh,$2.93,,,,,$2.25,$2.93,,,,,,,,,
,Spray Rose,Spray Rose Blush - Sterling Sensation,Mayesh,$2.63,,,,,$1.95,$2.63,,,,,,,,,
,Spray Rose,Spray Rose Blush - Muscadet,Mayesh,$2.63,,,,,$1.95,$2.63,,,,,,,,,
,Spray Rose,Spray Rose Silver Mikado,Mayesh,$2.93,,,,,$2.25,$2.93,,,,,,,,,
,Spray Rose,Spray Rose - Sahara Sensation,Mayesh,$2.63,,,,,$1.95,$2.63,,,,,,,,,
,Spray Rose,Spray Rose Blush - Bashful Blush,Mayesh,$3.18,,,,,$2.50,$3.18,,,,,,,,,
,Statice,Statice Hot Pink,Mayesh,$2.03,,,,,$1.35,$2.03,,,,,,,,,
,Stock,Stock Burgundy,Mayesh,$2.10,,,,,$1.42,$2.10,,,,,,,,,
,Stock,Stock Mauve,Mayesh,$2.10,,,,,$1.42,$2.10,,,,,,,,,
,Sweet Pea,Sweet Pea Blush,Mayesh,$2.93,,,,,$2.25,$2.93,,,,,,,,,
,Sweet Pea,Sweet Pea Dark Purple,Mayesh,$2.93,,,,,$2.25,$2.93,,,,,,,,,
,Sweet Pea,Sweet Pea Cream,Mayesh,$2.93,,,,,$2.25,$2.93,,,,,,,,,
,Sweet Pea,Sweet Pea Brown,Mayesh,$2.93,,,,,$2.25,$2.93,,,,,,,,,
,Sweet Pea,Sweet Pea Lavender,Mayesh,$2.93,,,,,$2.25,$2.93,,,,,,,,,
,Sweet Pea,Sweet Pea Hot Pink,Mayesh,$2.93,,,,,$2.25,$2.93,,,,,,,,,
,Sweet Pea,Sweet Pea White,Mayesh,$2.93,,,,,$2.25,$2.93,,,,,,,,,
,Sweet Pea,Sweet Pea Peach,Mayesh,$2.93,,,,,$2.25,$2.93,,,,,,,,,
,Tropicals,Bird Of Paradise,Mayesh,$6.18,,,,,$5.50,$6.18,,,,,,,,,
,Tulip,Tulip - Brownie,Mayesh,$2.83,,,,,$2.15,$2.83,,,,,,,,,
,Tulip,Tulip White,Mayesh,$2.43,,,,,$1.75,$2.43,,,,,,,,,
,Tulip,Tulip - Double Price Light Pink,Mayesh,$2.43,,,,,$1.75,$2.43,,,,,,,,,
,Tulip,Double Tulip - Advent Garde Cream,Mayesh,$2.08,,,,,$1.40,$2.08,,,,,,,,,
,Tulip,Tulip Orange - Princess Double,Mayesh,$2.33,,,,,$1.65,$2.33,,,,,,,,,
,Tulip,Tulip - Double Double Price Lavender,Mayesh,$2.43,,,,,$1.75,$2.43,,,,,,,,,
,Tulip,Tulip - Double Cream,Mayesh,$2.43,,,,,$1.75,$2.43,,,,,,,,,
,Tulip,Double Tulip Yellow,Mayesh,$2.43,,,,,$1.75,$2.43,,,,,,,,,
,Tulip,Dyed Blue Tulips,Mayesh,$3.68,,,,,$3.00,$3.68,,,,,,,,,
,Tulip,Dyed Bronze Tulip,Mayesh,$3.68,,,,,$3.00,$3.68,,,,,,,,,
,Tweedia,Tweedia Blue,Mayesh,$2.63,,,,,$1.95,$2.63,,,,,,,,,
,Tweedia,Tweedia White,Mayesh,$2.63,,,,,$1.95,$2.63,,,,,,,,,
,Viburnum,Viburnum Green ( Snowball),Mayesh,$4.43,,,,,$3.75,$4.43,,,,,,,,,
,Wax Flower,Wax Flower White,Mayesh,$3.18,,,,,$2.50,$3.18,,,,,,,,,
,Wax Flower,Wax Flower Light Pink,Mayesh,$3.18,,,,,$2.50,$3.18,,,,,,,,,
,Wax Flower,Wax Flower Orange,Mayesh,$3.18,,,,,$2.50,$3.18,,,,,,,,,
,Wax Flower,Wax Flower Pink,Mayesh,$3.18,,,,,$2.50,$3.18,,,,,,,,,
,Wax Flower,Wax Flower White - Bridal Pearl,Mayesh,$3.18,,,,,$2.50,$3.18,,,,,,,,,
,Wax Flower,Wax Flower Purple,Mayesh,$3.18,,,,,$2.50,$3.18,,,,,,,,,
,Yarrow,Yarrow  Yellow - Cottage Cream,Mayesh,$2.18,,,,,$1.50,$2.18,,,,,,,,,
,Yarrow,Yarrow - Lavender Beauty,Mayesh,$2.18,,,,,$1.50,$2.18,,,,,,,,,
,Yarrow,Yarrow Orange - Cottage,Mayesh,$2.18,,,,,$1.50,$2.18,,,,,,,,,
,Succulent,"Succulent- 2""",Poppy Vendor,TBD,,,,,$4.50,$5.18,,,,,TBD,,,,
,Garland,Varlama Rose Garland,Vivek,$22.83,,,,,,,,,,,,$17.50,$22.83,,
,Garland,Jasmine Hair Piece (CUSTOM),Vivek,$22.83,,,,,,,,,,,,$17.50,$22.83,,
,Garland,Varlama Carnation Garland,Vivek,$8.33,,,,,,,,,,,,$3.00,$8.33,,
,Rose,Rose Pink- Yves Piaget- GV,,,,,,,,,,,,,,,,,