Stem Type,VARIETY - GS,PRICE/UNIT - GS,PRICE/UNIT $,Last Updated (Run Date),,Stem Type,MEDIAN of PRICE/UNIT - GS
Aster,ASTER WHITE,$0.24,,2025-12-13 10:55:45,,Amaranthus,$0.85
Greenery,LEUCADEDRON RED,$0.24,,2025-11-21 7:00:40,,Anemone,$0.75
Dianthus,GREEN WICKY,$0.30,,2025-12-05 11:36:54,,Anemone - Premium,$0.85
Fiorino,FIORINO IRIS,$0.30,,2025-11-28 14:36:02,,Aster,$0.24
Lilliput,LILLIPUT FOREVER,$0.30,,2026-01-15 13:55:19,,Astrantia,$0.50
Lilliput,LILLIPUT MAGIC FROST,$0.30,,2025-10-31 14:19:57,,Baby's Breath,$0.55
Lilliput,LILLIPUT NAUGE,$0.30,,2025-11-14 15:22:03,,Baby's Breath - Tinted,$0.85
Solidago,GOLDEN SOLIDAGO,$0.30,,2025-10-31 13:53:35,,Campanula,$0.65
Solidago,SOLIDAGO YELLOW,$0.30,,2025-10-31 13:53:35,,Capanula,$0.65
Solomio,SOLOMIO ARD,$0.30,,2025-10-31 13:53:35,,Carnation,$0.35
Solomio,SOLOMIO BERNI,$0.30,,2025-11-21 14:11:35,,Chrysanthemum,$0.52
Solomio,SOLOMIO CAS,$0.30,,2025-10-31 13:53:35,,Craspedia,$0.46
Solomio,SOLOMIO EDO,$0.30,,2025-10-31 13:53:35,,Delphinium,$0.50
Solomio,SOLOMIO IMRE,$0.30,,2025-11-07 15:32:39,,Dianthus,$0.30
Solomio,SOLOMIO SEM,$0.30,,2025-12-06 11:09:05,,Didiscus,$0.65
Solomio,SOLOMIO STAR SNOW TESSINO,$0.30,,2025-10-31 13:53:35,,Dried,$0.48
Carnation,CLAVEL HANOI,$0.35,,2025-11-06 18:01:06,,Dubium,$0.50
Dried,BUNNY TAIL BROWN,$0.35,,2025-10-31 13:53:35,,Eucalyptus,$0.35
Eucalyptus,BABY BLUE EUCALIPTO,$0.35,,2025-10-31 13:53:35,,Fiorino,$0.30
Eucalyptus,CINEREA EUCALIPTO,$0.35,,2025-10-31 13:53:35,,Freesia,$0.60
Eucalyptus,PARVULA GUM EUCALIPTO,$0.35,,2025-10-31 13:53:35,,Garland,$2.50
Eucalyptus,POLYANTEMUS EUCALIPTO,$0.35,,2025-10-31 13:53:35,,Greenery,$0.35
Greenery,COCULUS GREEN,$0.35,,2025-11-21 14:11:35,,Hypericum,$0.45
Greenery,HEBES,$0.35,,2025-11-04 10:11:48,,Larkspur,$0.47
Greenery,LEATHER LEAF,$0.35,,2025-10-31 13:53:35,,Lepidium,$0.45
Greenery,PHOTINIA,$0.35,,2025-10-31 13:53:35,,Lilliput,$0.30
Greenery,RUSCUS GREEN,$0.35,,2025-10-31 13:53:35,,Limonium,$0.45
Snapdragon,PK SNAPDRAGON RED,$0.35,,2025-10-31 14:19:57,,Limonium - Tinted,$0.80
Greenery,FIELD PENNYCRESS,$0.40,,2025-10-31 13:53:35,,Marigold,$0.60
Nigella,NIGELLA ALL WHITE,$0.40,,2025-11-21 14:11:35,,Nigella,$0.40
Greenery,MOLUCELLA,$0.45,,2025-10-31 13:53:35,,Poppy,$0.60
Greenery,RUMEX UNICORN,$0.45,,2026-02-07 13:10:40,,Ranunculus,$0.75
Hypericum,HYPERICUM BURGUNDY,$0.45,,2025-12-11 14:39:21,,Ranunculus - Butterfly,$1.20
Hypericum,HYPERICUM WHITE,$0.45,,2025-10-31 14:19:57,,Ranunculus - Butterfly Premium,$1.60
Lepidium,LEPIDIUM WHITE,$0.45,,2025-10-31 13:53:35,,Ranunculus - Premium,$1.60
Lepidium,PK LEPIDIUM GREEN,$0.45,,2025-10-31 13:53:35,,Rose,$0.65
Limonium,LIMONIUM CUMULO WHITE,$0.45,,2025-11-14 15:22:03,,Rose - Garden,$0.85
Limonium,LIMONIUM PIÑA COLADA,$0.45,$0.47,2026-01-30 14:38:01,,Rose - Spray,$0.60
Limonium,LIMONIUM PINK POKERS,$0.45,,2026-02-12 17:07:07,,Scabiosa,$0.60
Limonium,LIMONIUM SHOOTING STAR,$0.45,,2026-02-18 14:34:55,,Snapdragon,$0.45
Limonium,LIMONIUM SHOOTING STAR,$0.45,,2026-02-20 14:33:23,,Solidago,$0.30
Limonium,LIMONIUM SILVER PINK,$0.45,,2025-11-21 14:11:35,,Solomio,$0.30
Snapdragon,PK SNAPDRAGON MAGENTA,$0.45,,2025-11-27 14:46:03,,Spray Rose,$0.60
Snapdragon,PK SNAPDRAGON ORANGE,$0.45,,2025-10-31 14:19:57,,Statice,$0.45
Snapdragon,PK SNAPDRAGON WHITE,$0.45,,2025-10-31 13:53:35,,Stock,$0.45
Snapdragon,SNAPDRAGON PINK,$0.45,,2025-10-31 13:53:35,,Sunflower,$0.45
Snapdragon,SNAPDRAGON PURPLE,$0.45,,2025-10-31 13:53:35,,Sweet Pea,$0.60
Snapdragon,SNAPDRAGON WHITE,$0.45,,2025-11-21 14:11:35,,Tweedia,$0.65
Snapdragon,SNAPDRAGON YELLOW,$0.45,,2025-11-06 18:01:06,,Veronica,$0.47
Statice,STATICE PEACH,$0.45,,2025-10-31 13:53:35,,Grand Total,$0.60
Statice,STATICE SINZII CORAL,$0.45,,2025-11-07 15:32:39,,,
Statice,STATICE SINZII LILAE,$0.45,,2025-12-27 11:12:12,,,
Statice,STATICE SINZII PINK,$0.45,,2025-11-08 10:12:30,,,
Statice,STATICE SINZII SILVER,$0.45,,2025-11-01 9:42:20,,,
Statice,STATICE SINZII WHITE,$0.45,,2025-10-31 13:53:35,,,
Statice,STATICE SINZIL DEEP PURPLE,$0.45,,2025-10-31 14:19:57,,,
Stock,STOCK CREAM,$0.45,,2025-10-31 13:53:35,,,
Stock,STOCK HOT PINK,$0.45,,2026-02-12 17:07:07,,,
Stock,STOCK LAVANDER,$0.45,,2025-10-31 13:53:35,,,
Stock,STOCK PEACH,$0.45,,2025-10-31 13:53:35,,,
Stock,STOCK PURPLE,$0.45,,2025-11-07 15:32:39,,,
Stock,STOCK WHITE,$0.45,,2025-10-31 13:53:35,,,
Stock,STOCK YELLOW,$0.45,,2025-10-31 13:53:35,,,
Sunflower,SPRAY SUNFLOWER,$0.45,,2025-11-27 14:46:03,,,
Sunflower,SUNFLOWER YELLOW,$0.45,,2025-11-28 14:36:02,,,
Craspedia,CRASPEDIA JUMBO,$0.46,,2025-10-31 14:19:57,,,
Larkspur,LARKSPUR PINK,$0.47,,2025-10-31 14:19:57,,,
Larkspur,LARKSPUR PURPLE,$0.47,,2025-11-13 17:33:28,,,
Larkspur,LARKSPUR WHITE,$0.47,,2025-11-01 9:42:20,,,
Veronica,S VERONICA PURPLE,$0.47,,2025-11-08 10:12:30,,,
Veronica,S VERONICA WHITE,$0.47,,2025-11-01 9:42:20,,,
Astrantia,Y ASTRANTIA BURGUNDY,$0.50,,2025-11-13 17:33:28,,,
Astrantia,Y ASTRANTIA LIGHT PINK,$0.50,,2026-01-23 15:11:10,,,
Astrantia,Y ASTRANTIA PINK,$0.50,,2025-12-11 14:39:21,,,
Astrantia,Y ASTRANTIA WHITE,$0.50,,2025-12-05 11:36:54,,,
Delphinium,BLUE SPRAY DELPHINIUM,$0.50,,2025-11-06 18:01:06,,,
Delphinium,DELPHINIUM BLACK NIGHT,$0.50,$0.70,2026-02-07 13:10:40,,,
Delphinium,DELPHINIUM LIGHT BLUE,$0.50,$0.70,2026-02-18 14:34:55,,,
Delphinium,DELPHINIUM SEA WALTZ,$0.50,,2025-12-06 11:09:05,,,
Delphinium,DELPHINIUM SKY WALTZ,$0.50,$0.70,2026-02-12 17:07:07,,,
Delphinium,DELPHINIUM SOFT PURPLE,$0.50,,2026-02-20 14:33:23,,,
Delphinium,DELPHINIUM TRICK GRAPE,$0.50,,2025-11-01 9:42:20,,,
Delphinium,DELPHINIUM TRICK LIGHT YELLOW,$0.50,,2025-11-08 10:12:30,,,
Delphinium,DELPHINIUM WHITE,$0.50,$0.47,2026-02-07 13:10:40,,,
Delphinium,DELPHINIUM WHITE & BLACK CENTER,$0.50,,2025-12-05 11:36:54,,,
Delphinium,SPRAY DELPHINIUM BLUSH,$0.50,$0.47,2026-02-06 15:20:48,,,
Delphinium,SPRAY DELPHINIUM SUNSHINE BLUE,$0.50,,2025-11-08 10:12:30,,,
Delphinium,Y DELPHINIUM BLACK NIGHT,$0.50,,2025-11-07 15:32:39,,,
Delphinium,Y DELPHINIUM LIGHT BLUE,$0.50,,2025-10-31 13:53:35,,,
Delphinium,Y DELPHINIUM SEA WALTZ,$0.50,,2025-11-01 9:42:20,,,
Delphinium,Y DELPHINIUM SKY WALTZ,$0.50,,2025-11-07 15:32:39,,,
Delphinium,Y DELPHINIUM SOFT PURPLE,$0.50,,2025-11-07 15:32:39,,,
Delphinium,Y DELPHINIUM WHITE,$0.50,,2025-10-31 14:19:57,,,
Delphinium,Y DELPHINIUM WHITE & BLACK,$0.50,,2025-10-31 14:19:57,,,
Dubium,DUBIUM WHITE,$0.50,,2025-12-12 14:17:39,,,
Chrysanthemum,CRISANTEMO LINETTE,$0.52,,2025-11-07 15:32:39,,,
Chrysanthemum,CRISANTEMO MARRAKESH,$0.52,,2025-10-31 13:53:35,,,
Chrysanthemum,CRISANTEMO ROSSETA,$0.52,,2025-10-31 13:53:35,,,
Chrysanthemum,CRISANTEMO WHITE,$0.52,,2025-10-31 13:53:35,,,
Baby's Breath,GYPSOPHILA,$0.55,,2025-10-31 13:53:35,,,
Delphinium,DELPHINIUM LAVANDER,$0.60,,2026-01-29 16:00:35,,,
Delphinium,Y DELPHINIUM SOFT LAVENDER,$0.60,,2025-11-21 7:00:40,,,
Dried,DRIED PAMPAS,$0.60,,2025-10-31 14:19:57,,,
Freesia,FREESIA LAVENDER,$0.60,,2026-02-21 13:04:50,,,
Freesia,FREESIA TROPICAL,$0.60,,2026-01-23 15:11:10,,,
Freesia,FREESIA WHITE,$0.60,,2025-10-31 14:19:57,,,
Freesia,FREESIA YELLOW,$0.60,,2025-11-27 14:46:03,,,
Marigold,MARIGOLD ORANGE,$0.60,,2025-10-31 14:19:57,,,
Poppy,FLOWERING POPPY MIX,$0.60,,2025-10-31 13:53:35,,,
Poppy,FLOWERING POPPY PEACH,$0.60,,2026-02-13 16:25:33,,,
Poppy,FLOWERING POPPY WHITE,$0.60,,2026-02-13 16:25:33,,,
Rose,TEDDYS,$0.60,,2026-02-13 16:25:33,,,
Rose - Spray,APRICOT SPRAY ROSE,$0.60,,2025-10-31 13:53:35,,,
Rose - Spray,BALI SPRAY ROSE,$0.60,,2025-10-31 13:53:35,,,
Rose - Spray,BE AMAZING SPRAY ROSE,$0.60,,2025-11-01 9:42:20,,,
Rose - Spray,BE GENTLE SPRAY ROSE,$0.60,,2025-11-14 15:22:03,,,
Rose - Spray,BE LOVING SPRAY ROSE,$0.60,,2025-12-18 12:03:44,,,
Rose - Spray,BE NICE SPRAY ROSE,$0.60,,2025-11-14 15:22:03,,,
Rose - Spray,BE TRUE SPRAY ROSE,$0.60,,2025-12-05 11:36:54,,,
Rose - Spray,BIG DIPPER SPRAY ROSE,$0.60,,2025-10-31 13:53:35,,,
Rose - Spray,CANDY SPRAY ROSE,$0.60,,2025-10-31 13:53:35,,,
Rose - Spray,CRETA SPRAY ROSE,$0.60,,2025-11-14 15:22:03,,,
Rose - Spray,ELVA SPRAY ROSE,$0.60,,2025-11-07 15:32:39,,,
Rose - Spray,FIRE UP SPRAY ROSE,$0.60,,2025-10-31 14:19:57,,,
Rose - Spray,FLOREANA SPRAY ROSE,$0.60,,2025-10-31 13:53:35,,,
Rose - Spray,LESBOS SPRAY ROSE,$0.60,,2025-11-06 18:01:06,,,
Rose - Spray,MAJOLICA SPRAY ROSE WHITE,$0.60,,2025-10-31 14:19:57,,,
Rose - Spray,SAONA SPRAY ROSE,$0.60,,2025-10-31 13:53:35,,,
Rose - Spray,SHINNING STAR SPRAY ROSE,$0.60,,2025-11-07 15:32:39,,,
Scabiosa,CAUCASIAN ESCABIOSA DEEP BLUE,$0.60,,2025-10-31 13:53:35,,,
Scabiosa,CAUCASIAN ESCABIOSA WHITE,$0.60,,2025-10-31 13:53:35,,,
Scabiosa,FOCAL SCOOP BANANA,$0.60,,2026-01-30 14:38:01,,,
Scabiosa,FOCAL SCOOP BLACKBERRY,$0.60,,2025-11-28 14:36:02,,,
Scabiosa,FOCAL SCOOP CRANBERRY,$0.60,,2025-11-01 9:42:20,,,
Scabiosa,FOCAL SCOOP LAVANDER,$0.60,,2025-11-28 14:36:02,,,
Scabiosa,FOCAL SCOOP MARASCHINO,$0.60,,2025-10-31 13:53:35,,,
Scabiosa,FOCAL SCOOP RED APPLE,$0.60,,2025-10-31 14:19:57,,,
Scabiosa,FOCAL SCOOP STELLATA,$0.60,,2025-12-06 11:09:05,,,
Scabiosa,FOCAL SCOOP TEABERRY,$0.60,,2025-10-31 14:19:57,,,
Scabiosa,FOCAL SCOOP UBE,$0.60,,2025-10-31 13:53:35,,,
Scabiosa,FOCAL SCOOP WHITE,$0.60,,2025-10-31 13:53:35,,,
Scabiosa,HOOP SCOOP STRAWBERRY,$0.60,,2026-02-07 13:10:40,,,
Scabiosa,RASBERRY RIPPLE SCOOP,$0.60,,2025-10-31 13:53:35,,,
Scabiosa,SCOOP BON BON VANILLA,$0.60,,2025-10-31 13:53:35,,,
Spray Rose,SNOWFLAKE SPRAY ROSE WHITE,$0.60,,2026-02-20 14:33:23,,,
Spray Rose,SNOWFLAKE SPRAY ROSE WHITE,$0.60,,2026-02-21 13:04:50,,,
Sweet Pea,SWEET PEA BLUSH,$0.60,,2025-11-14 15:22:03,,,
Sweet Pea,SWEET PEA LAVENDER,$0.60,,2025-12-24 10:29:38,,,
Sweet Pea,SWEET PEA WHITE,$0.60,,2025-12-05 11:36:54,,,
Campanula,CAMPANULA PURPLE,$0.65,,2026-01-30 14:38:01,,,
Campanula,CAMPANULA WHITE,$0.65,,2025-12-18 12:03:44,,,
Capanula,CAMPANULA PINK,$0.65,,2026-02-13 16:25:33,,,
Didiscus,DIDISCUS WHITE,$0.65,,2025-12-13 10:55:45,,,
Rose,FATIMA GARDEN,$0.65,,2026-02-12 17:07:07,,,
Rose,ALY,$0.65,,2025-10-31 13:53:35,,,
Rose,ANDREA,$0.65,,2025-10-31 13:53:35,,,
Rose,ART DECO,$0.65,,2026-02-07 13:10:40,,,
Rose,BARISTA,$0.65,,2025-11-07 15:32:39,,,
Rose,BARISTA,$0.65,,2025-11-08 10:12:30,,,
Rose,BIT MORE,$0.65,,2026-01-23 15:11:10,,,
Rose,BLIZZARD,$0.65,,2026-02-19 14:49:15,,,
Rose,BLUE BERRY,$0.65,,2025-11-06 18:01:06,,,
Rose,BROMO,$0.65,,2025-12-19 14:00:55,,,
Rose,CANDLELIGHT,$0.65,,2025-10-31 13:53:35,,,
Rose,EXPLORER,$0.65,,2025-11-14 15:22:03,,,
Rose,FAIR LADY,$0.65,,2026-02-13 16:25:33,,,
Rose,FREE SPIRIT,$0.65,,2025-10-31 13:53:35,,,
Rose,FREEDOM,$0.65,,2025-10-31 14:19:57,,,
Rose,GOVINDA,$0.65,,2026-02-20 14:33:23,,,
Rose,HEARTS,$0.65,,2025-10-31 13:53:35,,,
Rose,HOT SPOT,$0.65,,2026-02-06 15:20:48,,,
Rose,IDILIA,$0.65,,2026-02-11 14:25:55,,,
Rose,JALAH,$0.65,,2026-02-19 14:49:15,,,
Rose,KAHALA,$0.65,,2025-10-31 14:19:57,,,
Rose,MERLOT,$0.65,,2025-11-14 15:22:03,,,
Rose,MONDIAL,$0.65,,2025-10-31 13:53:35,,,
Rose,NENA,$0.65,,2025-11-21 14:11:35,,,
Rose,NINA,$0.65,,2026-02-20 14:33:23,,,
Rose,OCEAN SONG,$0.65,,2025-10-31 13:53:35,,,
Rose,ORANGE CRUSH,$0.65,,2025-11-06 18:01:06,,,
Rose,PHOENIX,$0.65,,2025-10-31 13:53:35,,,
Rose,PINK FLOYD,$0.65,,2025-11-08 10:12:30,,,
Rose,PINK MONDIAL,$0.65,,2025-10-31 13:53:35,,,
Rose,PINK PORCELAIN,$0.65,,2026-02-20 14:33:23,,,
Rose,POMA ROSA,$0.65,,2025-10-31 13:53:35,,,
Rose,POMPEI,$0.65,,2025-10-31 13:53:35,,,
Rose,QUICKSAND,$0.65,,2025-10-31 13:53:35,,,
Rose,RAZZMATAZZ,$0.65,,2025-11-06 18:01:06,,,
Rose,RHOSLYN,$0.65,,2025-11-07 15:32:39,,,
Rose,ROYAL EXPLORER,$0.65,,2026-02-13 16:25:33,,,
Rose,SAHARA,$0.65,,2025-10-31 13:53:35,,,
Rose,SHIMMER,$0.65,,2025-10-31 13:53:35,,,
Rose,SHINE ON,$0.65,,2025-11-27 14:46:03,,,
Rose,SHOCKING BLUE,$0.65,,2025-10-31 14:19:57,,,
Rose,SOUTH PARK,$0.65,,2026-02-07 13:10:40,,,
Rose,SPRIT,$0.65,,2025-10-31 14:19:57,,,
Rose,SUSPIRO,$0.65,,2025-11-07 15:32:39,,,
Rose,SYMBOL,$0.65,,2025-10-31 13:53:35,,,
Rose,TIARA,$0.65,,2026-01-30 14:38:01,,,
Rose,TIBET,$0.65,,2025-10-31 13:53:35,,,
Rose,TIE DYE,$0.65,,2026-02-13 16:25:33,,,
Rose,TINTED MON,$0.65,,2026-02-07 13:10:40,,,
Rose,TIP TOP,$0.65,,2025-10-31 14:19:57,,,
Rose,TYCOON,$0.65,,2026-02-20 14:33:23,,,
Rose,VENDELA,$0.65,,2025-10-31 13:53:35,,,
Rose,YOGA,$0.65,,2025-12-24 10:29:38,,,
Rose,YURAQ,$0.65,,2025-11-01 9:42:20,,,
Tweedia,TWEEDIA SKY BLUE,$0.65,,2025-10-31 13:53:35,,,
Tweedia,TWEEDIA WHITE,$0.65,,2025-11-21 7:00:40,,,
Anemone,ANEMONE LEVANTE BLUE,$0.70,,2025-11-13 17:33:28,,,
Delphinium,DELPHINIUM BLUE BIRD,$0.70,$0.63,2026-02-20 14:33:23,,,
Delphinium,DELPHINIUM BLUE BIRD,$0.70,,2026-01-30 14:38:01,,,
Anemone,ANEMONE LEVANTE LIGHT PINK,$0.75,,2026-01-30 14:38:01,,,
Anemone,ANEMONE LEVANTE WHITE,$0.75,,2026-01-10 12:52:23,,,
Anemone,ANEMONE MISTRAL BLUE,$0.75,,2026-02-07 13:10:40,,,
Anemone,ANEMONE MISTRAL BLUSH,$0.75,,2025-10-31 14:19:57,,,
Anemone,ANEMONE MISTRAL BURGUNDY,$0.75,,2025-10-31 13:53:35,,,
Anemone,ANEMONE MISTRAL PINKIE,$0.75,,2025-11-08 10:12:30,,,
Anemone,ANEMONE MISTRAL PURPLE,$0.75,,2025-11-06 18:01:06,,,
Anemone,ANEMONE MISTRAL RED,$0.75,,2025-11-07 15:32:39,,,
Anemone,ANEMONE MISTRAL SOFT PURPLE,$0.75,,2025-10-31 13:53:35,,,
Ranunculus,AMANDINE PICOTTE,$0.75,,2025-12-24 10:29:38,,,
Ranunculus,ELEGANCE BURGUNDY,$0.75,,2026-01-15 13:55:19,,,
Ranunculus,ELEGANCE CIOCOLATO,$0.75,,2025-12-06 11:09:05,,,
Ranunculus,ELEGANCE CREAM,$0.75,,2025-12-03 15:26:37,,,
Ranunculus,ELEGANCE HOT PINK,$0.75,,2025-10-31 14:19:57,,,
Ranunculus,ELEGANCE LIGHT PINK,$0.75,,2025-10-31 14:19:57,,,
Ranunculus,ELEGANCE ORANGE,$0.75,,2025-11-21 14:11:35,,,
Ranunculus,ELEGANCE PEACH PASTELLO,$0.75,,2025-10-31 13:53:35,,,
Ranunculus,ELEGANCE PINK,$0.75,,2025-10-31 13:53:35,,,
Ranunculus,ELEGANCE PURPLE,$0.75,,2025-11-21 7:00:40,,,
Ranunculus,ELEGANCE RED,$0.75,,2025-10-31 14:19:57,,,
Ranunculus,ELEGANCE VIOLET,$0.75,,2025-11-14 15:22:03,,,
Ranunculus,ELEGANCE YELLOW,$0.75,,2025-10-31 14:19:57,,,
Limonium - Tinted,LIMONIUM PAINTED GOLD,$0.80,,2025-10-31 13:53:35,,,
Limonium - Tinted,LIMONIUM TINTED CINNAMON BROWN,$0.80,,2025-10-31 13:53:35,,,
Amaranthus,AMARANTHUS CORAL FOURTAIN,$0.85,,2025-11-07 15:32:39,,,
Amaranthus,AMARANTHUS GREEN TAILS,$0.85,$0.75,2026-01-29 16:00:35,,,
Amaranthus,AMARANTHUS HOT BISCUITS,$0.85,$0.75,2025-12-18 12:03:44,,,
Amaranthus,AMARANTHUS PONYTAILS RED,$0.85,,2025-11-18 10:54:01,,,
Amaranthus,AMARANTHUS VELVET CURTAINS,$0.85,,2025-11-15 11:44:13,,,
Anemone - Premium,ANEMONE MISTRAL WHITE,$0.85,,2025-10-31 13:53:35,,,
Baby's Breath - Tinted,GYPSOPHILA ORANGE,$0.85,,2025-12-06 11:09:05,,,
Baby's Breath - Tinted,GYPSOPHILA RASPBERRY TINTED,$0.85,,2025-12-06 11:09:05,,,
Baby's Breath - Tinted,GYPSOPHILA TERRACOTA XCLENCE,$0.85,,2025-12-06 11:09:05,,,
Baby's Breath - Tinted,GYPSOPHILA TINTED CAFE AULAIT,$0.85,,2025-11-07 15:32:39,,,
Ranunculus,ELEGANCE CORAL,$0.85,,2025-10-31 13:53:35,,,
Ranunculus,ELEGANCE PEACH,$0.85,,2026-01-30 14:38:01,,,
Ranunculus,ELEGANCE WHITE,$0.85,,2026-01-02 15:23:28,,,
Ranunculus,PON PON DRAGONFRUIT,$0.85,,2025-12-13 10:55:45,,,
Ranunculus,PON PON IGLOO,$0.85,,2025-10-31 14:19:57,,,
Ranunculus,PON PON LUNA,$0.85,,2026-01-23 15:11:10,,,
Ranunculus,PON PON MALVA,$0.85,,2025-11-27 14:46:03,,,
Ranunculus,PON PON MERLINO,$0.85,,2025-10-31 14:19:57,,,
Rose,MAYRA'S PEACH,$0.85,,2025-12-24 10:29:38,,,
Rose,RED MONSTER,$0.85,,2026-02-06 15:20:48,,,
Rose,SCARLATA,$0.85,,2026-02-06 15:20:48,,,
Rose,SUNDAY MORNING,$0.85,,2026-01-23 15:11:10,,,
Rose - Garden,ANTONIA GARDENS,$0.85,,2025-10-31 13:53:35,,,
Rose - Garden,AURORA GARDEN,$0.85,,2025-10-31 13:53:35,,,
Rose - Garden,BRUJAS,$0.85,,2025-12-06 11:09:05,,,
Rose - Garden,CANDY EXPRESSION,$0.85,,2025-11-14 15:22:03,,,
Rose - Garden,DRAGON FLY,$0.85,,2025-11-28 14:36:02,,,
Rose - Garden,GARDEN SPIRIT,$0.85,,2025-10-31 14:19:57,,,
Rose - Garden,HOT PINK MAYRA,$0.85,,2025-11-08 10:12:30,,,
Rose - Garden,OHARA,$0.85,,2025-10-31 14:19:57,,,
Rose - Garden,PINK EXPRESSION,$0.85,,2025-11-28 14:36:02,,,
Rose - Garden,PLAYA BLANCA,$0.85,,2025-10-31 13:53:35,,,
Rose - Garden,QUEEN MAYRA,$0.85,,2025-10-31 13:53:35,,,
Rose - Garden,RED MAYRA,$0.85,,2025-10-31 13:53:35,,,
Rose - Garden,SIENTE,$0.85,,2025-11-07 15:32:39,,,
Rose - Garden,WHITE MAYRA,$0.85,,2025-10-31 13:53:35,,,
Ranunculus - Butterfly,MARIPOSA MAGICAL STRAWBERRY,$1.20,,2026-02-06 15:20:48,,,
Ranunculus - Butterfly,MARIPOSA MAGICAL YELLOW,$1.20,,2026-02-13 16:25:33,,,
Ranunculus - Butterfly,BUTTERFLY ERIS CL,$1.20,,2025-10-31 13:53:35,,,
Ranunculus - Butterfly,BUTTERFLY GRACE W,$1.20,,2025-10-31 13:53:35,,,
Ranunculus - Butterfly,BUTTERFLY HADES R,$1.20,,2025-11-18 10:46:18,,,
Ranunculus - Butterfly,BUTTERFLY HELIOS - LY,$1.20,,2025-11-06 18:01:06,,,
Ranunculus - Butterfly,BUTTERFLY HERA P,$1.20,,2025-10-31 13:53:35,,,
Ranunculus - Butterfly,BUTTERFLY LYCIA LV,$1.20,,2025-10-31 13:53:35,,,
Ranunculus - Butterfly,BUTTERFLY MINOAN O,$1.20,,2025-10-31 13:53:35,,,
Ranunculus - Butterfly,BUTTERFLY MUSA CL,$1.20,,2025-10-31 13:53:35,,,
Ranunculus - Butterfly,BUTTERFLY PHYTALOS Y,$1.20,,2025-10-31 13:53:35,,,
Ranunculus - Butterfly,MARIPOSA MAGICAL CARAMEL,$1.20,,2026-01-30 14:38:01,,,
Ranunculus - Butterfly,MARIPOSA MAGICAL CHOCOLATE,$1.20,,2025-10-31 14:19:57,,,
Ranunculus - Butterfly,MARIPOSA MAGICAL CINNAMON,$1.20,,2025-10-31 13:53:35,,,
Ranunculus - Butterfly,MARIPOSA MAGICAL RASPBERRY,$1.20,,2025-10-31 14:19:57,,,
Ranunculus - Butterfly,MARIPOSA MAGICAL SALMON,$1.20,,2025-10-31 13:53:35,,,
Ranunculus - Butterfly,NATURA MODERNA DOLCE,$1.20,,2025-10-31 14:19:57,,,
Ranunculus - Butterfly,NATURA MODERNA MIELLE,$1.20,,2025-10-31 14:19:57,,,
Ranunculus,SUCCESS WHITE,$1.60,,2025-12-31 10:42:46,,,
Ranunculus - Butterfly Premium,BUTTERFLY ARIADNE LP,$1.60,,2025-11-07 15:32:39,,,
Ranunculus - Butterfly Premium,MARIPOSA MAGICAL MASCARPONE,$1.60,,2025-10-31 13:53:35,,,
Ranunculus - Premium,SUCCESS CLONI FAVOLA,$1.60,,2025-11-13 17:33:28,,,
Ranunculus - Premium,SUCCESS CLONI LADY PINK,$1.60,,2025-10-31 13:53:35,,,
Ranunculus - Premium,SUCCESS CLONI NEBBIA,$1.60,,2025-10-31 14:19:57,,,
Ranunculus - Premium,SUCCESS HANOI,$1.60,,2025-10-31 13:53:35,,,
Garland,SMILAX GARLAND,$2.50,,2025-11-07 15:32:39,,,
Ranunculus,ELEGANCE ORANGE,$0.75,$0.78,2026-02-26 16:48:22,,,
Delphinium,DELPHINIUM LIGHT BLUE,$0.50,$0.70,2026-02-26 16:48:22,,,
Delphinium,DELPHINIUM SKY WALTZ,$0.50,$0.70,2026-02-26 16:48:22,,,
,NIGELLA SKY BLUE,,$0.40,2026-02-26 16:48:22,,,
Ranunculus - Butterfly Premium,BUTTERFLY ARIADNE LP,$1.60,$1.50,2026-02-26 16:48:22,,,
,LIMONIUM OSHI PINK,,$0.45,2026-02-26 16:48:22,,,
Delphinium,DELPHINIUM SOFT PURPLE,$0.50,$0.70,2026-02-26 16:48:22,,,
,BE PATIENT SPRAY ROSE,,$0.60,2026-02-26 16:48:22,,,
,CORAL REEF,,$0.65,2026-02-27 16:09:23,,,
,FLOWERING POPPY CORAL,,$0.60,2026-02-27 16:09:23,,,
,FLOWERING POPPY ORANGE,,$0.60,2026-02-27 16:09:23,,,
Ranunculus,ELEGANCE ORANGE,$0.75,$0.78,2026-02-27 16:09:23,,,
Ranunculus,ELEGANCE ORANGE,$0.75,$0.78,2026-02-27 16:09:23,,,
Amaranthus,AMARANTHUS GREEN TAILS,$0.85,$0.75,2026-02-27 16:09:23,,,
Greenery,RUMEX UNICORN,$0.45,$0.43,2026-02-27 16:09:23,,,
,DARK EXPRESSION,,$0.85,2026-02-27 16:09:23,,,
Delphinium,DELPHINIUM SKY WALTZ,$0.50,$0.65,2026-02-27 16:09:23,,,
Delphinium,DELPHINIUM SKY WALTZ,$0.50,$0.65,2026-02-27 16:09:23,,,
,SUCCESS CLONI CHARLESTON,,$1.60,2026-02-27 16:09:23,,,
,BREANTHUS RAJAH WHITE,,$0.47,2026-02-27 16:09:23,,,
Delphinium,DELPHINIUM LIGHT BLUE,$0.50,$0.70,2026-02-27 16:09:23,,,
Delphinium,DELPHINIUM LIGHT BLUE,$0.50,$0.70,2026-02-27 16:09:23,,,
Ranunculus,ELEGANCE CREAM,$0.75,$1.60,2026-02-27 16:09:23,,,
,FOCAL SCOOP SWEETNESS,,$0.60,2026-02-27 16:09:23,,,
,BE PATIENT SPRAY ROSE,,$0.60,2026-02-27 16:09:23,,,
Marigold,MARIGOLD ORANGE,$0.60,$0.35,2026-02-28 11:52:47,,,
,STATICE SINZII VIOLET,,$0.65,2026-02-28 11:52:47,,,
,STATICE LAVANDER,,$0.45,2026-02-28 11:52:47,,,
,FLOWERING POPPY CORAL,,$0.60,2026-03-04 14:21:48,,,
Delphinium,DELPHINIUM SKY WALTZ,$0.50,$0.70,2026-03-04 14:21:48,,,
Delphinium,DELPHINIUM SKY WALTZ,$0.50,$0.70,2026-03-04 14:21:48,,,
Delphinium,DELPHINIUM SKY WALTZ,$0.50,$0.70,2026-03-04 14:21:48,,,
Delphinium,DELPHINIUM SKY WALTZ,$0.50,$0.70,2026-03-04 14:21:48,,,
,CAMPANULA LAVANDER,,$0.64,2026-03-04 14:21:48,,,
Eucalyptus,CINEREA EUCALIPTO,$0.35,$0.60,2026-03-05 16:35:31,,,
,NIGELLA SKY BLUE,,$0.40,2026-03-05 16:35:31,,,
,DARK EXPRESSION,,$0.85,2026-03-05 16:35:31,,,
,LA HABANA,,$0.65,2026-03-05 16:35:31,,,
Ranunculus - Butterfly Premium,BUTTERFLY ARIADNE LP,$1.60,$0.35,2026-03-05 16:35:31,,,
Ranunculus - Butterfly Premium,BUTTERFLY ARIADNE LP,$1.60,$0.35,2026-03-05 16:35:31,,,
,DELPHINIUM TRICK KS LAVENDER,,$0.50,2026-03-05 16:35:31,,,
,KING CROSS,,$0.65,2026-03-06 16:54:27,,,
Amaranthus,AMARANTHUS GREEN TAILS,$0.85,$0.75,2026-03-06 16:54:27,,,
Amaranthus,AMARANTHUS GREEN TAILS,$0.85,$0.75,2026-03-06 16:54:27,,,
,1,,$7.08,2026-03-06 16:54:27,,,
,3,,$17.63,2026-03-06 16:54:27,,,
Delphinium,DELPHINIUM LIGHT BLUE,$0.50,$0.63,2026-03-06 16:54:27,,,
Delphinium,DELPHINIUM LIGHT BLUE,$0.50,$0.63,2026-03-06 16:54:27,,,
Delphinium,DELPHINIUM LIGHT BLUE,$0.50,$0.63,2026-03-06 16:54:27,,,
Delphinium,DELPHINIUM LIGHT BLUE,$0.50,$0.63,2026-03-06 16:54:27,,,
,2,,$19.20,2026-03-06 16:54:27,,,
Dianthus,GREEN WICKY,$0.30,$0.48,2026-03-06 16:54:27,,,
,4,,$18.00,2026-03-06 16:54:27,,,
Delphinium,DELPHINIUM SKY WALTZ,$0.50,$0.70,2026-03-06 16:54:27,,,
Delphinium,DELPHINIUM SKY WALTZ,$0.50,$0.70,2026-03-06 16:54:27,,,
Delphinium,DELPHINIUM SKY WALTZ,$0.50,$0.70,2026-03-06 16:54:27,,,
Delphinium,DELPHINIUM SKY WALTZ,$0.50,$0.70,2026-03-06 16:54:27,,,
Delphinium,DELPHINIUM SKY WALTZ,$0.50,$0.70,2026-03-06 16:54:27,,,
Delphinium,DELPHINIUM SKY WALTZ,$0.50,$0.70,2026-03-06 16:54:27,,,
Delphinium,DELPHINIUM SKY WALTZ,$0.50,$0.70,2026-03-06 16:54:27,,,
Delphinium,DELPHINIUM SKY WALTZ,$0.50,$0.70,2026-03-06 16:54:27,,,
,6,,$51.00,2026-03-06 16:54:27,,,
,HYPERICUM PINK,,$0.45,2026-03-06 16:54:27,,,
,SWEET PEA PINK,,$0.60,2026-03-06 16:54:27,,,
Ranunculus,ELEGANCE PEACH,$0.85,$1.60,2026-03-06 16:54:27,,,
,ALOHA,,$0.65,2026-03-06 16:54:27,,,
,ASTROMELIA ORANGE,,$0.40,2026-03-06 16:54:27,,,
,BREEZER,,$0.65,2026-03-06 16:54:27,,,