Branch - GS,Stem Type,VARIETY - GS,PRICE/UNIT - GS,PRICE/UNIT $,Last Updated (Run Date),,,49,,,,,,,,,,,
Carlsbad,Amaranthus,Amaranthus Hanging Green,$1.25,,2025-11-06 15:58:38,,,MEDIAN of PRICE/UNIT - GS,Branch - GS,,,,,,,,,,
Carlsbad,Baby's Breath,Gypsophila Million Star White,$1.05,,2025-11-06 16:12:45,,,VARIETY - GS,Carlsbad,Chandler,Charlotte,Cleveland,Houston,LAX,Miami,Raleigh,Riverside,San Francisco,Grand Total
Carlsbad,Calla,Calla Lily Mini White,$2.25,,2026-02-12 10:39:35,,,Acacia Blooming Yellow,,,,,,,$1.50,,,,$1.50
Carlsbad,Calla - Mini,Calla Lily Mini Purple,$2.25,,2025-11-14 9:36:51,,,Acacia Foliage Pearl Silver,,$1.25,,,,,$1.35,,,,$1.30
Carlsbad,Delphinium,Delphinium Belladonna White,$1.90,,2025-11-06 16:12:45,,,Agonis Brown,,,,,,,$1.85,,,,$1.85
Carlsbad,Delphinium,Delphinium Sky Waltz Light Blue 70cm,$1.90,,2025-11-06 16:12:45,,,Allium Japan Snake Ball Green,,,,,,,$5.95,,,,$5.95
Carlsbad,Dianthus,Dianthus Solomio White,$1.20,,2025-11-06 15:58:38,,,Amaranthus Hanging Green,$1.25,$1.85,,,,,$2.25,,,#NUM!,$2.05
Carlsbad,Greenery,Eucalyptus Parvifolia Green,$0.80,,2025-11-06 16:12:45,,,Amaranthus Hanging Red,,,,,,,$2.25,,,,$2.25
Carlsbad,Greenery,Eucalyptus Silver Dollar Green,$0.80,,2025-11-06 16:12:45,,,Anemone Mistral Blush,,,,,,,$2.25,,,,$2.25
Carlsbad,Greenery,Leather Green,$0.65,,2025-11-06 16:12:45,,,Anthurium Burgundy Medium,,,,,,,$12.50,,,,$12.50
Carlsbad,Greenery,Ruscus Israeli Green,$0.60,,2025-11-06 15:58:38,,,Aspidistra Green,,,,,,,$0.75,,,,$0.75
Carlsbad,Greenery,Ruscus Italian Green 100 cm,$1.35,,2025-11-14 9:36:51,,,Aster Montecasino White,,#NUM!,,,,,$0.85,,,,$0.85
Carlsbad,Hydrangea,Hydrangea Dark Blue Medium,$2.25,,2026-02-12 10:39:35,,,Astilbe Burgundy,,,,,,,$2.03,,,,$2.03
Carlsbad,Larkspur,Larkspur White,$1.45,,2025-11-06 16:12:45,,,Astilbe White,,,,,,,,,,#NUM!,#NUM!
Carlsbad,Lily,Lily Oriental Stargazer Pink/White,$3.55,,2025-11-14 9:36:51,,,Astrantia Burgundy,,,,,,,$1.75,,,,$1.75
Carlsbad,Ranunculus,Ranunculus Cream,$2.40,,2025-11-06 16:12:45,,,Astrantia White,,,,,,,$1.95,,,,$1.95
Carlsbad,Ranunculus - Butterfly,Ranunculus Spray Butterfly Eris Salmon,$3.00,,2025-11-06 16:12:45,,,Bear Grass Standard Green,,,,,,,$0.65,,,#NUM!,$0.65
Carlsbad,Rose,Rose Mondial Cream,$1.40,,2025-11-06 16:12:45,,,Brunia Silver,,,,,,,,,$1.60,,$1.60
Carlsbad,Rose,Rose Peach,$1.40,,2025-11-06 16:12:45,,,Calla Lily Aethiopica White,,,,,,,$2.50,,,,$2.50
Carlsbad,Rose,Rose Playa Blanca White,$1.50,,2025-11-06 15:58:38,,,Calla Lily Mini Burgundy,,,,,,,$2.25,,,,$2.25
Carlsbad,Rose,Rose Tibet White,$1.40,$1.45,2025-11-07 11:20:28,,,Calla Lily Mini Cranberry Burgundy,,,,,,,$2.50,,,,$2.50
Carlsbad,Rose - Garden,Rose Garden Keira Blush,$4.50,,2025-11-06 16:12:45,,,Calla Lily Mini Cranberry Burgundy 40cm,,,,,,,$2.50,,,,$2.50
Carlsbad,Rose - Spray,Spray Rose Floreana White,$1.85,,2025-11-06 15:58:38,,,Calla Lily Mini Cranberry Burgundy 50cm,,,,,,,$2.25,,,,$2.25
Carlsbad,Rose - Spray,Spray Rose Sahara Sensation Peach,$2.20,,2025-11-06 16:12:45,,,Calla Lily Mini Crystal Blush White,,,,,,,$2.25,,,,$2.25
Carlsbad,Scabiosa,Scabiosa French Vanilla Scoop Blush,$1.45,,2025-11-06 16:12:45,,,Calla Lily Mini Light Pink,,,,,,,$2.50,,,,$2.50
Carlsbad,Scabiosa,Scabiosa White,$1.45,,2025-11-06 16:12:45,,,Calla Lily Mini Naomi Purple,,,,,,,$2.50,,,,$2.50
Carlsbad,Statice,Statice Tissue Culture Peach,$0.85,,2025-11-06 16:12:45,,,Calla Lily Mini Nightcap,,,,,,,$2.25,,,,$2.25
Carlsbad,Stock,Stock Yellow Select,$1.40,,2025-11-06 16:12:45,,,Calla Lily Mini Nightcap Purple,,,,,,,$2.25,,,,$2.25
Carlsbad,Tulip,Tulip Light Pink,$1.85,,2025-11-06 16:12:45,,,Calla Lily Mini Pink,,,,,,,#NUM!,,,,#NUM!
Carlsbad,Tulip,Tulip White,$1.85,$1.95,2026-02-12 10:39:35,,,Calla Lily Mini Purple,$2.25,,,,,,$2.25,,,,$2.25
Chandler,Acacia,Acacia Foliage Pearl Silver,$1.25,,2026-01-15 10:02:59,,,Calla Lily Mini Schwarzwalder Black,,,,,,,$2.25,,,,$2.25
Chandler,Amaranthus,Amaranthus Hanging Green,$1.85,,2025-12-10 9:38:51,,,Calla Lily Mini White,$2.25,$2.50,,,,$2.25,$1.95,,,#NUM!,$1.95
Chandler,Calla - Mini,Calla Lily Mini White,$2.50,,2025-12-10 9:38:51,,,Calla Lily Mini White 50cm,,,,,,,$2.05,,,,$2.05
Chandler,Chamomile,Chamomile Daisy White,$1.85,,2026-01-15 10:02:59,,,Calla Lily Super White,,,,,,,$3.50,,,,$3.50
Chandler,Eucalyptus,Eucalyptus Gunnii Green,$0.85,,2026-02-05 8:31:27,,,Calla Lily Super White 80cm,,$3.75,,,,,$3.75,,,,$3.75
Chandler,Eucalyptus,Eucalyptus Gunnii Green,$0.85,,2026-02-05 9:59:00,,,Carnation Assorted,,#NUM!,,,,,,,,,#NUM!
Chandler,Hydrangea,Hydrangea Mojito Green Medium,$2.50,,2025-12-10 9:38:51,,,Carnation Brut Blush Fancy,,,,,,,$0.59,,,,$0.59
Chandler,Open Cut Calla Lily,Calla Lily Super White 80cm,$3.75,,2025-12-10 9:38:51,,,Carnation Burgundy,,,,,,,$0.59,,,,$0.59
Chandler,Orlaya,Orlaya White,$1.50,,2026-01-15 10:02:59,,,Carnation Hanoi Blush,,,,,,,$0.59,,,,$0.59
Chandler,Spray Rose,Spray Rose Snowflake White,$1.50,,2026-02-05 8:31:27,,,Carnation Lege Marrone Beige,,,,,,,$0.59,,,,$0.59
Chandler,Spray Rose,Spray Rose Snowflake White,$1.50,,2026-02-05 9:59:00,,,Carnation Lege Marrone Beige Fancy,,,,,,,,$0.59,,,$0.59
Chandler,Thistle,Eryngium Magical Blue Lagoon Blue,$1.65,,2026-02-05 9:59:00,,,Carnation Lizzy Peach Fancy,,,,,,,$0.59,,,,$0.59
Chandler,Tulip,Tulip White,$1.95,,2025-12-10 9:38:51,,,Carnation Minerva Purple/White Fancy,,,,,,,$0.59,,,,$0.59
Cleveland,Eucalyptus,Eucalyptus Silver Dollar Green,$1.25,,2026-01-05 21:15:05,,,Carnation Nobbio Burgundy Fancy,,,,,,,#NUM!,,,,#NUM!
Cleveland,Gypsophila,Gypsophila Xlence White,$0.99,,2025-12-29 10:50:28,,,Carnation White,,,,,,,$0.59,,,,$0.59
Cleveland,Ranunculus,Ranunculus Clooney Pink,$5.95,,2025-12-29 10:50:28,,,Cedar Port Orford Green,,,,,,,$1.24,,,,$1.24
Cleveland,Ranunculus,Ranunculus White,$2.10,,2025-12-29 10:50:28,,,Chamomile Daisy White,,$1.85,,,,,$1.85,,,,$1.85
Cleveland,Rose,Rose Playa Blanca White,$2.15,,2026-01-05 21:15:05,,,China Mum Bronze,,,,,,,$1.50,,,,$1.50
Cleveland,Rose,Rose Tibet White,$1.60,,2026-01-05 21:15:05,,,China Mum White Select,,,,,,,$1.75,,,,$1.75
Cleveland,Rose - Garden,Rose Garden Keira Blush,$3.65,,2026-01-05 21:15:05,,,Chrysanthemum Disbud Andrea Purple,,,,,,,$1.50,,,,$1.50
Cleveland,Rose - Spray,Spray Rose Floreana White,$1.55,,2025-12-29 10:50:28,,,Chrysanthemum Disbud Ball Red,,,,,,,$1.50,,,,$1.50
Cleveland,Stock,Stock White Select,$1.30,,2026-01-05 21:15:05,,,Chrysanthemum Disbud Ball White,,,,,,,,,,$1.75,$1.75
LAX,Calla - Mini,Calla Lily Mini White,$2.25,,2025-12-15 17:41:10,,,Chrysanthemum Disbud Cooper,,,,,,,$1.50,,,,$1.50
LAX,Greenery,Cypress Carolina Sapphire Green,$0.55,,2025-12-15 17:41:10,,,Chrysanthemum Disbud Cooper Bronze,,,,,,,$1.50,$1.10,,,$1.30
LAX,Greenery,Douglas Fir Boughs Green,$0.55,,2025-12-15 17:41:10,,,Chrysanthemum Disbud Linette,,,,,,,$1.50,,,,$1.50
LAX,Greenery,Leyland Cypress Variegated,$0.55,,2025-12-15 17:41:10,,,Chrysanthemum Disbud Linette Peach,,,,,,,$1.50,,,,$1.50
LAX,Greenery,Ruscus Italian Green,$1.35,,2025-12-15 17:41:10,,,Chrysanthemum Disbud Maisy White,,,,,,,,,,$1.50,$1.50
LAX,Hydrangea,Hydrangea White Medium,$2.25,,2025-12-15 17:41:10,,,Chrysanthemum Disbud White,,,,,,,$1.50,,,,$1.50
Miami,Acacia,Acacia Blooming Yellow,$1.50,,2025-12-26 11:06:54,,,Cymbidium Mini Red,,,,,,,$18.95,,,,$18.95
Miami,Acacia,Acacia Foliage Pearl Silver,$1.35,,2026-01-19 13:36:52,,,Cypress Carolina Sapphire Green,,,,,,$0.55,$1.15,,,,$0.85
Miami,Allium,Allium Japan Snake Ball Green,$5.95,,2026-02-11 11:49:46,,,Delphinium Belladonna Dark Blue,,,,,,,$1.85,,,,$1.85
Miami,Amaranthus,Amaranthus Hanging Green,$2.25,$1.85,2026-02-17 13:15:16,,,Delphinium Belladonna Light Blue,,,,,,,$1.85,,$1.60,,$1.85
Miami,Amaranthus,Amaranthus Hanging Red,$2.25,$1.85,2026-01-14 12:40:38,,,Delphinium Belladonna White,$1.90,,#NUM!,,,,$1.85,,,,$1.88
Miami,Anemone,Anemone Mistral Blush,$2.25,,2025-12-26 11:07:37,,,Delphinium Sea Waltz Dark Blue 70cm,,,,,,,$1.85,,,,$1.85
Miami,Anthurium,Anthurium Burgundy Medium,$12.50,,2025-11-25 13:54:10,,,Delphinium Sea Waltz White,,,,,,,$1.85,,,,$1.85
Miami,Aspidistra,Aspidistra Green,$0.75,,2025-11-11 13:53:15,,,Delphinium Sky Waltz Light Blue 70cm,$1.90,,,,,,$1.85,,,,$1.88
Miami,Aster,Aster Montecasino White,$0.85,,2025-11-18 12:48:25,,,Dendrobium Singapore Mokara Red,,,,,,,#NUM!,,,,#NUM!
Miami,Astilbe,Astilbe Burgundy,$2.03,$2.25,2025-12-23 9:36:50,,,Dianthus Solomio White,$1.20,,,,,,,,,,$1.20
Miami,Astrantia,Astrantia Burgundy,$1.75,$2.05,2025-12-23 9:14:40,,,Douglas Fir Boughs Green,,,,,,$0.55,,,,,$0.55
Miami,Astrantia,Astrantia White,$1.95,$1.75,2025-12-02 13:16:08,,,Dusty Miller Silver,,,,,,,$1.35,,,,$1.35
Miami,Baby's Breath,Garland Gypsophila Xlence White 5',$7.22,,2026-01-13 10:33:47,,,Eryngium Blue,,,,,,,$1.50,,,,$1.50
Miami,Baby's Breath,Gypsophila Xlence White,$0.83,,2026-01-06 12:29:04,,,Eryngium Magical Blue,,,,,,,#NUM!,,,,#NUM!
Miami,Berries,Ligustrum Berry Black,$2.85,,2025-12-02 13:15:36,,,Eryngium Magical Blue Lagoon Blue,,$1.65,,,,,$1.75,,,,$1.70
Miami,Berries,Pepperberry Hanging Pink,$1.25,,2025-12-26 11:06:54,,,Eucalyptus Assorted,,,#NUM!,,,,,,,,#NUM!
Miami,Branches,Fruiting Branches Blueberries Green,$3.48,,2026-02-11 11:49:46,,,Eucalyptus Baby Blue Blue,,,,,,,$1.02,,,,$1.02
Miami,Calla,Calla Lily Aethiopica White,$2.50,,2025-11-11 13:53:15,,,Eucalyptus Gunnii Green,,$0.85,,,,,,,,,$0.85
Miami,Calla,Calla Lily Mini Cranberry Burgundy 40cm,$2.50,,2026-02-11 11:49:46,,,Eucalyptus Parvifolia Green,$0.80,,,,,,$1.02,,,,$0.91
Miami,Calla,Calla Lily Mini Cranberry Burgundy 50cm,$2.25,,2026-02-17 12:10:27,,,Eucalyptus Seeded Green,,,,,,,$0.92,$1.05,,$0.85,$0.92
Miami,Calla,Calla Lily Mini Crystal Blush White,$2.25,,2026-02-10 14:06:02,,,Eucalyptus Silver Dollar,,,,,,,$0.92,,,,$0.92
Miami,Calla,Calla Lily Mini Naomi Purple,$2.50,,2026-02-17 12:11:03,,,Eucalyptus Silver Dollar Green,$0.80,,,$1.25,,,$0.92,,,,$0.92
Miami,Calla,Calla Lily Mini Schwarzwalder Black,$2.25,,2026-02-17 13:10:47,,,Eucalyptus Willow Green,,,,,,,$1.05,,,,$1.05
Miami,Calla,Calla Lily Mini White 50cm,$2.05,,2026-02-02 13:02:56,,,Fritillaria Meleagris Variegated Purple,,,,,,,$1.95,,,,$1.95
Miami,Calla,Calla Lily Mini White 50cm,$2.05,$1.95,2026-02-17 13:10:47,,,Fruiting Branches Blueberries Green,,,,,,,$3.48,,,,$3.48
Miami,Calla,Calla Lily Super White 80cm,$3.75,,2026-02-02 13:02:56,,,Fruiting Branches Olive Green,,,,,,,$1.05,,,,$1.05
Miami,Calla - Mini,Calla Lily Mini Burgundy,$2.25,,2025-12-23 9:14:40,,,Garland Gypsophila Xlence Natural White,,,,,,,$14.45,,,,$14.45
Miami,Calla - Mini,Calla Lily Mini Cranberry Burgundy,$2.50,,2025-11-25 13:54:10,,,Garland Gypsophila Xlence Natural White 10',,,,,,,,,,#NUM!,#NUM!
Miami,Calla - Mini,Calla Lily Mini Light Pink,$2.50,,2025-12-26 11:06:54,,,Garland Gypsophila Xlence White,,,,,,,$7.22,,,,$7.22
Miami,Calla - Mini,Calla Lily Mini Nightcap,$2.25,,2025-11-25 13:50:42,,,Garland Gypsophila Xlence White 5',,,,,,,$7.22,,,,$7.22
Miami,Calla - Mini,Calla Lily Mini Nightcap Purple,$2.25,,2025-11-19 17:33:20,,,Gerbera Mini White,,,,,,,#NUM!,,,,#NUM!
Miami,Calla - Mini,Calla Lily Mini Purple,$2.25,,2026-01-21 13:05:19,,,Gomphrena Assorted,,,,,,,,,,#NUM!,#NUM!
Miami,Calla - Mini,Calla Lily Mini White,$1.95,$2.25,2026-02-11 11:49:46,,,Gypsophila Million Star White,$1.05,,,,,,,,,,$1.05
Miami,Carnation,Carnation Brut Blush Fancy,$0.59,,2025-11-25 13:55:16,,,Gypsophila Overtime White,,,#NUM!,,,,,,,,#NUM!
Miami,Carnation,Carnation Burgundy,$0.59,,2025-11-11 13:50:31,,,Gypsophila Xlence White,,,,$0.99,,,$0.83,,,,$0.91
Miami,Carnation,Carnation Hanoi Blush,$0.59,,2025-12-08 11:02:39,,,Helleborus Queens Red,,,,,,,$4.65,,,,$4.65
Miami,Carnation,Carnation Lege Marrone Beige,$0.59,,2025-11-11 13:53:53,,,Helleborus Winterbells Green/White,,,,,,,$2.95,,,,$2.95
Miami,Carnation,Carnation Lizzy Peach Fancy,$0.59,,2025-12-26 11:06:54,,,Huckleberry Green,,,#NUM!,,,,$1.02,,,$0.95,$0.99
Miami,Carnation,Carnation Minerva Purple/White Fancy,$0.59,,2025-12-23 9:14:40,,,Hydrangea Antique Green,,,,,,,$4.50,,,,$4.50
Miami,Carnation,Carnation White,$0.59,,2025-11-10 14:05:47,,,Hydrangea Dark Blue Medium,$2.25,,,,,,,,,,$2.25
Miami,Carnation - Mini,Mini Carnation White,$0.59,,2025-11-25 13:56:00,,,Hydrangea Light Blue,,,,,,,#NUM!,,,,#NUM!
Miami,Chamomile,Chamomile Daisy White,$1.85,,2025-11-11 13:54:48,,,Hydrangea Light Blue Medium,,,,,,,$1.97,,,,$1.97
Miami,Chrysanthemum,China Mum Bronze,$1.50,,2025-11-11 13:53:53,,,Hydrangea Mojito Green,,,,,,,$2.25,,,#NUM!,$2.25
Miami,Chrysanthemum,China Mum White Select,$1.75,,2025-12-09 14:18:56,,,Hydrangea Mojito Green Medium,,$2.50,,,,,$1.85,,,,$2.18
Miami,Chrysanthemum,Chrysanthemum Disbud Andrea Purple,$1.50,,2025-11-11 14:00:06,,,Hydrangea White Medium,,#NUM!,,,#NUM!,$2.25,$1.97,,,$2.25,$2.25
Miami,Chrysanthemum,Chrysanthemum Disbud Ball Red,$1.50,,2025-11-12 13:25:19,,,Hypericum Burgundy,,,,,,,$0.85,,,,$0.85
Miami,Chrysanthemum,Chrysanthemum Disbud Cooper,$1.50,,2025-11-26 10:18:11,,,Hypericum Ivory,,,,,,,$0.85,,,,$0.85
Miami,Chrysanthemum,Chrysanthemum Disbud Cooper Bronze,$1.50,,2025-11-11 13:50:31,,,Hypericum Rocky Romance,,,,,,,$0.85,,,,$0.85
Miami,Chrysanthemum,Chrysanthemum Disbud Linette,$1.50,,2026-02-02 11:17:15,,,Hypericum White,,,,,,,,,,$0.85,$0.85
Miami,Chrysanthemum,Chrysanthemum Disbud Linette Peach,$1.50,,2025-11-25 13:58:02,,,Larkspur White,$1.45,,,,,,$1.15,,,$1.45,$1.45
Miami,Chrysanthemum,Chrysanthemum Disbud White,$1.50,,2025-12-26 11:07:37,,,Leather Green,$0.65,,,,,,,,,,$0.65
Miami,Clematis,Pod Clematis White,$2.25,$1.85,2026-02-11 11:49:46,,,Lemon/Salal Green,,,,,#NUM!,,,,,,#NUM!
Miami,Delphinium,Delphinium Belladonna Dark Blue,$1.85,,2025-11-25 13:55:16,,,Lemon/Salal Tips Green,,,,,,,$0.78,,,$0.85,$0.82
Miami,Delphinium,Delphinium Belladonna Light Blue,$1.85,,2025-11-11 13:51:49,,,Leyland Cypress Green,,,,,,,$1.15,,,,$1.15
Miami,Delphinium,Delphinium Belladonna White,$1.85,,2025-11-10 14:02:58,,,Leyland Cypress Variegated,,,,,,$0.55,,,,,$0.55
Miami,Delphinium,Delphinium Sea Waltz Dark Blue 70cm,$1.85,,2025-11-12 21:20:47,,,Ligustrum Berry Black,,,,,,,$2.85,,,,$2.85
Miami,Delphinium,Delphinium Sea Waltz White,$1.85,,2025-11-17 13:23:51,,,Lily Asiatic Orange,,,,,,,$2.25,,,,$2.25
Miami,Delphinium,Delphinium Sky Waltz Light Blue 70cm,$1.85,,2026-01-05 14:05:08,,,Lily Grass Green,,,,,,,$0.63,,,,$0.63
Miami,Dried,Preserved Bleached Fern White,$2.25,,2025-11-10 14:04:10,,,Lily Oriental Light Pink,,,,,,,$3.25,,,,$3.25
Miami,Eryngium,Eryngium Magical Blue Lagoon Blue,$1.75,$1.55,2026-02-17 13:16:23,,,Lily Oriental Stargazer Pink/White,$3.55,,,,,,,,,,$3.55
Miami,Eucalyptus,Eucalyptus Baby Blue Blue,$1.02,,2026-01-05 14:05:08,,,Lily Oriental White,,,,,,,$2.85,,,,$2.85
Miami,Eucalyptus,Eucalyptus Parvifolia Green,$1.02,,2025-12-26 11:36:17,,,Limonium Misty White,,,,,,,$1.05,,,,$1.05
Miami,Eucalyptus,Eucalyptus Silver Dollar Green,$0.92,,2026-02-10 13:23:17,,,Limonium Misty White White,,,,,,,$1.05,,,#NUM!,$1.05
Miami,Eucalyptus,Eucalyptus Silver Dollar Green,$0.92,,2026-02-10 13:23:49,,,Limonium White,,,,,,,$1.05,,,,$1.05
Miami,Garland,Garland Gypsophila Xlence Natural White,$14.45,,2026-01-06 12:29:47,,,Lisianthus Brown,,,,,,,$4.85,,,,$4.85
Miami,Garland,Garland Gypsophila Xlence White,$7.22,,2026-01-06 12:29:47,,,Lisianthus Cream,,,,,,,#NUM!,,,,#NUM!
Miami,Gass,Lily Grass Green,$0.63,,2026-01-27 14:02:45,,,Lisianthus Purple,,,,,,,$3.25,,,,$3.25
Miami,Greenery,Agonis Brown,$1.85,$1.95,2026-02-09 8:48:02,,,Lisianthus White,,,,,#NUM!,,$2.85,,,$2.65,$2.75
Miami,Greenery,Bear Grass Standard Green,$0.65,$0.63,2026-02-11 11:49:46,,,Mini Carnation White,,,,,,,$0.59,,,,$0.59
Miami,Greenery,Cedar Port Orford Green,$1.24,,2025-12-02 13:15:01,,,Mixed Xmas Greens Evergreen,,,,,,,$1.25,,,,$1.25
Miami,Greenery,Cypress Carolina Sapphire Green,$1.15,,2025-12-23 9:13:09,,,Moss Sheet Green,,,,,,,$4.95,,,,$4.95
Miami,Greenery,Dusty Miller Silver,$1.35,$1.15,2026-02-16 11:25:25,,,Nagi Foliage Green,,,,,,,$1.02,,,,$1.02
Miami,Greenery,Eucalyptus Seeded Green,$0.92,$1.05,2025-12-02 13:13:53,,,Orlaya White,,$1.50,,,,,$1.35,,,,$1.43
Miami,Greenery,Eucalyptus Silver Dollar,$0.92,,2025-12-08 11:01:32,,,Palm Leaf Areca Green,,,,,,,#NUM!,,,,#NUM!
Miami,Greenery,Eucalyptus Willow Green,$1.05,,2025-12-02 13:15:01,,,Pepperberry Hanging Pink,,,,,,,$1.25,,,,$1.25
Miami,Greenery,Fruiting Branches Olive Green,$1.05,$1.10,2025-11-17 13:22:59,,,Phlox Assorted,,,,,,,,,,#NUM!,#NUM!
Miami,Greenery,Huckleberry Green,$1.02,$1.05,2025-12-10 11:48:55,,,Pittosporum Pitto Nigra Variegated,,#NUM!,,,,,$1.25,,,,$1.25
Miami,Greenery,Lemon/Salal Tips Green,$0.78,$0.73,2025-11-25 13:52:49,,,Pittosporum Silver Queen Variegated,,,#NUM!,,,,,,,,#NUM!
Miami,Greenery,Leyland Cypress Green,$1.15,$1.13,2025-12-16 13:12:11,,,Pittosporum Variegated,,#NUM!,,,,,#NUM!,,,,#NUM!
Miami,Greenery,Mixed Xmas Greens Evergreen,$1.25,,2025-12-02 13:15:01,,,Plumosa Green,,,,,,,$0.85,,,,$0.85
Miami,Greenery,Nagi Foliage Green,$1.02,,2025-12-29 13:45:40,,,Pod Clematis White,,,,,,,$2.25,,,,$2.25
Miami,Greenery,Pittosporum Pitto Nigra Variegated,$1.25,,2026-01-19 13:36:52,,,Pompon Button Green,,,,,,,$0.60,,,,$0.60
Miami,Greenery,Preserved Italian Ruscus Bleached White,$1.85,,2025-11-11 13:58:43,,,Pompon Button Lexy Bronze,,,,,,,$0.60,,,,$0.60
Miami,Greenery,Princess Pine Green,$1.35,,2025-12-02 13:15:01,,,Pompon Button White,,,,,,,,,,$0.70,$0.70
Miami,Greenery,Ruscus Israeli Green,$0.63,,2026-01-05 14:05:08,,,Pompon Cushion Burgundy,,,,,,,$0.60,,,,$0.60
Miami,Greenery,Ruscus Italian Green 100 cm,$1.35,$1.12,2026-02-17 12:09:58,,,Pompon Cushion Red,,,,,,,$0.36,$0.60,,,$0.48
Miami,Greenery,Spruce Baby Tree Green,$12.50,,2025-12-02 13:15:01,,,Pompon Cushion Veronica Salmon,,,,,,,$0.60,,,,$0.60
Miami,Greenery,Sword Fern Green,$0.95,$0.85,2026-01-27 14:02:45,,,Preserved Bleached Fern White,,,,,,,$2.25,,,,$2.25
Miami,Greenry,Fritillaria Meleagris Variegated Purple,$1.95,,2026-02-11 11:49:46,,,Preserved Hanging Amaranthus White,,,,,,,#NUM!,,,,#NUM!
Miami,Helleborus,Helleborus Queens Red,$4.65,,2026-02-11 11:49:46,,,Preserved Italian Ruscus Bleached White,,,,,,,$1.85,,,,$1.85
Miami,Helleborus,Helleborus Winterbells Green/White,$2.95,,2026-02-17 12:09:07,,,Princess Pine Green,,,,,,,$1.35,,,,$1.35
Miami,Hydrangea,Hydrangea Antique Green,$4.50,,2025-11-25 13:54:10,,,Protea King Pink,,,,,,,$22.00,,,,$22.00
Miami,Hydrangea,Hydrangea Light Blue Medium,$1.97,$1.44,2025-12-01 10:44:58,,,Queen Annes Lace Chocolate Brown,,,,,,,$1.47,,,,$1.47
Miami,Hydrangea,Hydrangea Mojito Green,$2.25,$2.15,2025-11-25 13:54:10,,,Queen Annes Lace White,,,,,,,$1.10,,,,$1.10
Miami,Hydrangea,Hydrangea Mojito Green,$2.25,$1.95,2026-02-16 11:25:03,,,Ranunculus Blush,,,,,,,$2.15,,,,$2.15
Miami,Hydrangea,Hydrangea Mojito Green Medium,$1.85,$2.25,2025-11-25 13:49:52,,,Ranunculus Clooney Pink,,,,$5.95,,,,,,,$5.95
Miami,Hydrangea,Hydrangea White Medium,$1.97,$1.44,2026-01-06 12:29:47,,,Ranunculus Cream,$2.40,,,,,,,,,,$2.40
Miami,Hypericum,Hypericum Burgundy,$0.85,,2025-11-11 13:50:31,,,Ranunculus Light Pink,,,#NUM!,,,,,,,,#NUM!
Miami,Hypericum,Hypericum Ivory,$0.85,,2025-11-11 13:50:31,,,Ranunculus Spray Butterfly Ariadne Blush,,,,,,,$3.45,,,,$3.45
Miami,Hypericum,Hypericum Rocky Romance,$0.85,,2025-12-09 14:17:52,,,Ranunculus Spray Butterfly Eris Salmon,$3.00,,,,,,,,,,$3.00
Miami,Larkspur,Larkspur White,$1.15,,2026-01-05 14:05:08,,,Ranunculus Spray Butterfly Pink,,,#NUM!,,,,,,,,#NUM!
Miami,Lily,Lily Asiatic Orange,$2.25,,2026-02-17 12:10:27,,,Ranunculus White,,,,$2.10,,,$2.25,,,,$2.18
Miami,Lily,Lily Oriental Light Pink,$3.25,,2025-11-11 13:48:11,,,Rose Amnesia Antique Lavender,,,,,,,$1.50,,,,$1.50
Miami,Lily,Lily Oriental White,$2.85,$3.25,2026-02-10 13:22:50,,,Rose Barista Mauve,,,#NUM!,,,,,,,,#NUM!
Miami,Limonium,Limonium Misty White,$1.05,,2025-12-09 14:18:56,,,Rose Black Baccara Dark Red,,,,,,,$1.75,,,,$1.75
Miami,Limonium,Limonium Misty White White,$1.05,,2026-02-10 13:23:49,,,Rose Black Magic Dark Red,,,,,,,,$2.95,,,$2.95
Miami,Limonium,Limonium White,$1.05,,2025-11-11 13:54:16,,,Rose Cappuccino Beige,,,,,,,$2.75,,,,$2.75
Miami,Lisianthus,Lisianthus Brown,$4.85,$5.25,2026-01-19 13:36:52,,,Rose Cream/Blush,,,,,,,$1.35,,,,$1.35
Miami,Lisianthus,Lisianthus Purple,$3.25,$3.85,2026-02-03 11:34:23,,,Rose Escimo White,,,,,,,$1.35,,,,$1.35
Miami,Lisianthus,Lisianthus White,$2.85,$3.25,2026-01-28 11:36:32,,,Rose Faith Mauve,,,,,,,$1.50,,,,$1.50
Miami,Moss,Moss Sheet Green,$4.95,$5.50,2026-02-11 11:49:46,,,Rose Garden Keira Blush,$4.50,,,$3.65,,,,,,,$4.08
Miami,Open Cut Calla Lily,Calla Lily Super White,$3.50,,2025-11-11 13:47:11,,,Rose Garden Wedding Spirit Blush 50cm,,,,,,,$1.05,,,,$1.05
Miami,Orchid,Cymbidium Mini Red,$18.95,,2025-11-24 11:36:43,,,Rose Garden White O'hara Blush,,,,,,,$1.95,,,,$1.95
Miami,Orlaya,Orlaya White,$1.35,,2026-02-16 11:25:03,,,Rose Mondial Cream,$1.40,,,,,,,,,,$1.40
Miami,Plumosa,Plumosa Green,$0.85,$0.92,2026-02-09 8:48:02,,,Rose Peach,$1.40,,,,,,,,,,$1.40
Miami,Pompon,Pompon Button Green,$0.60,,2026-01-27 14:02:00,,,Rose Playa Blanca White,$1.50,,,$2.15,,,,,,,$1.83
Miami,Pompon,Pompon Button Lexy Bronze,$0.60,$0.70,2026-01-14 12:40:38,,,Rose Playa Blanca White 50cm,,,,,,,$1.35,,,,$1.35
Miami,Pompon,Pompon Cushion Burgundy,$0.60,,2025-11-11 13:50:31,,,Rose Quicksand Beige,,,#NUM!,,,,$1.50,,,,$1.50
Miami,Pompon,Pompon Cushion Red,$0.36,,2025-11-18 12:47:18,,,Rose Tibet White,$1.40,,,$1.60,,,,,,,$1.50
Miami,Pompon,Pompon Cushion Veronica Salmon,$0.60,,2026-01-21 13:05:19,,,Rose Tibet White 50cm,,,,,,,$1.35,,,,$1.35
Miami,Protea,Protea King Pink,$22.00,,2025-11-17 13:24:23,,,Ruscus Israeli Green,$0.60,,,,,,$0.63,,,,$0.62
Miami,QAL,Queen Annes Lace White,$1.10,,2026-02-16 11:25:03,,,Ruscus Italian Green,,,,,#NUM!,$1.35,#NUM!,$1.35,,,$1.35
Miami,Queen Anne's Lace,Queen Annes Lace Chocolate Brown,$1.47,,2026-01-19 13:36:52,,,Ruscus Italian Green 100 cm,$1.35,,#NUM!,,,,$1.35,$1.35,$1.15,$1.35,$1.35
Miami,Ranunculus,Ranunculus Blush,$2.15,,2025-12-26 11:06:54,,,Sanguisorba Burgundy,,,,,,,$2.50,,,,$2.50
Miami,Ranunculus,Ranunculus White,$2.25,,2026-01-05 14:05:08,,,Scabiosa Blackberry Scoop Burgundy,,,,,,,$1.85,,,,$1.85
Miami,Ranunculus - Butterfly,Ranunculus Spray Butterfly Ariadne Blush,$3.45,,2026-01-05 14:05:08,,,Scabiosa Blush,,,#NUM!,,,,,,,,#NUM!
Miami,Rose,Rose Amnesia Antique Lavender,$1.50,,2025-12-02 13:14:23,,,Scabiosa French Vanilla Scoop Blush,$1.45,,,,,,$1.95,,,,$1.70
Miami,Rose,Rose Black Baccara Dark Red,$1.75,$2.00,2026-01-20 12:21:44,,,Scabiosa White,$1.45,,,,,,,,,,$1.45
Miami,Rose,Rose Cappuccino Beige,$2.75,,2025-11-17 13:22:59,,,Smilax Green,,#NUM!,,,,,,,,,#NUM!
Miami,Rose,Rose Cream/Blush,$1.35,,2025-12-26 11:36:17,,,Snapdragon Burgundy,,,,,,,$1.85,,,,$1.85
Miami,Rose,Rose Escimo White,$1.35,,2025-12-16 13:12:47,,,Snapdragon Burgundy Select,,,,,,,#NUM!,,,,#NUM!
Miami,Rose,Rose Faith Mauve,$1.50,,2025-12-02 13:14:23,,,Snapdragon Orange Select,,,,,,,$1.85,,,,$1.85
Miami,Rose,Rose Playa Blanca White 50cm,$1.35,,2025-12-26 11:36:17,,,Snapdragon Pink Select,,,,,,,$1.75,,,,$1.75
Miami,Rose,Rose Quicksand Beige,$1.50,$1.35,2025-12-26 11:07:37,,,Snapdragon White Select,,,,,,,$1.75,,,,$1.75
Miami,Rose,Rose Tibet White 50cm,$1.35,,2026-01-05 14:05:08,,,Spray Rose Floreana White,$1.85,,,$1.55,,,,,$1.50,,$1.55
Miami,Rose - Garden,Rose Garden Wedding Spirit Blush 50cm,$1.05,,2025-12-26 11:36:17,,,Spray Rose Garden Be Loving Blush Pink,,,#NUM!,,,,,,,,#NUM!
Miami,Rose - Garden,Rose Garden White O'hara Blush,$1.95,,2026-01-13 10:33:06,,,Spray Rose Hanoi Majolica Blush Pink,,,,,,,$1.50,,,,$1.50
Miami,Rose - Spray,Spray Rose Hanoi Majolica Blush Pink,$1.50,$1.75,2026-02-10 13:23:17,,,Spray Rose Peach Jewel Pink/Peach,,,,,,,$1.25,,,,$1.25
Miami,Rose - Spray,Spray Rose Rubicon Dark Red,$1.85,$1.50,2025-12-10 11:48:55,,,Spray Rose Rubicon Dark Red,,,,,,,$1.85,$1.95,,,$1.85
Miami,Rose - Spray,Spray Rose Rubicon Dark Red,$1.85,$2.25,2026-02-11 11:50:08,,,Spray Rose Sahara Sensation Peach,$2.20,,,,,,,,,,$2.20
Miami,Rose - Spray,Spray Rose Snowflake White,$1.50,,2025-12-26 11:07:37,,,Spray Rose Snowflake,,,,,,,$1.50,,,,$1.50
Miami,Rose - Spray,Spray Rose White Majolika Cream,$1.45,$1.50,2026-01-05 14:05:08,,,Spray Rose Snowflake White,,$1.50,,,,,$1.50,,,,$1.50
Miami,Sanguisorba,Sanguisorba Burgundy,$2.50,,2026-02-17 12:11:03,,,Spray Rose White,,,#NUM!,,,,,,,,#NUM!
Miami,Scabiosa,Scabiosa Blackberry Scoop Burgundy,$1.85,,2026-02-17 12:11:03,,,Spray Rose White Majolika,,,,,,,$1.50,,,,$1.50
Miami,Scabiosa,Scabiosa French Vanilla Scoop Blush,$1.95,,2026-01-05 14:05:08,,,Spray Rose White Majolika Cream,,,,,,,$1.45,,,,$1.45
Miami,Snapdragon,Snapdragon Burgundy,$1.85,,2026-01-19 13:37:12,,,Spruce Baby Tree Green,,,,,,,$12.50,,,,$12.50
Miami,Snapdragon,Snapdragon Orange Select,$1.85,,2026-01-27 14:02:00,,,Statice Tissue Culture Peach,$0.85,,,,,,,,,,$0.85
Miami,Snapdragon,Snapdragon Pink Select,$1.75,,2026-01-13 10:32:36,,,Stock Burgundy Select,,,,,,,$1.85,,,,$1.85
Miami,Snapdragon,Snapdragon White Select,$1.75,,2026-01-06 12:29:04,,,Stock Mauve Select,,,,,,,$1.24,,,,$1.24
Miami,Spray Rose,Spray Rose Peach Jewel Pink/Peach,$1.25,,2026-02-17 12:09:07,,,Stock Peach Select,,,,,,,$1.34,,,,$1.34
Miami,Spray Rose,Spray Rose Snowflake,$1.50,,2026-02-16 11:25:25,,,Stock White Select,,,,$1.30,,,$1.24,,,,$1.27
Miami,Spray Rose,Spray Rose White Majolika,$1.50,,2026-02-11 11:50:08,,,Stock Yellow Select,$1.40,,,,,,,,,,$1.40
Miami,Stock,Stock Burgundy Select,$1.85,,2025-11-12 21:20:47,,,Sword Fern Green,,,,,,,$0.95,,,,$0.95
Miami,Stock,Stock Mauve Select,$1.24,,2025-11-11 13:50:03,,,Tulip Double Light Pink,,,,,,,$2.05,,,,$2.05
Miami,Stock,Stock Peach Select,$1.34,,2025-11-25 13:54:48,,,Tulip Double Northcap White,,,,,,,$1.95,,,,$1.95
Miami,Stock,Stock White Select,$1.24,,2025-11-25 13:57:28,,,Tulip Dyed Brown,,,,,,,$2.25,,,,$2.25
Miami,Thistle,Eryngium Blue,$1.50,,2026-01-13 10:32:36,,,Tulip Light Pink,$1.85,,,,,,,,,,$1.85
Miami,Tulip,Tulip Double Light Pink,$2.05,,2026-02-10 14:06:02,,,Tulip Parrot Super Parrot Green/White,,,,,,,$2.35,,,,$2.35
Miami,Tulip,Tulip Double Northcap White,$1.95,,2026-02-10 13:22:50,,,Tulip Red,,,,,,,$2.25,,,,$2.25
Miami,Tulip,Tulip Dyed Brown,$2.25,,2026-02-09 8:48:02,,,Tulip Royal Virgin,,,,,,,$1.95,,,,$1.95
Miami,Tulip,Tulip Parrot Super Parrot Green/White,$2.35,,2026-02-11 11:49:46,,,Tulip White,$1.85,$1.95,,,,,#NUM!,,,#NUM!,$1.90
Miami,Tulip,Tulip Red,$2.25,,2025-12-02 13:15:01,,,Tweedia White,,,#NUM!,,,,,,,,#NUM!
Miami,Tulip,Tulip Royal Virgin,$1.95,,2026-02-17 10:13:52,,,Veronica White,,,,,,,$1.25,,,,$1.25
Miami,Veronica,Veronica White,$1.25,,2026-01-05 14:05:08,,,Wax Flower Purple,,,,,,,$1.05,,,,$1.05
Miami,Wax Flower,Wax Flower Purple,$1.05,,2025-12-23 9:14:40,,,Wax Flower White,,,,,,,$1.55,,,,$1.55
Miami,Wax Flower,Wax Flower White,$1.55,,2026-02-03 11:34:23,,,Waxflower Pink,,,,,,,#NUM!,,,,#NUM!
Raleigh,Carnation,Carnation Lege Marrone Beige Fancy,$0.59,,2025-11-25 11:30:47,,,Waxflower White,,,,,#NUM!,,,,,,#NUM!
Raleigh,Chrysanthemum,Chrysanthemum Disbud Cooper Bronze,$1.10,,2025-11-25 11:30:47,,,Grand Total,$1.45,$1.85,#NUM!,$1.60,#NUM!,$0.95,$1.75,$1.35,$1.55,$1.35,$1.50
Raleigh,Greenery,Eucalyptus Seeded Green,$1.05,,2025-11-25 11:30:47,,,,,,,,,,,,,,
Raleigh,Greenery,Ruscus Italian Green,$1.35,,2025-11-25 11:30:47,,,,,,,,,,,,,,
Raleigh,Greenery,Ruscus Italian Green,$1.35,$1.17,2026-02-11 8:59:07,,,,,,,,,,,,,,
Raleigh,Greenery,Ruscus Italian Green 100 cm,$1.35,,2026-02-11 8:58:40,,,,,,,,,,,,,,
Raleigh,Pompon,Pompon Cushion Red,$0.60,,2025-11-25 11:30:47,,,,,,,,,,,,,,
Raleigh,Rose,Rose Black Magic Dark Red,$2.95,,2026-02-11 8:58:40,,,,,,,,,,,,,,
Raleigh,Spray Rose,Spray Rose Rubicon Dark Red,$1.95,,2026-02-11 8:58:40,,,,,,,,,,,,,,
Riverside,Brunia,Brunia Silver,$1.60,,2026-02-04 15:53:27,,,,,,,,,,,,,,
Riverside,Delphinium,Delphinium Belladonna Light Blue,$1.60,,2026-02-04 15:53:27,,,,,,,,,,,,,,
Riverside,Ruscus,Ruscus Italian Green 100 cm,$1.15,,2026-02-04 15:53:27,,,,,,,,,,,,,,
Riverside,Spray Rose,Spray Rose Floreana White,$1.50,,2026-02-04 15:53:27,,,,,,,,,,,,,,
San Francisco,Chrysanthemum,Chrysanthemum Disbud Ball White,$1.75,,2025-11-19 7:51:58,,,,,,,,,,,,,,
San Francisco,Chrysanthemum,Chrysanthemum Disbud Maisy White,$1.50,,2025-11-19 7:51:58,,,,,,,,,,,,,,
San Francisco,Greenery,Eucalyptus Seeded Green,$0.85,,2025-11-19 7:51:58,,,,,,,,,,,,,,
San Francisco,Greenery,Huckleberry Green,$0.95,,2025-11-19 7:51:58,,,,,,,,,,,,,,
San Francisco,Greenery,Lemon/Salal Tips Green,$0.85,,2025-11-19 7:51:58,,,,,,,,,,,,,,
San Francisco,Greenery,Ruscus Italian Green 100 cm,$1.35,,2025-11-20 12:50:11,,,,,,,,,,,,,,
San Francisco,Hydrangea,Hydrangea White Medium,$2.25,,2025-11-20 12:50:11,,,,,,,,,,,,,,
San Francisco,Hypericum,Hypericum White,$0.85,,2025-11-20 12:50:11,,,,,,,,,,,,,,
San Francisco,Larkspur,Larkspur White,$1.45,,2025-11-20 12:50:11,,,,,,,,,,,,,,
San Francisco,Lisianthus,Lisianthus White,$2.65,,2025-11-20 12:50:11,,,,,,,,,,,,,,
San Francisco,Pompon,Pompon Button White,$0.70,,2025-11-19 7:51:58,,,,,,,,,,,,,,
Miami,Greenery,Ruscus Italian Green 100 cm,$1.35,$1.12,2026-02-18 11:56:45,,,,,,,,,,,,,,
Miami,,Preserved Hanging Amaranthus White,,$2.55,2026-02-18 13:27:41,,,,,,,,,,,,,,
Miami,,Calla Lily Mini Pink,,$2.50,2026-02-18 13:27:41,,,,,,,,,,,,,,
San Francisco,,Astilbe White,,$2.95,2026-02-19 9:21:33,,,,,,,,,,,,,,
San Francisco,,Tulip White,,$1.95,2026-02-19 9:21:33,,,,,,,,,,,,,,
San Francisco,,Bear Grass Standard Green,,$0.55,2026-02-19 9:21:33,,,,,,,,,,,,,,
San Francisco,,Hydrangea Mojito Green,,$2.25,2026-02-19 9:21:33,,,,,,,,,,,,,,
San Francisco,,Calla Lily Mini White,,$2.25,2026-02-19 9:21:33,,,,,,,,,,,,,,
San Francisco,,Amaranthus Hanging Green,,$2.35,2026-02-19 9:21:33,,,,,,,,,,,,,,
San Francisco,,Gomphrena Assorted,,$1.25,2026-02-19 12:19:28,,,,,,,,,,,,,,
San Francisco,,Phlox Assorted,,$1.50,2026-02-19 12:19:28,,,,,,,,,,,,,,
San Francisco,,Limonium Misty White White,,$1.30,2026-02-19 12:19:28,,,,,,,,,,,,,,
Miami,Hydrangea,Hydrangea Mojito Green Medium,$1.85,$2.50,2026-02-23 10:30:10,,,,,,,,,,,,,,
Miami,Calla - Mini,Calla Lily Mini White,$1.95,$2.25,2026-02-23 10:30:10,,,,,,,,,,,,,,
Miami,Delphinium,Delphinium Belladonna Light Blue,$1.85,$1.75,2026-02-23 14:37:24,,,,,,,,,,,,,,
Miami,Rose - Spray,Spray Rose Snowflake White,$1.50,$1.25,2026-02-23 14:37:24,,,,,,,,,,,,,,
Miami,,Snapdragon Burgundy Select,,$1.85,2026-02-23 14:37:57,,,,,,,,,,,,,,
Chandler,,Hydrangea White Medium,,$2.25,2026-02-24 9:02:49,,,,,,,,,,,,,,
Chandler,Hydrangea,Hydrangea Mojito Green Medium,$2.50,$2.75,2026-02-24 9:02:49,,,,,,,,,,,,,,
Chandler,Calla - Mini,Calla Lily Mini White,$2.50,$2.25,2026-02-24 10:45:44,,,,,,,,,,,,,,
Miami,,Ruscus Italian Green,,$1.12,2026-02-24 13:31:15,,,,,,,,,,,,,,
Miami,Greenery,Dusty Miller Silver,$1.35,$1.15,2026-02-24 13:31:15,,,,,,,,,,,,,,
Miami,,Ruscus Italian Green,,$1.12,2026-02-24 13:31:56,,,,,,,,,,,,,,
Miami,,Eryngium Magical Blue,,$1.50,2026-02-24 13:31:56,,,,,,,,,,,,,,
Miami,,Snapdragon Burgundy Select,,$1.80,2026-02-24 13:31:56,,,,,,,,,,,,,,
Miami,Greenery,Nagi Foliage Green,$1.02,$0.92,2026-02-24 13:47:38,,,,,,,,,,,,,,
Miami,,Ruscus Italian Green,,$1.12,2026-02-24 13:47:38,,,,,,,,,,,,,,
Miami,,Ruscus Italian Green,,$1.12,2026-02-24 13:47:38,,,,,,,,,,,,,,
Houston,,Ruscus Italian Green,,$1.42,2026-02-25 9:19:11,,,,,,,,,,,,,,
Houston,,Waxflower White,,$1.55,2026-02-25 9:19:11,,,,,,,,,,,,,,
Houston,,Lisianthus White,,$3.47,2026-02-25 9:19:11,,,,,,,,,,,,,,
Houston,,Lemon/Salal Green,,$0.75,2026-02-25 9:19:11,,,,,,,,,,,,,,
Houston,,Hydrangea White Medium,,$2.40,2026-02-25 9:19:11,,,,,,,,,,,,,,
Miami,,Ruscus Italian Green,,$1.12,2026-02-25 12:52:34,,,,,,,,,,,,,,
Miami,,Ruscus Italian Green,,$1.12,2026-02-25 12:52:34,,,,,,,,,,,,,,
Miami,,Ruscus Italian Green,,$1.12,2026-02-25 12:52:34,,,,,,,,,,,,,,
Miami,,Ruscus Italian Green,,$1.12,2026-02-25 12:52:34,,,,,,,,,,,,,,
Miami,,Snapdragon Burgundy Select,,$1.85,2026-02-25 12:52:34,,,,,,,,,,,,,,
Miami,,Snapdragon Burgundy Select,,$1.85,2026-02-25 12:52:34,,,,,,,,,,,,,,
San Francisco,,Garland Gypsophila Xlence Natural White 10',,$14.45,2026-02-26 9:28:23,,,,,,,,,,,,,,
Chandler,,Carnation Assorted,,$0.65,2026-02-26 11:44:41,,,,,,,,,,,,,,
Chandler,,Aster Montecasino White,,$0.50,2026-02-26 11:44:41,,,,,,,,,,,,,,
Chandler,,Smilax Green,,$2.30,2026-02-26 11:44:41,,,,,,,,,,,,,,
Chandler,,Pittosporum Pitto Nigra Variegated,,$1.50,2026-02-26 11:44:41,,,,,,,,,,,,,,
Chandler,,Pittosporum Variegated,,$1.10,2026-02-26 11:44:41,,,,,,,,,,,,,,
Miami,,Ruscus Italian Green,,$1.12,2026-03-02 13:47:48,,,,,,,,,,,,,,
Miami,,Ruscus Italian Green,,$1.12,2026-03-02 13:47:48,,,,,,,,,,,,,,
Miami,,Ruscus Italian Green,,$1.12,2026-03-02 13:47:48,,,,,,,,,,,,,,
Miami,,Ruscus Italian Green,,$1.12,2026-03-02 13:47:48,,,,,,,,,,,,,,
Miami,,Ruscus Italian Green,,$1.12,2026-03-02 13:47:48,,,,,,,,,,,,,,
Miami,,Ruscus Italian Green,,$1.12,2026-03-02 13:47:48,,,,,,,,,,,,,,
Miami,,Ruscus Italian Green,,$1.12,2026-03-02 13:47:48,,,,,,,,,,,,,,
Miami,,Ruscus Italian Green,,$1.12,2026-03-02 13:47:48,,,,,,,,,,,,,,
Miami,,Tulip White,,$1.95,2026-03-03 10:21:13,,,,,,,,,,,,,,
Miami,,Ruscus Italian Green,,$1.12,2026-03-03 10:21:42,,,,,,,,,,,,,,
Miami,,Ruscus Italian Green,,$1.12,2026-03-03 10:21:42,,,,,,,,,,,,,,
Miami,,Ruscus Italian Green,,$1.12,2026-03-03 10:21:42,,,,,,,,,,,,,,
Miami,,Ruscus Italian Green,,$1.12,2026-03-03 10:21:42,,,,,,,,,,,,,,
Miami,,Ruscus Italian Green,,$1.12,2026-03-03 10:21:42,,,,,,,,,,,,,,
Miami,,Ruscus Italian Green,,$1.12,2026-03-03 10:21:42,,,,,,,,,,,,,,
Miami,,Ruscus Italian Green,,$1.12,2026-03-03 10:21:42,,,,,,,,,,,,,,
Miami,,Ruscus Italian Green,,$1.12,2026-03-03 10:21:42,,,,,,,,,,,,,,
Miami,,Ruscus Italian Green,,$1.12,2026-03-03 10:21:42,,,,,,,,,,,,,,
Miami,,Ruscus Italian Green,,$1.12,2026-03-03 10:21:42,,,,,,,,,,,,,,
Miami,,Ruscus Italian Green,,$1.12,2026-03-03 10:21:42,,,,,,,,,,,,,,
Miami,,Ruscus Italian Green,,$1.12,2026-03-03 10:21:42,,,,,,,,,,,,,,
Miami,,Ruscus Italian Green,,$1.12,2026-03-03 10:21:42,,,,,,,,,,,,,,
Miami,,Ruscus Italian Green,,$1.12,2026-03-03 10:21:42,,,,,,,,,,,,,,
Miami,,Ruscus Italian Green,,$1.12,2026-03-03 10:21:42,,,,,,,,,,,,,,
Miami,,Ruscus Italian Green,,$1.12,2026-03-03 10:21:42,,,,,,,,,,,,,,
Miami,,Gerbera Mini White,,$2.25,2026-03-03 10:22:07,,,,,,,,,,,,,,
Miami,,Ruscus Italian Green,,$1.12,2026-03-03 10:57:38,,,,,,,,,,,,,,
Miami,,Ruscus Italian Green,,$1.12,2026-03-03 10:57:38,,,,,,,,,,,,,,
Miami,,Ruscus Italian Green,,$1.12,2026-03-03 10:57:38,,,,,,,,,,,,,,
Miami,,Ruscus Italian Green,,$1.12,2026-03-03 10:57:38,,,,,,,,,,,,,,
Miami,,Ruscus Italian Green,,$1.12,2026-03-03 10:57:38,,,,,,,,,,,,,,
Miami,,Ruscus Italian Green,,$1.12,2026-03-03 10:57:38,,,,,,,,,,,,,,
Miami,,Ruscus Italian Green,,$1.12,2026-03-03 10:57:38,,,,,,,,,,,,,,
Miami,,Ruscus Italian Green,,$1.12,2026-03-03 10:57:38,,,,,,,,,,,,,,
Miami,,Ruscus Italian Green,,$1.12,2026-03-03 10:57:38,,,,,,,,,,,,,,
Miami,,Ruscus Italian Green,,$1.12,2026-03-03 10:57:38,,,,,,,,,,,,,,
Miami,,Ruscus Italian Green,,$1.12,2026-03-03 10:57:38,,,,,,,,,,,,,,
Miami,,Ruscus Italian Green,,$1.12,2026-03-03 10:57:38,,,,,,,,,,,,,,
Miami,,Ruscus Italian Green,,$1.12,2026-03-03 10:57:38,,,,,,,,,,,,,,
Miami,,Ruscus Italian Green,,$1.12,2026-03-03 10:57:38,,,,,,,,,,,,,,
Miami,,Ruscus Italian Green,,$1.12,2026-03-03 10:57:38,,,,,,,,,,,,,,
Miami,,Ruscus Italian Green,,$1.12,2026-03-03 10:57:38,,,,,,,,,,,,,,
Miami,,Ruscus Italian Green,,$1.12,2026-03-03 10:57:38,,,,,,,,,,,,,,
Miami,,Ruscus Italian Green,,$1.12,2026-03-03 10:57:38,,,,,,,,,,,,,,
Miami,,Ruscus Italian Green,,$1.12,2026-03-03 10:57:38,,,,,,,,,,,,,,
Miami,,Ruscus Italian Green,,$1.12,2026-03-03 10:57:38,,,,,,,,,,,,,,
Miami,,Ruscus Italian Green,,$1.12,2026-03-03 10:57:38,,,,,,,,,,,,,,
Miami,,Ruscus Italian Green,,$1.12,2026-03-03 10:57:38,,,,,,,,,,,,,,
Miami,,Ruscus Italian Green,,$1.12,2026-03-03 10:57:38,,,,,,,,,,,,,,
Miami,,Ruscus Italian Green,,$1.12,2026-03-03 10:57:38,,,,,,,,,,,,,,
Miami,,Ruscus Italian Green,,$1.12,2026-03-03 10:57:38,,,,,,,,,,,,,,
Miami,,Ruscus Italian Green,,$1.12,2026-03-03 10:57:38,,,,,,,,,,,,,,
Miami,,Ruscus Italian Green,,$1.12,2026-03-03 10:57:38,,,,,,,,,,,,,,
Miami,,Ruscus Italian Green,,$1.12,2026-03-03 10:57:38,,,,,,,,,,,,,,
Miami,,Ruscus Italian Green,,$1.12,2026-03-03 10:57:38,,,,,,,,,,,,,,
Miami,,Ruscus Italian Green,,$1.12,2026-03-03 10:57:38,,,,,,,,,,,,,,
Miami,,Ruscus Italian Green,,$1.12,2026-03-03 10:57:38,,,,,,,,,,,,,,
Miami,,Ruscus Italian Green,,$1.12,2026-03-03 10:57:38,,,,,,,,,,,,,,
Miami,,Waxflower Pink,,$1.45,2026-03-03 10:57:38,,,,,,,,,,,,,,
Miami,Calla - Mini,Calla Lily Mini White,$1.95,$0.65,2026-03-03 10:57:38,,,,,,,,,,,,,,
Miami,Calla - Mini,Calla Lily Mini White,$1.95,$0.65,2026-03-03 10:57:38,,,,,,,,,,,,,,
Miami,Calla - Mini,Calla Lily Mini Cranberry Burgundy,$2.50,$2.25,2026-03-03 10:57:38,,,,,,,,,,,,,,
Miami,,Dendrobium Singapore Mokara Red,,$3.25,2026-03-03 10:57:38,,,,,,,,,,,,,,
Miami,,Carnation Nobbio Burgundy Fancy,,$0.58,2026-03-03 10:57:38,,,,,,,,,,,,,,
Miami,,Snapdragon Burgundy Select,,$1.85,2026-03-03 10:57:38,,,,,,,,,,,,,,
Miami,,Snapdragon Burgundy Select,,$1.85,2026-03-03 10:57:38,,,,,,,,,,,,,,
Miami,,Snapdragon Burgundy Select,,$1.85,2026-03-03 10:57:38,,,,,,,,,,,,,,
Miami,,Snapdragon Burgundy Select,,$1.85,2026-03-03 10:57:38,,,,,,,,,,,,,,
Miami,QAL,Queen Annes Lace White,$1.10,$1.13,2026-03-03 12:27:57,,,,,,,,,,,,,,
Miami,,Ruscus Italian Green,,$1.12,2026-03-03 12:27:57,,,,,,,,,,,,,,
Miami,,Ruscus Italian Green,,$1.12,2026-03-03 12:27:57,,,,,,,,,,,,,,
Miami,,Ruscus Italian Green,,$1.12,2026-03-03 12:27:57,,,,,,,,,,,,,,
Miami,,Ruscus Italian Green,,$1.12,2026-03-03 12:27:57,,,,,,,,,,,,,,
Miami,,Ruscus Italian Green,,$1.12,2026-03-03 12:27:57,,,,,,,,,,,,,,
Miami,,Ruscus Italian Green,,$1.12,2026-03-03 12:27:57,,,,,,,,,,,,,,
Miami,,Ruscus Italian Green,,$1.12,2026-03-03 12:27:57,,,,,,,,,,,,,,
Miami,,Ruscus Italian Green,,$1.12,2026-03-03 12:27:57,,,,,,,,,,,,,,
Miami,,Ruscus Italian Green,,$1.12,2026-03-03 12:27:57,,,,,,,,,,,,,,
Miami,,Ruscus Italian Green,,$1.12,2026-03-03 12:27:57,,,,,,,,,,,,,,
Miami,,Ruscus Italian Green,,$1.12,2026-03-03 12:27:57,,,,,,,,,,,,,,
Miami,,Ruscus Italian Green,,$1.12,2026-03-03 12:27:57,,,,,,,,,,,,,,
Miami,,Ruscus Italian Green,,$1.12,2026-03-03 12:27:57,,,,,,,,,,,,,,
Miami,,Ruscus Italian Green,,$1.12,2026-03-03 12:27:57,,,,,,,,,,,,,,
Miami,,Ruscus Italian Green,,$1.12,2026-03-03 12:27:57,,,,,,,,,,,,,,
Miami,,Ruscus Italian Green,,$1.12,2026-03-03 12:27:57,,,,,,,,,,,,,,
Miami,,Ruscus Italian Green,,$1.12,2026-03-03 12:27:57,,,,,,,,,,,,,,
Miami,,Ruscus Italian Green,,$1.12,2026-03-03 12:27:57,,,,,,,,,,,,,,
Miami,,Ruscus Italian Green,,$1.12,2026-03-03 12:27:57,,,,,,,,,,,,,,
Miami,,Ruscus Italian Green,,$1.12,2026-03-03 12:27:57,,,,,,,,,,,,,,
Miami,,Ruscus Italian Green,,$1.12,2026-03-03 12:27:57,,,,,,,,,,,,,,
Miami,,Ruscus Italian Green,,$1.12,2026-03-03 12:27:57,,,,,,,,,,,,,,
Miami,,Ruscus Italian Green,,$1.12,2026-03-03 12:27:57,,,,,,,,,,,,,,
Miami,,Ruscus Italian Green,,$1.12,2026-03-03 12:27:57,,,,,,,,,,,,,,
Miami,,Ruscus Italian Green,,$1.12,2026-03-03 12:27:57,,,,,,,,,,,,,,
Miami,,Ruscus Italian Green,,$1.12,2026-03-03 12:27:57,,,,,,,,,,,,,,
Miami,,Ruscus Italian Green,,$1.12,2026-03-03 12:27:57,,,,,,,,,,,,,,
Miami,,Ruscus Italian Green,,$1.12,2026-03-03 12:27:57,,,,,,,,,,,,,,
Miami,,Ruscus Italian Green,,$1.12,2026-03-03 12:27:57,,,,,,,,,,,,,,
Miami,,Ruscus Italian Green,,$1.12,2026-03-03 12:27:57,,,,,,,,,,,,,,
Miami,,Ruscus Italian Green,,$1.12,2026-03-03 12:27:57,,,,,,,,,,,,,,
Miami,,Ruscus Italian Green,,$1.12,2026-03-03 12:27:57,,,,,,,,,,,,,,
Miami,,Ruscus Italian Green,,$1.12,2026-03-03 12:27:57,,,,,,,,,,,,,,
Miami,,Ruscus Italian Green,,$1.12,2026-03-03 12:27:57,,,,,,,,,,,,,,
Miami,,Ruscus Italian Green,,$1.12,2026-03-03 12:27:57,,,,,,,,,,,,,,
Miami,,Ruscus Italian Green,,$1.12,2026-03-03 12:27:57,,,,,,,,,,,,,,
Miami,,Ruscus Italian Green,,$1.12,2026-03-03 12:27:57,,,,,,,,,,,,,,
Miami,,Ruscus Italian Green,,$1.12,2026-03-03 12:27:57,,,,,,,,,,,,,,
Miami,,Ruscus Italian Green,,$1.12,2026-03-03 12:27:57,,,,,,,,,,,,,,
Miami,,Ruscus Italian Green,,$1.12,2026-03-03 12:27:57,,,,,,,,,,,,,,
Miami,,Ruscus Italian Green,,$1.12,2026-03-03 12:27:57,,,,,,,,,,,,,,
Miami,,Ruscus Italian Green,,$1.12,2026-03-03 12:27:57,,,,,,,,,,,,,,
Miami,,Ruscus Italian Green,,$1.12,2026-03-03 12:27:57,,,,,,,,,,,,,,
Miami,,Ruscus Italian Green,,$1.12,2026-03-03 12:27:57,,,,,,,,,,,,,,
Miami,,Ruscus Italian Green,,$1.12,2026-03-03 12:27:57,,,,,,,,,,,,,,
Miami,,Ruscus Italian Green,,$1.12,2026-03-03 12:27:57,,,,,,,,,,,,,,
Miami,,Ruscus Italian Green,,$1.12,2026-03-03 12:27:57,,,,,,,,,,,,,,
Miami,,Ruscus Italian Green,,$1.12,2026-03-03 12:27:57,,,,,,,,,,,,,,
Miami,,Ruscus Italian Green,,$1.12,2026-03-03 12:27:57,,,,,,,,,,,,,,
Miami,,Ruscus Italian Green,,$1.12,2026-03-03 12:27:57,,,,,,,,,,,,,,
Miami,,Ruscus Italian Green,,$1.12,2026-03-03 12:27:57,,,,,,,,,,,,,,
Miami,,Ruscus Italian Green,,$1.12,2026-03-03 12:27:57,,,,,,,,,,,,,,
Miami,,Ruscus Italian Green,,$1.12,2026-03-03 12:27:57,,,,,,,,,,,,,,
Miami,,Ruscus Italian Green,,$1.12,2026-03-03 12:27:57,,,,,,,,,,,,,,
Miami,,Ruscus Italian Green,,$1.12,2026-03-03 12:27:57,,,,,,,,,,,,,,
Miami,,Ruscus Italian Green,,$1.12,2026-03-03 12:27:57,,,,,,,,,,,,,,
Miami,,Ruscus Italian Green,,$1.12,2026-03-03 12:27:57,,,,,,,,,,,,,,
Miami,,Ruscus Italian Green,,$1.12,2026-03-03 12:27:57,,,,,,,,,,,,,,
Miami,,Ruscus Italian Green,,$1.12,2026-03-03 12:27:57,,,,,,,,,,,,,,
Miami,,Ruscus Italian Green,,$1.12,2026-03-03 12:27:57,,,,,,,,,,,,,,
Miami,,Ruscus Italian Green,,$1.12,2026-03-03 12:27:57,,,,,,,,,,,,,,
Miami,,Ruscus Italian Green,,$1.12,2026-03-03 12:27:57,,,,,,,,,,,,,,
Miami,,Ruscus Italian Green,,$1.12,2026-03-03 12:27:57,,,,,,,,,,,,,,
Miami,,Ruscus Italian Green,,$1.12,2026-03-03 12:27:57,,,,,,,,,,,,,,
Miami,,Palm Leaf Areca Green,,$1.25,2026-03-03 12:27:57,,,,,,,,,,,,,,
Miami,,Ruscus Italian Green,,$1.12,2026-03-03 12:33:01,,,,,,,,,,,,,,
Miami,,Ruscus Italian Green,,$1.12,2026-03-03 12:33:01,,,,,,,,,,,,,,
Miami,,Ruscus Italian Green,,$1.12,2026-03-03 12:33:01,,,,,,,,,,,,,,
Miami,,Ruscus Italian Green,,$1.12,2026-03-03 12:33:01,,,,,,,,,,,,,,
Miami,,Ruscus Italian Green,,$1.12,2026-03-03 12:33:01,,,,,,,,,,,,,,
Miami,,Ruscus Italian Green,,$1.12,2026-03-03 12:33:01,,,,,,,,,,,,,,
Miami,,Ruscus Italian Green,,$1.12,2026-03-03 12:33:01,,,,,,,,,,,,,,
Miami,,Ruscus Italian Green,,$1.12,2026-03-03 12:33:01,,,,,,,,,,,,,,
Miami,,Ruscus Italian Green,,$1.12,2026-03-03 12:33:01,,,,,,,,,,,,,,
Miami,,Ruscus Italian Green,,$1.12,2026-03-03 12:33:01,,,,,,,,,,,,,,
Miami,,Ruscus Italian Green,,$1.12,2026-03-03 12:33:01,,,,,,,,,,,,,,
Miami,,Ruscus Italian Green,,$1.12,2026-03-03 12:33:01,,,,,,,,,,,,,,
Miami,,Ruscus Italian Green,,$1.12,2026-03-03 12:33:01,,,,,,,,,,,,,,
Miami,,Ruscus Italian Green,,$1.12,2026-03-03 12:33:01,,,,,,,,,,,,,,
Miami,,Ruscus Italian Green,,$1.12,2026-03-03 12:33:01,,,,,,,,,,,,,,
Miami,,Ruscus Italian Green,,$1.12,2026-03-03 12:33:01,,,,,,,,,,,,,,
Miami,,Ruscus Italian Green,,$1.12,2026-03-03 12:33:01,,,,,,,,,,,,,,
Miami,,Ruscus Italian Green,,$1.12,2026-03-03 12:33:01,,,,,,,,,,,,,,
Miami,,Ruscus Italian Green,,$1.12,2026-03-03 12:33:01,,,,,,,,,,,,,,
Miami,,Ruscus Italian Green,,$1.12,2026-03-03 12:33:01,,,,,,,,,,,,,,
Miami,,Ruscus Italian Green,,$1.12,2026-03-03 12:33:01,,,,,,,,,,,,,,
Miami,,Ruscus Italian Green,,$1.12,2026-03-03 12:33:01,,,,,,,,,,,,,,
Miami,,Ruscus Italian Green,,$1.12,2026-03-03 12:33:01,,,,,,,,,,,,,,
Miami,,Ruscus Italian Green,,$1.12,2026-03-03 12:33:01,,,,,,,,,,,,,,
Miami,,Ruscus Italian Green,,$1.12,2026-03-03 12:33:01,,,,,,,,,,,,,,
Miami,,Ruscus Italian Green,,$1.12,2026-03-03 12:33:01,,,,,,,,,,,,,,
Miami,,Ruscus Italian Green,,$1.12,2026-03-03 12:33:01,,,,,,,,,,,,,,
Miami,,Ruscus Italian Green,,$1.12,2026-03-03 12:33:01,,,,,,,,,,,,,,
Miami,,Ruscus Italian Green,,$1.12,2026-03-03 12:33:01,,,,,,,,,,,,,,
Miami,,Ruscus Italian Green,,$1.12,2026-03-03 12:33:01,,,,,,,,,,,,,,
Miami,,Ruscus Italian Green,,$1.12,2026-03-03 12:33:01,,,,,,,,,,,,,,
Miami,,Ruscus Italian Green,,$1.12,2026-03-03 12:33:01,,,,,,,,,,,,,,
Miami,,Ruscus Italian Green,,$1.12,2026-03-03 12:33:01,,,,,,,,,,,,,,
Miami,,Ruscus Italian Green,,$1.12,2026-03-03 12:33:01,,,,,,,,,,,,,,
Miami,,Ruscus Italian Green,,$1.12,2026-03-03 12:33:01,,,,,,,,,,,,,,
Miami,,Ruscus Italian Green,,$1.12,2026-03-03 12:33:01,,,,,,,,,,,,,,
Miami,,Ruscus Italian Green,,$1.12,2026-03-03 12:33:01,,,,,,,,,,,,,,
Miami,,Ruscus Italian Green,,$1.12,2026-03-03 12:33:01,,,,,,,,,,,,,,
Miami,,Ruscus Italian Green,,$1.12,2026-03-03 12:33:01,,,,,,,,,,,,,,
Miami,,Ruscus Italian Green,,$1.12,2026-03-03 12:33:01,,,,,,,,,,,,,,
Miami,,Ruscus Italian Green,,$1.12,2026-03-03 12:33:01,,,,,,,,,,,,,,
Miami,,Ruscus Italian Green,,$1.12,2026-03-03 12:33:01,,,,,,,,,,,,,,
Miami,,Ruscus Italian Green,,$1.12,2026-03-03 12:33:01,,,,,,,,,,,,,,
Miami,,Ruscus Italian Green,,$1.12,2026-03-03 12:33:01,,,,,,,,,,,,,,
Miami,,Ruscus Italian Green,,$1.12,2026-03-03 12:33:01,,,,,,,,,,,,,,
Miami,,Ruscus Italian Green,,$1.12,2026-03-03 12:33:01,,,,,,,,,,,,,,
Miami,,Ruscus Italian Green,,$1.12,2026-03-03 12:33:01,,,,,,,,,,,,,,
Miami,,Ruscus Italian Green,,$1.12,2026-03-03 12:33:01,,,,,,,,,,,,,,
Miami,,Ruscus Italian Green,,$1.12,2026-03-03 12:33:01,,,,,,,,,,,,,,
Miami,,Ruscus Italian Green,,$1.12,2026-03-03 12:33:01,,,,,,,,,,,,,,
Miami,,Ruscus Italian Green,,$1.12,2026-03-03 12:33:01,,,,,,,,,,,,,,
Miami,,Ruscus Italian Green,,$1.12,2026-03-03 12:33:01,,,,,,,,,,,,,,
Miami,,Ruscus Italian Green,,$1.12,2026-03-03 12:33:01,,,,,,,,,,,,,,
Miami,,Ruscus Italian Green,,$1.12,2026-03-03 12:33:01,,,,,,,,,,,,,,
Miami,,Ruscus Italian Green,,$1.12,2026-03-03 12:33:01,,,,,,,,,,,,,,
Miami,,Ruscus Italian Green,,$1.12,2026-03-03 12:33:01,,,,,,,,,,,,,,
Miami,,Ruscus Italian Green,,$1.12,2026-03-03 12:33:01,,,,,,,,,,,,,,
Miami,,Ruscus Italian Green,,$1.12,2026-03-03 12:33:01,,,,,,,,,,,,,,
Miami,,Ruscus Italian Green,,$1.12,2026-03-03 12:33:01,,,,,,,,,,,,,,
Miami,,Ruscus Italian Green,,$1.12,2026-03-03 12:33:01,,,,,,,,,,,,,,
Miami,,Ruscus Italian Green,,$1.12,2026-03-03 12:33:01,,,,,,,,,,,,,,
Miami,,Ruscus Italian Green,,$1.12,2026-03-03 12:33:01,,,,,,,,,,,,,,
Miami,,Ruscus Italian Green,,$1.12,2026-03-03 12:33:01,,,,,,,,,,,,,,
Miami,,Ruscus Italian Green,,$1.12,2026-03-03 12:33:01,,,,,,,,,,,,,,
Miami,,Ruscus Italian Green,,$1.12,2026-03-03 12:33:01,,,,,,,,,,,,,,
Miami,,Ruscus Italian Green,,$1.12,2026-03-03 12:33:01,,,,,,,,,,,,,,
Miami,,Ruscus Italian Green,,$1.12,2026-03-03 12:33:01,,,,,,,,,,,,,,
Miami,,Ruscus Italian Green,,$1.12,2026-03-03 12:33:01,,,,,,,,,,,,,,
Miami,,Ruscus Italian Green,,$1.12,2026-03-03 12:33:01,,,,,,,,,,,,,,
Miami,,Ruscus Italian Green,,$1.12,2026-03-03 12:33:01,,,,,,,,,,,,,,
Miami,,Ruscus Italian Green,,$1.12,2026-03-03 12:33:01,,,,,,,,,,,,,,
Miami,,Ruscus Italian Green,,$1.12,2026-03-03 12:33:01,,,,,,,,,,,,,,
Miami,,Ruscus Italian Green,,$1.12,2026-03-03 12:33:01,,,,,,,,,,,,,,
Miami,,Ruscus Italian Green,,$1.12,2026-03-03 12:33:01,,,,,,,,,,,,,,
Miami,,Ruscus Italian Green,,$1.12,2026-03-03 12:33:01,,,,,,,,,,,,,,
Miami,,Ruscus Italian Green,,$1.12,2026-03-03 12:33:01,,,,,,,,,,,,,,
Miami,,Ruscus Italian Green,,$1.12,2026-03-03 12:33:01,,,,,,,,,,,,,,
Miami,,Ruscus Italian Green,,$1.12,2026-03-03 12:33:01,,,,,,,,,,,,,,
Miami,,Ruscus Italian Green,,$1.12,2026-03-03 12:33:01,,,,,,,,,,,,,,
Miami,,Ruscus Italian Green,,$1.12,2026-03-03 12:33:01,,,,,,,,,,,,,,
Miami,,Ruscus Italian Green,,$1.12,2026-03-03 12:33:01,,,,,,,,,,,,,,
Miami,,Ruscus Italian Green,,$1.12,2026-03-03 12:33:01,,,,,,,,,,,,,,
Miami,,Ruscus Italian Green,,$1.12,2026-03-03 12:33:01,,,,,,,,,,,,,,
Miami,,Ruscus Italian Green,,$1.12,2026-03-03 12:33:01,,,,,,,,,,,,,,
Miami,,Ruscus Italian Green,,$1.12,2026-03-03 12:33:01,,,,,,,,,,,,,,
Miami,,Ruscus Italian Green,,$1.12,2026-03-03 12:33:01,,,,,,,,,,,,,,
Miami,,Ruscus Italian Green,,$1.12,2026-03-03 12:33:01,,,,,,,,,,,,,,
Miami,,Ruscus Italian Green,,$1.12,2026-03-03 12:33:01,,,,,,,,,,,,,,
Miami,,Ruscus Italian Green,,$1.12,2026-03-03 12:33:01,,,,,,,,,,,,,,
Miami,,Ruscus Italian Green,,$1.12,2026-03-03 12:33:01,,,,,,,,,,,,,,
Miami,,Ruscus Italian Green,,$1.12,2026-03-03 12:33:01,,,,,,,,,,,,,,
Miami,,Ruscus Italian Green,,$1.12,2026-03-03 12:33:01,,,,,,,,,,,,,,
Miami,,Ruscus Italian Green,,$1.12,2026-03-03 12:33:01,,,,,,,,,,,,,,
Miami,,Ruscus Italian Green,,$1.12,2026-03-03 12:33:01,,,,,,,,,,,,,,
Miami,,Ruscus Italian Green,,$1.12,2026-03-03 12:33:01,,,,,,,,,,,,,,
Miami,,Ruscus Italian Green,,$1.12,2026-03-03 12:33:01,,,,,,,,,,,,,,
Miami,,Ruscus Italian Green,,$1.12,2026-03-03 12:33:01,,,,,,,,,,,,,,
Miami,,Ruscus Italian Green,,$1.12,2026-03-03 12:33:01,,,,,,,,,,,,,,
Miami,,Ruscus Italian Green,,$1.12,2026-03-03 12:33:01,,,,,,,,,,,,,,
Miami,,Ruscus Italian Green,,$1.12,2026-03-03 12:33:01,,,,,,,,,,,,,,
Miami,,Ruscus Italian Green,,$1.12,2026-03-03 12:33:01,,,,,,,,,,,,,,
Miami,,Ruscus Italian Green,,$1.12,2026-03-03 12:33:01,,,,,,,,,,,,,,
Miami,,Ruscus Italian Green,,$1.12,2026-03-03 12:33:01,,,,,,,,,,,,,,
Miami,,Ruscus Italian Green,,$1.12,2026-03-03 12:33:01,,,,,,,,,,,,,,
Miami,,Ruscus Italian Green,,$1.12,2026-03-03 12:33:01,,,,,,,,,,,,,,
Miami,,Ruscus Italian Green,,$1.12,2026-03-03 12:33:01,,,,,,,,,,,,,,
Miami,,Ruscus Italian Green,,$1.12,2026-03-03 12:33:01,,,,,,,,,,,,,,
Miami,,Ruscus Italian Green,,$1.12,2026-03-03 12:33:01,,,,,,,,,,,,,,
Miami,,Ruscus Italian Green,,$1.12,2026-03-03 12:33:01,,,,,,,,,,,,,,
Miami,,Ruscus Italian Green,,$1.12,2026-03-03 12:33:01,,,,,,,,,,,,,,
Miami,,Ruscus Italian Green,,$1.12,2026-03-03 12:33:01,,,,,,,,,,,,,,
Miami,,Ruscus Italian Green,,$1.12,2026-03-03 12:33:01,,,,,,,,,,,,,,
Miami,,Ruscus Italian Green,,$1.12,2026-03-03 12:33:01,,,,,,,,,,,,,,
Miami,,Ruscus Italian Green,,$1.12,2026-03-03 12:33:01,,,,,,,,,,,,,,
Miami,,Ruscus Italian Green,,$1.12,2026-03-03 12:33:01,,,,,,,,,,,,,,
Miami,,Ruscus Italian Green,,$1.12,2026-03-03 12:33:01,,,,,,,,,,,,,,
Miami,,Ruscus Italian Green,,$1.12,2026-03-03 12:33:01,,,,,,,,,,,,,,
Miami,,Ruscus Italian Green,,$1.12,2026-03-03 12:33:01,,,,,,,,,,,,,,
Miami,,Ruscus Italian Green,,$1.12,2026-03-03 12:33:01,,,,,,,,,,,,,,
Miami,,Ruscus Italian Green,,$1.12,2026-03-03 12:33:01,,,,,,,,,,,,,,
Miami,,Ruscus Italian Green,,$1.12,2026-03-03 12:33:01,,,,,,,,,,,,,,
Miami,,Ruscus Italian Green,,$1.12,2026-03-03 12:33:01,,,,,,,,,,,,,,
Miami,,Ruscus Italian Green,,$1.12,2026-03-03 12:33:01,,,,,,,,,,,,,,
Miami,,Ruscus Italian Green,,$1.12,2026-03-03 12:33:01,,,,,,,,,,,,,,
Miami,,Ruscus Italian Green,,$1.12,2026-03-03 12:33:01,,,,,,,,,,,,,,
Miami,,Ruscus Italian Green,,$1.12,2026-03-03 12:33:01,,,,,,,,,,,,,,
Miami,,Ruscus Italian Green,,$1.12,2026-03-03 12:33:01,,,,,,,,,,,,,,
Miami,,Ruscus Italian Green,,$1.12,2026-03-03 12:33:01,,,,,,,,,,,,,,
Miami,Amaranthus,Amaranthus Hanging Green,$2.25,$2.85,2026-03-03 12:33:01,,,,,,,,,,,,,,
Miami,Calla - Mini,Calla Lily Mini White,$1.95,$2.05,2026-03-03 12:33:01,,,,,,,,,,,,,,
Miami,Calla - Mini,Calla Lily Mini White,$1.95,$2.05,2026-03-03 12:33:01,,,,,,,,,,,,,,
Miami,Calla - Mini,Calla Lily Mini White,$1.95,$2.05,2026-03-03 12:33:01,,,,,,,,,,,,,,
Miami,Calla - Mini,Calla Lily Mini White,$1.95,$2.05,2026-03-03 12:33:01,,,,,,,,,,,,,,
Miami,,Pittosporum Variegated,,$0.75,2026-03-03 12:33:01,,,,,,,,,,,,,,
Miami,,Hydrangea Light Blue,,$1.97,2026-03-03 12:33:01,,,,,,,,,,,,,,
Miami,,Lisianthus Cream,,$3.25,2026-03-03 12:33:25,,,,,,,,,,,,,,
Miami,Greenery,Pittosporum Pitto Nigra Variegated,$1.25,$1.15,2026-03-03 12:34:57,,,,,,,,,,,,,,
Charlotte,,Ranunculus Spray Butterfly Pink,,$3.50,2026-03-05 12:44:17,,,,,,,,,,,,,,
Charlotte,,Ranunculus Light Pink,,$2.25,2026-03-05 12:44:17,,,,,,,,,,,,,,
Charlotte,,Tweedia White,,$2.25,2026-03-05 12:44:17,,,,,,,,,,,,,,
Charlotte,,Spray Rose Garden Be Loving Blush Pink,,$2.00,2026-03-05 12:44:17,,,,,,,,,,,,,,
Charlotte,,Scabiosa Blush,,$1.70,2026-03-05 12:44:17,,,,,,,,,,,,,,
Charlotte,,Delphinium Belladonna White,,$2.00,2026-03-05 12:44:17,,,,,,,,,,,,,,
Charlotte,,Spray Rose White,,$1.60,2026-03-05 12:44:17,,,,,,,,,,,,,,
Charlotte,,Rose Quicksand Beige,,$2.50,2026-03-05 12:44:17,,,,,,,,,,,,,,
Charlotte,,Rose Barista Mauve,,$2.50,2026-03-05 12:44:17,,,,,,,,,,,,,,
Charlotte,,Pittosporum Silver Queen Variegated,,$1.70,2026-03-05 12:44:17,,,,,,,,,,,,,,
Charlotte,,Huckleberry Green,,$1.00,2026-03-05 12:44:17,,,,,,,,,,,,,,
Charlotte,,Ruscus Italian Green 100 cm,,$1.25,2026-03-05 12:44:17,,,,,,,,,,,,,,
Charlotte,,Eucalyptus Assorted,,$1.05,2026-03-05 12:44:17,,,,,,,,,,,,,,
Charlotte,,Gypsophila Overtime White,,$1.05,2026-03-05 12:44:17,,,,,,,,,,,,,,
Charlotte,,Ranunculus Spray Butterfly Pink,,$3.50,2026-03-05 15:07:10,,,,,,,,,,,,,,
Charlotte,,Ranunculus Light Pink,,$2.25,2026-03-05 15:07:10,,,,,,,,,,,,,,
Charlotte,,Tweedia White,,$2.25,2026-03-05 15:07:10,,,,,,,,,,,,,,
Charlotte,,Spray Rose Garden Be Loving Blush Pink,,$1.40,2026-03-05 15:07:10,,,,,,,,,,,,,,
Charlotte,,Scabiosa Blush,,$1.70,2026-03-05 15:07:10,,,,,,,,,,,,,,
Charlotte,,Delphinium Belladonna White,,$2.00,2026-03-05 15:07:10,,,,,,,,,,,,,,
Charlotte,,Spray Rose White,,$1.60,2026-03-05 15:07:10,,,,,,,,,,,,,,
Charlotte,,Rose Quicksand Beige,,$2.50,2026-03-05 15:07:10,,,,,,,,,,,,,,
Charlotte,,Rose Barista Mauve,,$2.50,2026-03-05 15:07:10,,,,,,,,,,,,,,
Charlotte,,Pittosporum Silver Queen Variegated,,$1.70,2026-03-05 15:07:10,,,,,,,,,,,,,,
Charlotte,,Huckleberry Green,,$1.00,2026-03-05 15:07:10,,,,,,,,,,,,,,
Charlotte,,Ruscus Italian Green 100 cm,,$1.25,2026-03-05 15:07:10,,,,,,,,,,,,,,
Charlotte,,Eucalyptus Assorted,,$1.05,2026-03-05 15:07:10,,,,,,,,,,,,,,
Charlotte,,Gypsophila Overtime White,,$1.05,2026-03-05 15:07:10,,,,,,,,,,,,,,