Bouquets, Product Name ,Design,Lenght/ cm,Bouquet Lenght / inches,Box type,units / Box,Stems / Bouquet,Price by,DSD Fedex,DSD Fedex HIGH SEASON
Round Bouquets,Large Collection (22-32 stems),See Catalog for designs,55,21.8,HB,8,22-32,Price by bouquet,$18.88,$21.31
Round Bouquets,Large Collection (22-32 stems),See Catalog for designs,55,21.8,BB,4,22-32,Price by bouquet,$22.09,$24.60
Round Bouquets,Medium Collection (19-26 stems),See Catalog for designs,50,19.9,HB,12,21-26,Price by bouquet,$14.35,$16.23
Round Bouquets,Medium Collection (19-26 stems),See Catalog for designs,50,19.9,BB,6,21-26,Price by bouquet,$16.49,$18.43
Round Bouquets,Plus Collection (13-18 stems),See Catalog for designs,50,19.9,HB,16,13-18,Price by bouquet,$12.10,$13.71
Round Bouquets,Plus Collection (13-18 stems),See Catalog for designs,50,19.9,BB,8,13-18,Price by bouquet,$13.71,$15.37
Round Bouquets,Regular Collection (10-16 stems),See Catalog for designs,50,19.9,HB,20,10-16,Price by bouquet,$10.63,$12.06
Round Bouquets,Regular Collection (10-16 stems),See Catalog for designs,50,19.9,BB,10,10-16,Price by bouquet,$11.92,$13.38
Round Bouquets,Regular Collection (10-16 stems),See Catalog for designs,50,19.9,1/8C,6,10-16,Price by bouquet,$13.08,$14.51
Round Bouquets,Fun Collection (9-13 stems),See Catalog for designs,27,10.7,HB,22,9-13,Price by bouquet,$9.21,$10.44
Round Bouquets,Fun Collection (9-13 stems),See Catalog for designs,27,10.7,QB,12,9-13,Price by bouquet,$9.40,$10.54
Round Bouquets,Fun Collection (9-13 stems),See Catalog for designs,27,10.7,1/8C,8,9-13,Price by bouquet,$10.34,$11.50
Round Bouquets,Fun Collection + vase (9-13 stems),See Catalog for designs,27,10.7,HB,22,9-13,Price by bouquet,$9.41,$10.67
Round Bouquets,Fun Collection + vase (9-13 stems),See Catalog for designs,27,10.7,QB,12,9-13,Price by bouquet,$9.60,$10.77
Round Bouquets,Fun Collection + vase (9-13 stems),See Catalog for designs,27,10.7,1/8C,8,9-13,Price by bouquet,$10.54,$11.73
Flat Bouquets,BQT Flat Samba,,90,35.7,HB-P16,10,7,Price by bouquet,$17.23,$19.50
Flat Bouquets,BQT Flat Caribe,,90,35.7,HB-P18,12,11,Price by bouquet,$17.03,$19.33
Flat Bouquets,BQT Flat Caribe,,90,35.7,QB-P9,6,11,Price by bouquet,$17.81,$19.95
Flat Bouquets,BQT Flat Premium,,90,35.7,HB-P16,12,10,Price by bouquet,$13.87,$15.69
Flat Bouquets,BQT Flat Premium,,90,35.7,QB-P8,6,10,Price by bouquet,$14.65,$16.32
Flat Bouquets,BQT Flat 63H,,70,27.8,HB-P16,22,11,Price by bouquet,$10.07,$11.45
Flat Bouquets,BQT Flat 63H,,70,27.8,QB-P9,12,11,Price by bouquet,$10.58,$11.90
Flat Bouquets,BQT Flat Zaire,,60,23.8,HB-P13,22,8,Price by bouquet,$9.42,$10.69
Flat Bouquets,BQT Flat Zaire,,60,23.8,QB-P8,12,8,Price by bouquet,$10.27,$11.55
Flat Bouquets,Bqt Flat Shine,,60,23.8,HB-P13,20,10,Price by bouquet,$9.85,$11.17
Flat Bouquets,Bqt Flat Shine,,60,23.8,QB-P8,10,10,Price by bouquet,$11.31,$12.68
Flat Bouquets,BQT Flat Paradise,,57,22.6,HB-P16,24,13,Price by bouquet,$9.12,$10.36
Flat Bouquets,BQT Flat Paradise,,57,22.6,QB-P9,12,13,Price by bouquet,$10.06,$11.30
Flat Bouquets,BQT Flat Harmony,,57,22.6,HB-P16,24,13,Price by bouquet,$9.12,$10.36
Flat Bouquets,BQT Flat Harmony,,57,CM,QB-P9,12,13,Price by bouquet,$10.06,$11.30
Flat Bouquets,BQT Flat Sunny Farm Choice,"2 Flowers (Heliconia, coccinea, Golden, Ginger)
5 Greens:
2 Tips: Anglonema, croto o sanderiana
3 Leaves: Cordelyn, Masajeana, Palm",55,21.8,HB,28,7,Price by bouquet,$6.43,$7.29
Flat Bouquets,BQT Flat Sunny Farm Choice,"2 Flowers (Heliconia, coccinea, Golden, Ginger)
5 Greens:
2 Tips: Anglonema, croto o sanderiana
3 Leaves: Cordelyn, Masajeana, Palm",55,21.8,QB-P8,14,7,Price by bouquet,$7.70,$8.63
Flat Bouquets,Flat Super,,90,35.7,HB-P14,4,16,Price by bouquet,$40.64,$45.95
Flat Bouquets,Flat Caribe Musa,,90,35.7,HB,12,11,Price by bouquet,$13.77,$15.56
Flat Bouquets,Flat Caribe Musa,,90,35.7,QB,6,11,Price by bouquet,$14.82,$16.50
Flat Bouquets,Flat 1 Ginger Red,,70,27.8,HB,25,12,Price by bouquet,$8.79,$9.99
Flat Bouquets,Flat 1 Ginger Red,,70,27.8,QB,14,12,Price by bouquet,$8.87,$9.97
Flat Bouquets,Flat Rostrata,,70,27.8,HB-P17,12,8,Price by bouquet,$14.71,$16.66
Flat Bouquets,Flat Rostrata,,70,27.8,QB-P9,6,8,Price by bouquet,$16.03,$17.91
Flat Bouquets,Flat Alba,,57,22.6,HB-P16,24,13,Price by bouquet,$9.12,$10.36
Flat Bouquets,Flat Alba,,57,22.6,QB-P9,12,13,Price by bouquet,$10.06,$11.30
Flat Bouquets,Flat Bird,,57,22.6,HB-P16,24,13,Price by bouquet,$9.12,$10.36
Flat Bouquets,Flat Bird,,57,22.6,QB-P9,12,13,Price by bouquet,$10.06,$11.30
Flat Bouquets,Flat Hanna Assorted Farm Choice,,55,21.8,HB-P14,22,10,Price by bouquet,$9.80,$11.13
Flat Bouquets,Flat Hanna Assorted Farm Choice,,55,21.8,QB-P8,12,10,Price by bouquet,$10.35,$11.65
Flat Bouquets,Flat Hanna Assorted Farm Choice,,55,21.8,1/8C,6,10,Price by bouquet,$12.06,$13.35
Tropical Flowers, Product Name ,Design,"Stem Lenght/
cm",Lenght / inches,Box type,Stems / Box,stems / bunch,Price by,DSD Fedex," DSD Fedex
HIGH SEASON"
Gingers,Ginger Nicole Pink,,90,35.7,HB-P16,36,3,Price by stem,$4.37,$4.95
Gingers,Ginger Nicole Pink,,90,35.7,QB-P9,24,3,Price by stem,$4.01,$4.49
Gingers,Ginger Nicole Pink,,75,29.8,1/8C-P6,20,2,Price by stem,$3.61,$4.00
Gingers,Ginger Plus Red,,90,35.7,HB-P17,36,3,Price by stem,$4.63,$5.24
Gingers,Ginger Plus Red,,90,35.7,QB-P9,24,3,Price by stem,$3.90,$4.36
Gingers,Ginger Plus Red,,75,29.8,1/8C-P6,20,2,Price by stem,$3.68,$4.08
Gingers,Torch Ginger Red,,70,27.8,QB-P8,20,1,Price by stem,$4.47,$4.98
Gingers,Torch Ginger Red,,70,27.8,1/8,10,1,Price by stem,$4.59,$4.95
Gingers,Torch Ginger Pink,,70,27.8,QB-P8,20,1,Price by stem,$4.71,$5.26
Gingers,Torch Ginger Pink,,70,27.8,1/8,10,1,Price by stem,$4.83,$5.23
Gingers,Ginger Red Large,(16 Head Size + 74 stem Size),90,35.7,HB,50,5,Price by stem,$2.57,$2.89
Gingers,Ginger Red Large,(16 Head Size + 74 stem Size),90,35.7,QB,30,5,Price by stem,$2.49,$2.75
Gingers,Ginger Red Medium,(13 Head Size + 62 stem Size),75,29.8,HB,80,5,Price by stem,$1.77,$2.00
Gingers,Ginger Red Medium,(13 Head Size + 62 stem Size),75,29.8,QB,40,5,Price by stem,$1.93,$2.14
Gingers,Ginger Red Medium,(13 Head Size + 62 stem Size),75,29.8,1/8C,20,5,Price by stem,$2.73,$2.98
Gingers,Ginger Red Small,(10 Head Size + 50 stem Size),60,23.8,HB,100,5,Price by stem,$1.48,$1.68
Gingers,Ginger Red Small,(10 Head Size + 50 stem Size),60,23.8,QB,60,5,Price by stem,$1.43,$1.60
Gingers,Ginger Red Small,(10 Head Size + 50 stem Size),60,23.8,1/8C,30,5,Price by stem,$1.97,$2.17
Gingers,Ginger Red Petite,(8 Head Size + 42 stem Size),50,19.9,HB,200,5,Price by stem,$1.03,$1.17
Gingers,Ginger Red Petite,(8 Head Size + 42 stem Size),50,19.9,QB,100,5,Price by stem,$1.10,$1.23
Gingers,Ginger Red Petite,(8 Head Size + 42 stem Size),50,19.9,1/8C,50,5,Price by stem,$1.42,$1.57
Gingers,Ginger Pink Large,(16 Head Size + 74 stem Size),90,35.7,HB,50,5,Price by stem,$3.00,$3.38
Gingers,Ginger Pink Large,(16 Head Size + 74 stem Size),90,35.7,QB,30,5,Price by stem,$2.92,$3.24
Gingers,Ginger Pink Medium,(13 Head Size + 62 stem Size),75,29.8,HB,80,5,Price by stem,$2.25,$2.55
Gingers,Ginger Pink Medium,(13 Head Size + 62 stem Size),75,29.8,QB,40,5,Price by stem,$2.41,$2.69
Gingers,Ginger Pink Medium,(13 Head Size + 62 stem Size),75,29.8,1/8C,20,5,Price by stem,$3.21,$3.53
Gingers,Ginger White Large,(16 Head Size + 74 stem Size),90,35.7,HB,50,5,Price by stem,$2.55,$2.87
Gingers,Ginger White Large,(16 Head Size + 74 stem Size),90,35.7,QB,30,5,Price by stem,$2.47,$2.73
Gingers,Ginger White Medium,(13 Head Size + 62 stem Size),75,29.8,QB,40,5,Price by stem,$2.04,$2.27
Gingers,Ginger White Medium,(13 Head Size + 62 stem Size),75,29.8,1/8C,20,5,Price by stem,$2.84,$3.11
Gingers,Ginger White Small,(10 Head Size + 50 stem Size),60,23.8,QB,60,5,Price by stem,$1.61,$1.81
Gingers,Ginger White Small,(10 Head Size + 50 stem Size),60,23.8,1/8C,30,5,Price by stem,$2.15,$2.38
Gingers,Ginger White Petite with leaves,(8 Head Size + 42 stem Size),60,23.8,BB,80,5,Price by stem,$1.44,$1.62
Gingers,Ginger White Petite with leaves,(8 Head Size + 42 stem Size),60,23.8,1/8C,50,5,Price by stem,$1.55,$1.72
Gingers-Seasonal,Shampoo Ginger Yellow,Shampoo seasonal (Oct-April),50,19.9,HB-P15,60,1,Price by stem,$3.23,$3.66
Gingers-Seasonal,Shampoo Ginger Yellow,Shampoo seasonal (Oct-April),50,19.9,QB-P7,30,1,Price by stem,$3.28,$3.66
Gingers-Seasonal,Shampoo Ginger Yellow,Shampoo seasonal (Oct-April),50,19.9,1/8C,16,1,Price by stem,$4.01,$4.41
Gingers-Seasonal,Shampoo Ginger Red,Shampoo seasonal (Oct-April),50,19.9,HB-P15,60,1,Price by stem,$3.23,$3.66
Gingers-Seasonal,Shampoo Ginger Red,Shampoo seasonal (Oct-April),50,19.9,QB-P7,30,1,Price by stem,$3.28,$3.66
Gingers-Seasonal,Shampoo Ginger Red,Shampoo seasonal (Oct-April),50,19.9,1/8C,16,1,Price by stem,$4.01,$4.41
Gingers-Seasonal,Shampoo Ginger Peach,Shampoo seasonal (Oct-April),50,19.9,HB-P15,60,1,Price by stem,$3.23,$3.66
Gingers-Seasonal,Shampoo Ginger Peach,Shampoo seasonal (Oct-April),50,19.9,QB-P7,30,1,Price by stem,$3.28,$3.66
Gingers-Seasonal,Shampoo Ginger Peach,Shampoo seasonal (Oct-April),50,19.9,1/8C,16,1,Price by stem,$4.01,$4.41
Gingers-Seasonal,Shampoo Ginger Pink,Shampoo seasonal (Oct-April),50,19.9,HB-P15,60,1,Price by stem,$3.23,$3.66
Gingers-Seasonal,Shampoo Ginger Pink,Shampoo seasonal (Oct-April),50,19.9,QB-P7,30,1,Price by stem,$3.28,$3.66
Gingers-Seasonal,Shampoo Ginger Pink,Shampoo seasonal (Oct-April),50,19.9,1/8C,16,1,Price by stem,$4.01,$4.41
Gingers-Seasonal,Shampoo Ginger Green,Shampoo seasonal (Oct-April),50,19.9,HB-P15,60,1,Price by stem,$3.23,$3.66
Gingers-Seasonal,Shampoo Ginger Green,Shampoo seasonal (Oct-April),50,19.9,QB-P7,30,1,Price by stem,$3.28,$3.66
Gingers-Seasonal,Shampoo Ginger Green,Shampoo seasonal (Oct-April),50,19.9,1/8C,16,1,Price by stem,$4.01,$4.41
Gingers-Seasonal,Shampoo Ginger Brown,Shampoo seasonal (Oct-April),50,19.9,HB-P15,60,1,Price by stem,$3.23,$3.66
Gingers-Seasonal,Shampoo Ginger Brown,Shampoo seasonal (Oct-April),50,19.9,QB-P7,30,1,Price by stem,$3.28,$3.66
Gingers-Seasonal,Shampoo Ginger Brown,Shampoo seasonal (Oct-April),50,19.9,1/8C,16,1,Price by stem,$4.01,$4.41
Gingers-Seasonal,Shampoo Ginger XL Bicolor,Shampoo seasonal (Oct-April),50,19.9,QB-P9,20,1,Price by stem,$4.86,$5.43
Gingers-Seasonal,Shampoo Ginger XL Yellow,Shampoo seasonal (Oct-April),50,19.9,QB-P9,20,1,Price by stem,$4.86,$5.43
Gingers-Seasonal,Shampoo Ginger XL Red,Shampoo seasonal (Oct-April),50,19.9,QB-P9,20,1,Price by stem,$4.86,$5.43
Gingers-Seasonal,Shampoo Ginger XL Peach,Shampoo seasonal (Oct-April),50,19.9,QB-P9,20,1,Price by stem,$4.86,$5.43
Gingers-Seasonal,Shampoo Ginger XL Brown,Shampoo seasonal (Oct-April),50,19.9,QB-P9,20,1,Price by stem,$4.86,$5.43
Gingers-Seasonal,Shampoo Ginger White,Shampoo seasonal (Oct-April),50,19.9,1/8,20,1,Price by stem,$3.04,$3.33
Heliconia up-right XL,Hel. Prince of Darkness Large,,90,35.7,HB-P14,10,1,Price by stem,$14.74,$16.64
Heliconia up-right XL,Hel. Caribaea Red Large,,90,35.7,HB,10,1,Price by stem,$13.44,$15.13
Heliconia up-right XL,Hel. Terracota XL,,120,47.6,XL-130,12,1,Price by stem,$20.73,$22.60
Heliconia up-right XL,Hel. Terracota Large,,90,35.7,HB,12,1,Price by stem,$11.96,$13.48
Heliconia up-right XL,Hel. Rauliana Large XL,,90,35.7,XL-130,10,1,Price by stem,$23.74,$25.82
Heliconia up-right XL,Hel. Rauliana Large,,90,35.7,HB,10,1,Price by stem,$13.21,$14.87
Heliconia up-right XL,Hel. Iris red Xlarge,,120,47.6,XL-130-P17,16,1,Price by stem,$14.26,$15.47
Heliconia up-right XL,Hel. Iris red - big blooms 5-6 bracteas,,90,35.7,HB,18,1,Price by stem,$6.68,$7.50
Heliconia up-right XL,Hel. Iris red - big blooms 5-6 bracteas,,90,35.7,QB,8,1,Price by stem,$8.10,$8.91
Heliconia up-right,Hel. Iris red Large,,90,35.7,HB-P13,20,1,Price by stem,$6.51,$7.33
Heliconia up-right,Hel. Iris red Large,,90,35.7,QB-P7,10,1,Price by stem,$7.31,$8.09
Heliconia up-right,Hel. Iris red Medium,,75,29.8,1/8,6,1,Price by stem,$7.12,$7.65
Heliconia up-right XL,Hel. Wagneriana Yellow XL,,120,47.6,XL-130,16,1,Price by stem,$14.41,$15.64
Heliconia up-right,Hel. Wagneriana Yellow Large,,90,35.7,HB-P14,20,1,Price by stem,$7.01,$7.91
Heliconia up-right,Hel. Wagneriana Yellow Large,,90,35.7,QB,10,1,Price by stem,$6.99,$7.72
Heliconia up-right,Hel. Wagneriana Yellow Medium,,75,29.8,1/8-P4,6,1,Price by stem,$7.83,$8.48
Heliconia up-right XL,Hel. Flamingo XL,,120,47.6,XL-130,16,1,Price by stem,$14.51,$15.75
Heliconia up-right,Hel. Flamingo Large,,90,35.7,HB,20,1,Price by stem,$6.81,$7.67
Heliconia up-right,Hel. Flamingo Large,,90,35.7,QB,10,1,Price by stem,$7.44,$8.23
Heliconia up-right,Hel. Flamingo Medium,,75,29.8,1/8-P4,6,1,Price by stem,$8.28,$8.99
Heliconia up-right XL,Hel. Wagneriana Red XL,,120,47.6,XL-130,16,1,Price by stem,$14.51,$15.75
Heliconia up-right,Hel. Wagneriana Red Large,,90,35.7,HB-P14,20,1,Price by stem,$7.46,$8.42
Heliconia up-right,Hel. Wagneriana Red Large,,90,35.7,QB-P8,10,1,Price by stem,$8.59,$9.55
Heliconia up-right,Hel. Wagneriana Red Medium,,75,29.8,1/8-P4,6,1,Price by stem,$8.28,$8.99
Heliconia up-right XL,Hel. Nativa XL,,120,47.6,XL-130,16,1,Price by stem,$14.51,$15.75
Heliconia up-right,Hel. Nativa Large,,90,35.7,HB-P14,20,1,Price by stem,$7.46,$8.42
Heliconia up-right,Hel. Nativa Large,,90,35.7,QB-P8,10,1,Price by stem,$8.59,$9.55
Heliconia up-right,Hel. Nativa Medium,,75,29.8,1/8,6,1,Price by stem,$7.74,$8.36
Heliconia up-right,Hel. Sunshine Large,,90,35.7,HB,20,1,Price by stem,$6.71,$7.56
Heliconia up-right,Hel. Sunshine Large,,90,35.7,QB,10,1,Price by stem,$7.34,$8.12
Heliconia up-right,Hel. Sunshine Medium,,75,29.8,1/8,6,1,Price by stem,$7.64,$8.25
Heliconia up-right,Hel. Peach Pink Large,,90,35.7,HB,20,1,Price by stem,$6.71,$7.56
Heliconia up-right,Hel. Peach Pink Large,,90,35.7,QB,10,1,Price by stem,$7.34,$8.12
Heliconia up-right,Hel. Peach Pink Medium,,75,29.8,1/8,6,1,Price by stem,$7.64,$8.25
Heliconia up-right,Hel. Bihai Yellow Large,,90,35.7,HB,20,1,Price by stem,$6.71,$7.56
Heliconia up-right,Hel. Bihai Yellow Large,,90,35.7,QB,10,1,Price by stem,$7.34,$8.12
Heliconia up-right,Hel. Bihai Yellow Medium,,75,29.8,1/8,6,1,Price by stem,$7.64,$8.25
Heliconia up-right,Hel. Escarlata Large,,90,35.7,HB,20,1,Price by stem,$6.71,$7.56
Heliconia up-right,Hel. Escarlata Large,,90,35.7,QB,10,1,Price by stem,$7.34,$8.12
Heliconia up-right,Hel. Escarlata Medium,,75,29.8,1/8,6,1,Price by stem,$7.64,$8.25
Heliconia up-right,Hel. Esmeralda Large,,90,35.7,HB,20,1,Price by stem,$6.71,$7.56
Heliconia up-right,Hel. Esmeralda Large,,90,35.7,QB,10,1,Price by stem,$7.34,$8.12
Heliconia up-right,Hel. Esmeralda Medium,,75,29.8,1/8,6,1,Price by stem,$7.64,$8.25
Heliconia Hanging,Hel. She Kong XL,,140,55.6,XL-150,14,1,Price by stem,$28.12,$31.28
Heliconia Hanging,Hel. She Kong XL,,140,55.6,QBXL-150,7,1,Price by stem,$34.49,$37.56
Heliconia Hanging,Hel. She Kong Large,,90,35.7,HB,14,1,Price by stem,$18.54,$21.09
Heliconia Hanging,Hel. She Kong Large,,90,35.7,QB,7,1,Price by stem,$19.45,$21.91
Heliconia Hanging,Hel. Bloody Mary Large,,90,35.7,HB-P14,14,1,Price by stem,$16.43,$18.67
Heliconia Hanging,Hel. Bloody Mary Large,,90,35.7,QB-P7,7,1,Price by stem,$17.11,$19.21
Heliconia Hanging,Hel. Sexy Scarlet Large,,90,35.7,HB,26,1,Price by stem,$5.60,$6.32
Heliconia Hanging,Hel. Sexy Scarlet Large,,90,35.7,QB,12,1,Price by stem,$6.42,$7.12
Heliconia Hanging,Hel. Sexy Scarlet Blue Large,,90,35.7,HB,26,1,Price by stem,$5.50,$6.20
Heliconia Hanging,Hel. Sexy Scarlet Blue Large,,90,35.7,QB,12,1,Price by stem,$6.32,$7.00
Heliconia Hanging,Hel. Sexy Orange Large,Specials of the Week,120,47.6,XL-130,15,1,Price by stem,$18.83,$20.66
Heliconia Hanging,Hel. Rostrata Xlarge,10-12 Bracts,120,47.6,XL-130,20,1,Price by stem,$11.52,$12.50
Heliconia Hanging,Hel. Rostrata Large,,90,35.7,HB-P14,30,1,Price by stem,$5.20,$5.88
Heliconia Hanging,Hel. Rostrata Large,,90,35.7,QB-P8,15,1,Price by stem,$5.95,$6.63
Heliconia Hanging,Hel. Rostrata Medium,,75,29.8,1/8,8,1,Price by stem,$5.84,$6.32
Heliconia Hanging,Hel. Rostrata Small,3-4 bracteas,70,27.8,1/8C,12,3,Price by stem,$5.26,$5.78
Heliconia Novelty,Bird of Paradise,,80,31.8,QB,50,1,Price by stem,$2.70,$3.03
Heliconia Novelty,Bird of Paradise,,80,31.8,1/8C,35,1,Price by stem,$2.86,$3.20
Heliconia Novelty,Strilitzia White,,40,15.9,HB,5,1,Price by stem,$25.37,$28.54
Heliconia Parakeet,Hel. Golden Fire Opal,,70,27.8,HB-P15,200,5,Price by stem,$1.13,$1.29
Heliconia Parakeet,Hel. Golden Fire Opal,,70,27.8,QB-P7,100,5,Price by stem,$1.15,$1.29
Heliconia Parakeet,Hel. Golden Fire Opal,,70,27.8,1/8C,50,5,Price by stem,$1.42,$1.57
Heliconia Parakeet,Hel. Golden Opal Red,,70,27.8,HB,200,5,Price by stem,$1.33,$1.51
Heliconia Parakeet,Hel. Golden Opal Red,,70,27.8,QB-P7,100,5,Price by stem,$1.45,$1.63
Heliconia Parakeet,Hel. Golden Opal Red,,70,27.8,1/8C,50,5,Price by stem,$1.72,$1.91
Heliconia Parakeet,Hel. Golden Orange,,70,27.8,HB,200,5,Price by stem,$1.33,$1.51
Heliconia Parakeet,Hel. Golden Orange,,70,27.8,QB-P7,100,5,Price by stem,$1.45,$1.63
Heliconia Parakeet,Hel. Golden Orange,,70,27.8,1/8C,50,5,Price by stem,$1.72,$1.91
Heliconia Parakeet,Hel. Sassy with or without leaves,,70,27.8,HB,200,5,Price by stem,$1.48,$1.69
Heliconia Parakeet,Hel. Sassy with or without leaves,,70,27.8,QB-P7,100,5,Price by stem,$1.60,$1.81
Heliconia Parakeet,Hel. Sassy with or without leaves,,70,27.8,1/8,50,5,Price by stem,$1.69,$1.88
Heliconia Parakeet,Hel. Golden Opal,,70,27.8,HB,200,5,Price by stem,$1.29,$1.47
Heliconia Parakeet,Hel. Golden Opal,,70,27.8,QB-P7,100,5,Price by stem,$1.41,$1.59
Heliconia Parakeet,Hel. Golden Opal,,70,27.8,1/8C,50,5,Price by stem,$1.68,$1.87
Heliconia Parakeet,Hel. Latispatha,,70,27.8,HB,100,5,Price by stem,$1.87,$2.13
Heliconia Parakeet,Hel. Latispatha,,70,27.8,QB,50,5,Price by stem,$2.00,$2.23
Musas,Musa Royal,,90,35.7,HB-P13,12,1,Price by stem,$10.25,$11.52
Musas,Musa Royal,,90,35.7,QB-P7,6,1,Price by stem,$11.58,$12.78
Musas,Musa Royal,,70,27.8,1/8C,4,1,Price by stem,$12.65,$13.75
Musas,Musa Reina,,90,35.7,HB-P15,12,1,Price by stem,$11.34,$12.78
Musas,Musa Reina,,90,35.7,QB-P7,6,1,Price by stem,$11.58,$12.78
Musas,Musa Reina,,70,27.8,1/8C,4,1,Price by stem,$12.65,$13.75
Musas,Musa Mouve,,90,35.7,HB-P13,12,1,Price by stem,$10.25,$11.52
Musas,Musa Mouve,,90,35.7,QB-P7,6,1,Price by stem,$11.58,$12.78
Musas,Musa Mouve,,70,27.8,1/8C,4,1,Price by stem,$12.65,$13.75
Musas,Musa Linda,,90,35.7,HB-P13,12,1,Price by stem,$10.25,$11.52
Musas,Musa Linda,,90,35.7,QB-P7,6,1,Price by stem,$11.58,$12.78
Musas,Musa Linda,,70,27.8,1/8C,4,1,Price by stem,$12.65,$13.75
Musas,Musa Orange,,90,35.7,HB-P13,12,1,Price by stem,$10.25,$11.52
Musas,Musa Orange,,90,35.7,QB-P7,6,1,Price by stem,$11.58,$12.78
Musas,Musa Orange,,70,27.8,1/8C,4,1,Price by stem,$12.65,$13.75
Musas,Musa Pacari,,90,35.7,HB-P13,12,1,Price by stem,$10.14,$11.40
Musas,Musa Pacari,,90,35.7,QB-P7,6,1,Price by stem,$11.47,$12.66
Musas,Musa Pacari,,70,27.8,1/8C,4,1,Price by stem,$12.54,$13.63
Musas,Musa White,,90,35.7,HB,8,1,Price by stem,$13.42,$15.03
Musas,Musa without antena,"Assorted among (Mouve, Orange, Reina, Pacari, Royal)",70,27.8,BB-P10,20,1,Price by stem,$6.06,$6.80
Musas,Musa without antena,"Assorted among (Mouve, Orange, Reina, Pacari, Royal)",70,27.8,1/8C-P6,10,1,Price by stem,$7.15,$7.91
Musas,Musa Coccinea,,90,35.7,HB,16,1,Price by stem,$6.59,$7.37
Musas,Musa Coccinea,,90,35.7,QB,8,1,Price by stem,$7.39,$8.09
Musas,Musa Coccinea,,70,27.8,1/8C,8,1,Price by stem,$6.21,$6.75
Musas,Musa Coccinea,,60,23.8,BB,20,1,Price by stem,$3.90,$4.32
Musas,Gran Musa Green XXL,,150,59.6,XL-160-50a,1,1,Price by stem,$277.82,$304.78
Musas,Gran Musa Green XL,,120,47.6,XL-130-50a,1,1,Price by stem,$248.45,$270.91
Musas,Gran Musa Green Large,,90,35.7,HB-30al,1,1,Price by stem,$175.71,$198.67
Musas,Baby Banana Green Large,,90,35.7,HB,1,1,Price by stem,$116.69,$131.00
Musas,Baby Banana Green Medium,,70,27.8,HB,2,1,Price by stem,$65.80,$74.07
Musas,Baby Banana Green Small,,60,23.8,HB,4,1,Price by stem,$40.50,$45.78
Musas,Baby Banana Red Large,,90,35.7,HB,1,1,Price by stem,$116.69,$131.00
Musas,Banana Prayer hand Large,,150,59.6,XL-160-50a,1,1,Price by stem,$307.51,$338.92
Musas,Banana Prayer hand Medium,,90,35.7,HB-30al,1,1,Price by stem,$205.40,$232.81
Novelty,Black Tulip,,50,19.9,HB,120,1,Price by stem,$1.35,$1.52
Novelty,Black Tulip,,50,19.9,QB,60,1,Price by stem,$1.45,$1.62
Novelty,Black Tulip,,50,19.9,1/8,30,1,Price by stem,$1.69,$1.83
Novelty,Eucalyptus fresh doll cluster,,50,19.9,HB,24,1,Price by stem,$4.31,$4.82
Novelty,Eucalyptus fresh doll cluster,,50,19.9,BB,12,1,Price by stem,$5.38,$5.92
Novelty,Eucalyptus fresh doll cluster,,50,19.9,1/8C,6,1,Price by stem,$7.50,$8.10
Novelty,Eucalyptus fresh doll stem,,50,19.9,HB,60,3,Price by stem,$1.90,$2.13
Novelty,Eucalyptus fresh doll stem,,50,19.9,BB,30,3,Price by stem,$2.34,$2.58
Novelty,Eucalyptus fresh doll stem,,50,19.9,1/8C,12,3,Price by stem,$3.88,$4.19
Novelty,Eucalyptus fresh pot cluster,,50,19.9,HB,24,1,Price by stem,$4.79,$5.37
Novelty,Eucalyptus fresh pot cluster,,50,19.9,BB,12,1,Price by stem,$5.86,$6.47
Novelty,Eucalyptus fresh pot cluster,,50,19.9,1/8C,6,1,Price by stem,$7.98,$8.65
Novelty,Eucalyptus fresh pot stem,,50,19.9,HB,60,3,Price by stem,$2.37,$2.67
Novelty,Eucalyptus fresh pot stem,,50,19.9,BB,30,3,Price by stem,$2.81,$3.12
Novelty,Eucalyptus fresh pot stem,,50,19.9,1/8C,12,3,Price by stem,$4.35,$4.73
Novelty,Eucalyptus fresh doll cluster Red,,50,19.9,HB,24,1,Price by stem,$4.31,$4.82
Novelty,Eucalyptus fresh doll cluster Red,,50,19.9,BB,12,1,Price by stem,$5.38,$5.92
Novelty,Eucalyptus fresh doll cluster Red,,50,19.9,1/8C,6,1,Price by stem,$7.50,$8.10
Novelty,Eucalyptus fresh pot cluster Red,,50,19.9,HB,24,1,Price by stem,$4.79,$5.37
Novelty,Eucalyptus fresh pot cluster Red,,50,19.9,BB,12,1,Price by stem,$5.86,$6.47
Novelty,Eucalyptus fresh pot cluster Red,,50,19.9,1/8C,6,1,Price by stem,$7.98,$8.65
Novelty,Banana Fingers black,,15,6.0,1/8-P6,8,1,Price by stem,$8.19,$9.03
Novelty,Banana Fingers green,,15,6.0,1/8-P6,12,1,Price by stem,$5.68,$6.27
Novelty,Banana Fingers green pick,,50,19.9,1/8-P6,12,1,Price by stem,$7.68,$7.42
Novelty,Night Torch,,50,19.9,HB,35,1,Price by stem,$4.74,$5.36
Novelty,Night Torch,,50,19.9,QB,16,1,Price by stem,$5.38,$5.99
Novelty,Night Torch,,50,19.9,1/8C,8,1,Price by stem,$7.38,$8.10
Novelty,Cacao pods decorative,,17,6.7,1/8CC,9,1,Price by unit,$14.48,$16.30
Novelty,Black Kiss,,70,27.8,QB-P9,20,1,Price by stem,$6.69,$7.54
Novelty,Black Kiss,,70,27.8,1/8C,10,1,Price by stem,$7.39,$8.19
Novelty,Costus Barbatus,,60,23.8,HB,100,5,Price by stem,$1.62,$1.84
Novelty,Costus Barbatus,,60,23.8,QB,50,5,Price by stem,$1.75,$1.94
Novelty,Costus Barbatus,,60,23.8,1/8C,25,5,Price by stem,$2.39,$2.62
Novelty,French Kiss,,70,27.8,HB,100,5,Price by stem,$1.25,$1.41
Novelty,French Kiss,,70,27.8,QB,50,5,Price by stem,$1.38,$1.51
Novelty,French Kiss,,70,27.8,1/8C,25,5,Price by stem,$2.02,$2.19
Novelty,Anana Torch,,50,19.9,BB,20,1,Price by stem,$5.74,$6.44
Novelty,Anana Torch,,50,19.9,1/8C,10,1,Price by stem,$7.01,$7.75
Novelty,Anana Lucidus,,50,19.9,QB,100,1,Price by stem,$1.85,$2.09
Novelty,Anana Lucidus,,50,19.9,1/8,40,1,Price by stem,$2.15,$2.39
Novelty,Anana Lucidus,,50,19.9,GB-M,20,1,Price by stem,$2.89,$3.16
Novelty,Anana Lucidus with Leaves,,50,19.9,HB,40,1,Price by stem,$4.94,$5.60
Novelty,Anana Lucidus with Leaves,,50,19.9,QB,20,1,Price by stem,$5.25,$5.88
Novelty,Calathea Yellow,,70-90,27-35,QB-P7,20,1,Price by stem,$5.39,$6.03
Novelty,Calathea Yellow,,75,29.8,1/8,10,1,Price by stem,$5.83,$6.38
Novelty,Calathea Brown with leaves,,90,35.7,QB-P8,10,1,Price by stem,$8.83,$9.83
Novelty,Calathea green ice,,60,23.8,QB,20,1,Price by stem,$5.28,$5.91
Novelty,Calathea green ice,,60,23.8,1/8,10,1,Price by stem,$5.97,$6.54
Novelty,Caryota Fresh L,,50,19.9,HB-P16,5,1,Price by stem,$30.32,$34.25
Novelty,Caryota Fresh M,,40,15.9,HB-P13,12,1,Price by stem,$14.82,$16.78
Novelty,Caryota Fresh M,,40,15.9,BB-P13,6,1,Price by stem,$22.67,$25.56
Novelty,Caryota Fresh S,,30,11.9,BB-P9,15,1,Price by stem,$10.68,$12.08
Novelty,Giant Green Large (not USA),,130x130,51.0,XL-135*135*18,2,1,Price by stem,$312.22,$351.85
Novelty,Giant Green Medium (not USA),,80x125,32.0,XL-125x100,2,1,Price by stem,$234.19,$261.93
Novelty,Asclepia 5 to 7 balls,,60,23.8,HB,40,5,Price by stem,$3.59,$4.04
Novelty,Asclepia 5 to 7 balls,,60,23.8,QB,20,5,Price by stem,$3.90,$4.32
Novelty,Asclepia 3 to 5 balls,,60,23.8,HB,45,5,Price by stem,$3.17,$3.57
Novelty,Asclepia 3 to 5 balls,,60,23.8,QB,25,5,Price by stem,$3.22,$3.58
Novelty,Asclepia 1 to 2 balls,,60,23.8,QB,35,5,Price by stem,$2.59,$2.88
Novelty,Chili Fat Green Stem,,90,35.7,HB,8,1,Price by stem,$12.27,$13.71
Novelty,Hibiscus Sabdariffa,,90,35.7,HB,20,1,Price by stem,$5.88,$6.60
Novelty,Hibiscus Sabdariffa,,90,35.7,QB,10,1,Price by stem,$6.51,$7.16
Novelty,Kangaroo Paw,,60,23.8,QB,60,5,Price by stem,$1.75,$1.97
Anthuriums 12-14cm head,Anthurium Red XLarge,"Tropicana, sharan, casino, calisto, choco",50,19.9,QB,40,1,Price by stem,$3.23,$3.63
Anthuriums 12-14cm head,Anthurium Red XLarge,"Tropicana, sharan, casino, calisto, choco",50,19.9,1/8C,20,1,Price by stem,$4.03,$4.47
Anthuriums 10-12cm head,Anthurium Red Large,"Tropicana, sharan, casino, calisto, choco",50,19.9,QB,60,1,Price by stem,$2.58,$2.92
Anthuriums 10-12cm head,Anthurium Red Large,"Tropicana, sharan, casino, calisto, choco",50,19.9,1/8C,30,1,Price by stem,$3.12,$3.49
Anthuriums 8-10cm head,Anthurium Red Medium,"Tropicana, sharan, casino, calisto, choco",50,19.9,QB,70,1,Price by stem,$2.28,$2.57
Anthuriums 8-10cm head,Anthurium Red Medium,"Tropicana, sharan, casino, calisto, choco",50,19.9,1/8c,35,1,Price by stem,$2.73,$3.05
Anthuriums 12-14cm head,Anthurium Hot Pink XLarge,"Sante, Cheers, hot pink, Rose, senator",50,19.9,QB,40,1,Price by stem,$3.23,$3.63
Anthuriums 12-14cm head,Anthurium Hot Pink XLarge,"Sante, Cheers, hot pink, Rose, senator",50,19.9,1/8C,20,1,Price by stem,$4.03,$4.47
Anthuriums 10-12cm head,Anthurium Hot Pink Large,"Sante, Cheers, hot pink, Rose, senator",50,19.9,QB,60,1,Price by stem,$2.58,$2.92
Anthuriums 10-12cm head,Anthurium Hot Pink Large,"Sante, Cheers, hot pink, Rose, senator",50,19.9,1/8,30,1,Price by stem,$2.82,$3.13
Anthuriums 8-10cm head,Anthurium Hot Pink Medium,"Sante, Cheers, hot pink, Rose, senator",50,19.9,QB,70,1,Price by stem,$2.28,$2.57
Anthuriums 8-10cm head,Anthurium Hot Pink Medium,"Sante, Cheers, hot pink, Rose, senator",50,19.9,1/8C,35,1,Price by stem,$2.73,$3.05
Anthuriums 12-14cm head,Anthurium Rosa/ Santé/ Cheers/Senator XLarge,,50,"19,9",QB,40,1,Price by stem,"$4,17","$4,72"
Anthuriums 12-14cm head,Anthurium Rosa/ Santé/ Cheers/Senator XLarge,,50,"19,9",1/8C,20,1,Price by stem,"$4,97","$5,56"
Anthuriums 10-12cm head,Anthurium Rosa/ Santé/ Cheers/Senator Large,,50,"19,9",QB,60,1,Price by stem,"$3,49","$3,97"
Anthuriums 10-12cm head,Anthurium Rosa/ Santé/ Cheers/Senator Large,,50,"19,9",1/8C,30,1,Price by stem,"$4,03","$4,54"
Anthuriums 8-10cm head,Anthurium Rosa/ Santé/ Cheers/Senator Medium,,50,"19,9",QB,70,1,Price by stem,"$3,17","$3,60"
Anthuriums 8-10cm head,Anthurium Rosa/ Santé/ Cheers/Senator Medium,,50,"19,9",1/8C,35,1,Price by stem,"$3,62","$4,08"
Anthuriums 12-14cm head,Anthurium Casino/Choco/Calisto/Orange XLarge,,50,"19,9",QB,40,1,Price by stem,"$4,17","$4,72"
Anthuriums 12-14cm head,Anthurium Casino/Choco/Calisto/Orange XLarge,,50,"19,9",1/8C,20,1,Price by stem,"$4,97","$5,56"
Anthuriums 10-12cm head,Anthurium Casino/Choco/Calisto/Orange Large,,50,"19,9",QB,60,1,Price by stem,"$3,49","$3,97"
Anthuriums 10-12cm head,Anthurium Casino/Choco/Calisto/Orange Large,,50,"19,9",1/8C,30,1,Price by stem,"$4,03","$4,54"
Anthuriums 8-10cm head,Anthurium Casino/Choco/Calisto/Orange Medium,,50,"19,9",QB,70,1,Price by stem,"$3,17","$3,60"
Anthuriums 8-10cm head,Anthurium Casino/Choco/Calisto/Orange Medium,,50,"19,9",1/8C,35,1,Price by stem,"$3,62","$4,08"
Anthuriums 12-14cm head,Anthurium White XLarge,,50,19.9,QB,40,1,Price by stem,"$4,17","$4,72"
Anthuriums 12-14cm head,Anthurium White XLarge,,50,19.9,1/8C,20,1,Price by stem,"$4,97","$5,56"
Anthuriums 10-12cm head,Anthurium White Large,,50,19.9,QB,50,1,Price by stem,"$3,67","$4,15"
Anthuriums 10-12cm head,Anthurium White Large,,50,19.9,1/8C,25,1,Price by stem,"$4,31","$4,83"
Anthuriums 8-10cm head,Anthurium White Medium,,50,19.9,QB,60,1,Price by stem,"$3,28","$3,73"
Anthuriums 8-10cm head,Anthurium White Medium,,50,19.9,1/8C,30,1,Price by stem,"$3,82","$4,30"
Anthuriums 12-14cm head,Anthurium Green XLarge,,50,19.9,QB,40,1,Price by stem,"$4,17","$4,72"
Anthuriums 12-14cm head,Anthurium Green XLarge,,50,19.9,1/8C,20,1,Price by stem,"$4,97","$5,56"
Anthuriums 10-12cm head,Anthurium Green Large,,50,19.9,QB,50,1,Price by stem,"$3,67","$4,15"
Anthuriums 10-12cm head,Anthurium Green Large,,50,19.9,1/8C,25,1,Price by stem,$4.31,$4.83
Anthuriums 8-10cm head,Anthurium Green Medium,,50,19.9,QB,60,1,Price by stem,"$3,28","$3,73"
Anthuriums 8-10cm head,Anthurium Green Medium,,50,19.9,1/8C,30,1,Price by stem,"$3,82","$4,30"
Anthuriums 12-14cm head,Anthurium Assorted XLarge,,50,19.9,QB,40,1,Price by stem,"$3,23","$3,63"
Anthuriums 12-14cm head,Anthurium Assorted XLarge,,50,19.9,1/8C,20,1,Price by stem,"$4,03","$4,47"
Anthuriums 10-12cm head,Anthurium Assorted Large,,50,19.9,QB,60,1,Price by stem,"$2,58","$2,92"
Anthuriums 10-12cm head,Anthurium Assorted Large,,50,19.9,1/8C,30,1,Price by stem,"$3,12","$3,49"
Anthuriums 8-10cm head,Anthurium Assorted Medium,,50,19.9,QB,70,1,Price by stem,"$2,28","$2,57"
Anthuriums 8-10cm head,Anthurium Assorted Medium,,50,19.9,1/8C,35,1,Price by stem,"$2,73","$3,05"
Amaranthus,Amaranthus Hanging Red,,70,27.8,QB,100,10,Price by stem,$1.96,$2.22
Amaranthus,Amaranthus Hanging Red,,70,27.8,QB,60,10,Price by stem,$2.40,$2.71
Amaranthus,Amaranthus Hanging Red,,70,27.8,1/8,40,10,Price by stem,$2.42,$2.70
Amaranthus,Amaranthus Hanging Red,,60,23.8,QB,120,10,Price by stem,$1.79,$2.02
Amaranthus,Amaranthus Hanging Red,,60,23.8,QB,100,10,Price by stem,$2.07,$2.34
Amaranthus,Amaranthus Hanging Red,,60,23.8,1/8,70,10,Price by stem,$1.84,$2.07
Amaranthus,Amaranthus Hanging Red,,60,23.8,1/8,60,10,Price by stem,$2.23,$2.50
Amaranthus,Amaranthus Hanging Red,,60,23.8,1/8,50,10,Price by stem,$2.34,$2.62
Amaranthus,Amaranthus Hanging Green,,70,27.8,QB,60,10,Price by stem,$2.40,$2.71
Amaranthus,Amaranthus Hanging Green,,70,27.8,QB,100,10,Price by stem,$1.96,$2.22
Amaranthus,Amaranthus Hanging Green,,70,27.8,1/8,60,10,Price by stem,$2.03,$2.27
Amaranthus,Amaranthus Hanging Green,,70,27.8,1/8,40,10,Price by stem,$2.42,$2.70
Amaranthus,Amaranthus Hanging Mira Bicolor,,70,27.8,QB,100,10,Price by stem,$1.88,$2.13
Amaranthus,Amaranthus Hanging Mira Bicolor,,70,27.8,1/8,60,10,Price by stem,$1.92,$2.15
Amaranthus,Amaranthus Hanging Bronze,,70,27.8,QB,100,10,Price by stem,$1.88,$2.13
Amaranthus,Amaranthus Hanging Bronze,,70,27.8,1/8,60,10,Price by stem,$1.92,$2.15
Amaranthus,Amaranthus Hanging Green,,60,23.8,QB,120,10,Price by stem,$1.79,$2.02
Amaranthus,Amaranthus Hanging Green,,60,23.8,QB,100,10,Price by stem,$2.07,$2.34
Amaranthus,Amaranthus Hanging Green,,60,23.8,1/8,70,10,Price by stem,$1.84,$2.07
Amaranthus,Amaranthus Hanging Green,,60,23.8,1/8,60,10,Price by stem,$2.23,$2.50
Amaranthus,Amaranthus Hanging Mira Bicolor,,60,23.8,QB,120,10,Price by stem,$1.79,$2.02
Amaranthus,Amaranthus Hanging Mira Bicolor,,60,23.8,1/8,60,10,Price by stem,$1.92,$2.15
Amaranthus,Amaranthus Hanging Green,,60,23.8,1/8,50,10,Price by stem,$2.34,$2.62
Amaranthus,Amaranthus Hanging Green,,50,19.9,1/8,70,10,Price by stem,$1.72,$1.93
Amaranthus,Amaranthus Hanging Bronze,,60,23.8,QB,120,10,Price by stem,$1.79,$2.02
Amaranthus,Amaranthus Hanging Bronze,,60,23.8,1/8,60,10,Price by stem,$1.92,$2.15
Amaranthus,Amaranthus Upright Red,,70,27.8,QB,100,10,Price by stem,$1.31,$1.47
Amaranthus,Amaranthus Upright Red,,70,27.8,1/8,60,10,Price by stem,$1.36,$1.50
Amaranthus,Amaranthus Upright Green,,70,27.8,QB,120,10,Price by stem,$1.23,$1.38
Amaranthus,Amaranthus Upright Green,,70,27.8,1/8,60,10,Price by stem,$1.36,$1.50
Amaranthus,Amaranthus Upright Bronze,,70,27.8,QB,100,10,Price by stem,$1.31,$1.47
Amaranthus,Amaranthus Upright Bronze,,70,27.8,1/8,60,10,Price by stem,$1.36,$1.50
Amaranthus,Amaranthus Upright Red,,60,23.8,QB,120,10,Price by stem,$1.31,$1.47
Amaranthus,Amaranthus Upright Red,,60,23.8,1/8,60,10,Price by stem,$1.44,$1.60
Amaranthus,Amaranthus Upright Green,,60,23.8,QB,120,10,Price by stem,$1.31,$1.47
Amaranthus,Amaranthus Upright Green,,60,23.8,1/8,60,10,Price by stem,$1.44,$1.60
Amaranthus,Amaranthus Upright Bronze,,60,23.8,QB,120,10,Price by stem,$1.31,$1.47
Amaranthus,Amaranthus Upright Bronze,,60,23.8,1/8,60,10,Price by stem,$1.44,$1.60
Amaranthus,Amaranthus Upright Red,,50,19.9,QB,150,10,Price by stem,$1.20,$1.35
Amaranthus,Amaranthus Upright Red,,50,19.9,1/8,75,10,Price by stem,$1.32,$1.47
Amaranthus,Amaranthus Upright Green,,50,19.9,QB,150,10,Price by stem,$1.20,$1.35
Amaranthus,Amaranthus Upright Green,,50,19.9,1/8,75,10,Price by stem,$1.32,$1.47
Amaranthus,Amaranthus Upright Orange,,50,19.9,QB,150,10,Price by stem,$1.20,$1.35
Amaranthus,Amaranthus Upright Orange,,50,19.9,1/8,75,10,Price by stem,$1.32,$1.47
Amaranthus,Amaranthus Cascada Red,,70,27.8,QB,100,10,Price by stem,$1.96,$2.22
Lepidium,Lepidium,,70,27.8,QB,120,10,Price by stem,$0.98,$1.09
Lepidium,Lepidium,,80,31.8,QB,120,10,Price by stem,$1.05,$1.17
Novelty,Celosia Cristata Spray Hot Pink,,55-60,21-23,QB,60,5,Price by stem,$1.81,$2.04
Novelty,Celosia Cristata Spray Hot Pink,,55-60,21-23,1/8c,30,5,Price by stem,$2.35,$2.61
Novelty,Celosia Cristata Hot Pink,,55-60,21-23,QB,60,5,Price by stem,$1.61,$1.81
Novelty,Celosia Cristata Hot Pink,,55-60,21-23,1/8C,30,5,Price by stem,$2.15,$2.38
Novelty,Celosia Cristata Gold,,55-60,21-23,QB,60,5,Price by stem,$1.61,$1.81
Novelty,Celosia Cristata Gold,,55-60,21-23,1/8C,30,5,Price by stem,$2.15,$2.38
Novelty,Celosia Cristata Scarlet,,55-60,21-23,QB,60,5,Price by stem,$1.61,$1.81
Novelty,Celosia Cristata Scarlet,,55-60,21-23,1/8C,30,5,Price by stem,$2.15,$2.38
Novelty,Celosia Cresta Red,,70,27.8,QB,50,5,Price by stem,$1.85,$2.05
Novelty,Celosia Cresta Red,,70,27.8,1/8C,20,5,Price by stem,$2.97,$3.26
Novelty,Celosia Cresta Red,,70,27.8,QB,50,5,Price by stem,$1.85,$2.05
Novelty,Celosia Cresta Red,,70,27.8,1/8C,20,5,Price by stem,$2.97,$3.26
Novelty,Celosia Cresta Red XL,,50-60,19-21,BB,15,5,Price by stem,$5.34,$5.93
Novelty,Celosia Cristata Gold,,40-45,15-17,1/8C,80,5,Price by stem,$1.14,$1.27
Novelty,Celosia Cristata Scarlet,,40-45,15-17,1/8C,80,5,Price by stem,$1.14,$1.27
Novelty,Red Sun flower,,90,23-27,QB,15,5,Price by stem,$4.47,$4.92
Safari Sunset,Safari Sunset,,55-60,21-23,QB,160,10,Price by stem,$1.00,$1.12
Safari Sunset,Safari Sunset,,55-60,21-23,1/8,80,10,Price by stem,$1.12,$1.25
Safari Sunset,Safari Sunset,,65-75,25-29,QB,100,10,Price by stem,$1.39,$1.56
Safari Sunset,Safari Sunset,,65-75,25-29,1/8,50,10,Price by stem,$1.56,$1.73
Curcuma Elata,Curcuma Elata,,30,11.9,QB,60,1,Price by stem,$1.46,$1.63
Curcuma Elata,Curcuma Elata,,30,11.9,1/8C,30,1,Price by stem,$2.00,$2.20
Hypericum,Hypericum Mix,,60,,QB,170,10,Price by stem,$0.72,$0.80
Hypericum,Hypericum Mix,,60,,1/8,85,10,Price by stem,$0.82,$0.91
Hypericum,Hypericum Red,,60,,QB,170,10,Price by stem,$0.72,$0.80
Hypericum,Hypericum Red,,60,,1/8,85,10,Price by stem,$0.82,$0.91
Hypericum,Hypericum Peach,,60,,QB,170,10,Price by stem,$0.72,$0.80
Hypericum,Hypericum Peach,,60,,1/8,85,10,Price by stem,$0.82,$0.91
Assorted boxes / Combos, Product Name ,Design,"Stem Lenght/
cm",Lenght / inches,Box type,Stems / Box,units / Box,Price by,DSD Fedex," DSD Fedex
HIGH SEASON"
Kits,The Muse Party Flower Kit,The Muse Party (3 arrangements),50,19.9,1/8C,1,41,Price by box,$74.73,$82.76
Kits,The Muse Party Flower Kit,The Muse Party (3 arrangements),,,BB,1,66,Price by box,$110.91,$124.34
Kits,The Muse Party Flower Kit,The Muse Party (6 arrangements),,,HB,1,104,Price by box,$179.65,$203.40
Kits,The Velvet Party Flower Kit,Velvet Party (3 arrangements),70,27.8,1/8C,1,47,Price by box,$65.98,$72.70
Kits,The Velvet Party Flower Kit,Velvet Party (3 arrangements),,,BB,1,85,Price by box,$105.12,$117.68
Kits,The Velvet Party Flower Kit,Velvet Party (6 arrangements),,,HB,1,155,Price by box,$170.74,$193.16
Combos flower boxes,The Tiki Limbo Flower Kit,,-,-,HB,1,180,Price by box,$199.21,$225.90
Combos flower boxes,The Tiki Limbo Flower Kit,,-,-,QB,1,95,Price by box,$100.04,$111.81
Combos flower boxes,The Tiki Limbo Flower Kit,,-,-,1/8C,1,54,Price by box,$73.35,$81.18
Combos flower boxes,Sexy Pink Flower Kit,,-,-,HB,1,229,Price by box,$220.75,$250.67
Combos flower boxes,Sexy Pink Flower Kit,,-,-,QB,1,120,Price by box,$119.18,$133.82
Combos flower boxes,Sexy Pink Flower Kit,,-,-,1/8C,1,81,Price by box,$90.14,$100.49
Kits,Ama Flower Kit,Mix Box,,,1/8C,1,59,Price by box,$78.57,$87.18
Kits,Ama Flower Kit,Mix Box,,,QB,1,89,Price by box,$94.81,$105.79
Kits,Ama Flower Kit,Mix Box,,,HB,1,178,Price by box,$203.79,$231.16
Kits,Matcha Flower Kit,Matcha Kit #7 1/2 (3 arrangements),,,1/8C,1,60,Price by box,$71.80,$79.39
Kits,Matcha Flower Kit,Matcha Kit #7 1/2 (6 arrangements),,,QB,1,90,Price by box,$96.88,$108.17
Kits,Matcha Flower Kit,Matcha Kit #7 2/2 (6 arrangements),50,19.9,HB,1,148,Price by box,$173.43,$196.25
Kits,Rouge Kit,Mix Box,,,1/8C,1,37,Price by box,$66.42,$73.21
Kits,Rouge Kit,Mix Box,,,QB-P8,1,54,Price by box,$99.87,$111.66
Kits,Rouge Kit,Mix Box,,,HB-P13,1,103,Price by box,$165.10,$186.69
Combos flower boxes,Combo Box Fiesta,Best seller,-,-,QB,1,52,Price by box,$78.59,$87.14
Combos flower boxes,Combo Box Mini Fiesta,,-,-,1/8-P4,1,50,Price by box,$58.34,$63.91
Combos flower boxes,Combo Box Fire,,-,-,QB,1,51,Price by box,$75.83,$83.97
Combos flower boxes,Combo Box Mini Fire,,-,-,1/8-P4,1,43,Price by box,$55.58,$60.73
Combos flower boxes,Combo Box Tabasco,Ananas Seasonal,-,-,QB,1,113,Price by box,$92.39,$103.01
Combos flower boxes,Combo Box Mini Tabasco,Ananas Seasonal,-,-,1/8,1,66,Price by box,$64.65,$71.14
Combos flower boxes,Combo Box Iniziativa,2 versions,-,-,QB,1,41,Price by box,$75.81,$83.94
Combos flower boxes,Combo Box Capricho,,-,-,QB,1,41,Price by box,$75.81,$83.94
Combos flower boxes,Combo Escarlata,,-,-,QB,1,41,Price by box,$75.81,$83.94
Combos flower boxes,Combo Box Ohana,Coccinea + Ginger + Sassy/Golden,-,-,BB,1,117,Price by box,$107.90,$120.88
Combos flower boxes,Combo Sunset,Shampoo seasonal (Oct-April),-,-,QB,1,81,Price by box,$95.72,$106.84
Combos flower boxes,Combo Mini Sunset,Shampoo seasonal (Oct-April),-,-,1/8C-P6,1,55,Price by box,$79.05,$87.75
Combos flower boxes,Combo Box Playa,Iris + Torch+ Ginger + Rostrata + Sassy/Golden,-,-,BB,1,93,Price by box,$107.90,$120.88
Combos flower boxes,Combo Box Zapara,Shampoo seasonal (Oct-April),-,-,1/8C,1,22,Price by box,$64.22,$70.68
Combos flower boxes,Combo Box Sol,Shampoo seasonal (Oct-April),-,-,QB,1,41,Price by box,$73.54,$81.33
Combos flower boxes,Combo Box Zumba,Shampoo seasonal (Oct-April),-,-,QB,1,35,Price by box,$79.70,$88.42
Combos flower boxes,Combo Box Limbo,Shampoo seasonal (Oct-April),-,-,QB,1,52,Price by box,$79.70,$88.42
Combos flower boxes,Combo Box Reef,Shampoo seasonal (Oct-April),-,-,QB,1,45,Price by box,$82.46,$91.59
Combos flower boxes,Combo Box Tulum,Usa (replace 6 pig face by 3 wag. yellow),-,-,QB,1,49,Price by box,$78.59,$87.14
Combos flower boxes,Combo Box Tulum Eur,Eur (6 Pig Face),-,-,QB,1,52,Price by box,$78.59,$87.14
Combos flower boxes,Combo Box Tulum + 10 anthurium,Usa Only,-,-,QB,1,62,Price by box,$84.27,$93.67
Combos flower boxes,Combo Box Ipanema,Shampoo seasonal (Oct-April),-,-,QB,1,49,Price by box,$78.59,$87.14
Combos flower boxes,Combo Box Copacabana,Shampoo seasonal (Oct-April),-,-,QB,1,37,Price by box,$81.21,$90.15
Combos flower boxes,Combo Box Rio,Usa (wag. yellow) / Eur (Pig Face),-,-,QB,1,35,Price by box,$78.59,$87.14
Combos flower boxes,Hel. Mix (Farm Choice),"Assorted among (Rostrata, Sexy Scarlet, Escarlata, Bihai)",90,35.7,QB-P8,15,15,Price by stem,$5.89,$6.56
Combos flower boxes,Musa Mix,"Assorted among (Mouve, Orange, Reina, Pacari, Royal)",90,35.7,HB-P13,12,1,Price by stem,$10.04,$11.28
Combos flower boxes,Musa Mix,"Assorted among (Mouve, Orange, Reina, Pacari, Royal)",90,35.7,QB-P7,6,1,Price by stem,$11.37,$12.54
Combos flower boxes,Musa Mix,"Assorted among (Mouve, Orange, Reina, Pacari, Royal)",70,27.8,1/8C,4,1,Price by stem,$12.44,$13.51
Combos flower boxes,Ginger Mix Box - Fix recipe,"9 Plus, 9 Nicole, 3 Torch Red, 3 Torch Pink",70,27.8,QB,24,24,Price by stem,$3.55,$3.94
Combos flower boxes,Combo Box Pink & Red Paradise,Musa + Ginger + Torch + Alocasia + Davalia,-,-,QB-P8,1,72,Price by box,$113.64,$127.50
Combos flower boxes,Combo Box Pink & Red Paradise,Musa + Ginger + Torch + Alocasia + Davalia,-,-,1/8C,1,38,Price by box,$69.34,$76.57
Combos flower boxes,Combo Box Aruba,,-,-,QB,1,41,Price by box,$75.81,$83.94
Combos flower boxes,Combo Box Lara,,-,-,QB,1,53,Price by box,$80.44,$89.27
Assorted Green boxes / Green Combos, Product Name ,Design,"Stem Lenght/
cm",Lenght / inches,Box type,Stems / Box,units / Box,Price by,DSD Fedex," DSD Fedex
HIGH SEASON"
Combos boxes-Greens,Combo Box Foliage Amazon,Best seller,-,-,HB,1,280,Price by box,$177.29,$200.69
Combos boxes-Greens,Combo Box Foliage Amazon,Best seller,-,-,QB,1,160,Price by box,$95.01,$106.02
Combos boxes-Greens,Combo Box Foliage Amazon,Best seller,-,-,1/8,1,90,Price by box,$54.04,$58.94
Combos boxes-Greens,Combo Box Foliage Jungle,Best seller,-,-,HB,1,360,Price by box,$177.29,$200.69
Combos boxes-Greens,Combo Box Foliage Jungle,Best seller,-,-,QB,1,230,Price by box,$95.01,$106.02
Combos boxes-Greens,Combo Box Foliage Jungle,Best seller,-,-,1/8,1,115,Price by box,$54.04,$58.94
Combos boxes-Greens,Combo Box Foliage Greenery,Best seller,-,-,HB,1,330,Price by box,$177.29,$200.69
Combos boxes-Greens,Combo Box Foliage Greenery,Best seller,-,-,QB,1,180,Price by box,$95.01,$106.02
Combos boxes-Greens,Combo Box Foliage Greenery,Best seller,-,-,1/8,1,90,Price by box,$54.04,$58.94
Combos boxes-Greens,Combo Box Foliage Botanical,Best seller,-,-,HB,1,172,Price by box,$177.29,$200.69
Combos boxes-Greens,Combo Box Foliage Botanical,Best seller,-,-,QB,1,86,Price by box,$95.01,$106.02
Combos boxes-Greens,Combo Box Foliage Botanical,Best seller,-,-,1/8,1,43,Price by box,$54.04,$58.94
Combos boxes-Greens,Combo Box Foliage Vegetation,,-,-,HB,1,240,Price by box,$189.43,$214.65
Combos boxes-Greens,Combo Box Foliage Vegetation,,-,-,BB,1,120,Price by box,$107.60,$120.53
Combos boxes-Greens,Combo Box Foliage Vegetation,,-,-,1/8,1,60,Price by box,$58.52,$64.09
Combos boxes-Greens,Combo Box Foliage Herbage,,-,-,HB,1,185,Price by box,$169.36,$191.57
Combos boxes-Greens,Combo Box Foliage Herbage,,-,-,BB,1,105,Price by box,$107.33,$120.22
Combos boxes-Greens,Combo Box Foliage Savanna,,-,-,HB,1,140,Price by box,$166.25,$187.99
Combos boxes-Greens,Combo Box Foliage Savanna,,-,-,BB,1,70,Price by box,$96.01,$107.21
Combos boxes-Greens,La Magica Fillers Box,20 Coffee leaves + 30 Sanderiana + 30 Croton tip,-,-,1/8C,80,1,Price by stem,$0.74,$0.81
Green Bouquets, Product Name ,Design,Bouquet Lenght/ cm,Bouquet Lenght / inches,Box type,Bouquet / Box,Stems / Bouquet,Price by,DSD Fedex," DSD Fedex
HIGH SEASON"
Greens bouquets,Round Green 1 Meter,,95,37.7,HB,5,21,Price by bouquet,$23.33,$26.19
Greens bouquets,Round Green Reina,,60,23.8,HB-P20,50,17,Price by bouquet,$5.58,$6.35
Greens bouquets,Round Green Reina,,60,23.8,QB,25,17,Price by bouquet,$4.79,$5.38
Greens bouquets,Round Green Reina,,60,23.8,1/8C,15,17,Price by bouquet,$5.52,$6.13
Greens bouquets,Round Green Amazonas farm choice,,50,19.9,HB,50,10,Price by bouquet,$4.54,$5.15
Greens bouquets,Round Green Amazonas farm choice,,50,19.9,QB-P7,25,10,Price by bouquet,$4.99,$5.61
Greens bouquets,Round Green Amazonas farm choice,,50,19.9,1/8C,16,10,Price by bouquet,$5.35,$5.95
Greens bouquets,"Round Green Emerald, Forest, Paradise, Afforest, Jade, Silver Forest",,60,23.8,HB-P13,40,11-18,Price by bouquet,$6.09,$6.93
Greens bouquets,"Round Green Emerald, Forest, Paradise, Afforest, Jade, Silver Forest",,60,23.8,QB,25,11-18,Price by bouquet,$5.73,$6.47
Greens bouquets,"Round Green Emerald, Forest, Paradise, Afforest, Jade, Silver Forest",,60,23.8,1/8C,12,11-18,Price by bouquet,$7.16,$7.97
Greens bouquets,"Round Green Emerald, Forest, Paradise, Afforest, Jade, Silver Forest",,60,23.8,GB-M,6,11-18,Price by bouquet,$8.85,$9.65
Greens bouquets,Berry Forest,,60,23.8,HB-P13,40,11-18,Price by bouquet,$6.22,$7.07
Greens bouquets,Berry Forest,,60,23.8,QB,25,11-18,Price by bouquet,$5.86,$6.61
Greens bouquets,Berry Forest,,60,23.8,1/8C,12,11-18,Price by bouquet,$7.29,$8.11
Greens bouquets,Berry Forest,,60,23.8,GB-M,6,11-18,Price by bouquet,$8.98,$9.79
Greens, Product Name ,"informativo ventas
no se envía a clientes","Stem Lenght/
cm",Lenght / inches,Box type,Stems / Box,stems / bunch,Price by,DSD Fedex," DSD Fedex
HIGH SEASON"
Greens - Oversize,Areca Palm XL,,120,47.6,QBXL-130,90,10,Price by stem,$3.75,$4.15
Palm,Areca Palm M,,65,25.8,HB-P23,500,10,Price by stem,$0.59,$0.67
Palm,Areca Palm M,,65,25.8,BB-P12,250,10,Price by stem,$0.62,$0.70
Palm,Areca Palm M,,65,25.8,1/8C-P7,150,10,Price by stem,$0.63,$0.70
Palm,Areca Palm S,,50,19.9,HB,600,10,Price by stem,$0.39,$0.45
Palm,Areca Palm S,,50,19.9,QB,300,10,Price by stem,$0.42,$0.48
Palm,Areca Palm S,,50,19.9,1/8,150,10,Price by stem,$0.47,$0.52
Palm,Arrow Palm,,50,19.9,1/8-P4,150,10,Price by stem,$0.76,$0.85
Palm,Fish Tail,Caryota palm,70,27.8,HB,200,10,Price by stem,$0.96,$1.09
Palm,Fish Tail,Caryota palm,70,27.8,QB,100,10,Price by stem,$1.03,$1.15
Palm,Fish Tail,Caryota palm,70,27.8,1/8,50,10,Price by stem,$1.17,$1.28
Palm - Oversize,Accordeon Palm XL,,120,47.6,QBXL-130-P9,150,10,Price by stem,$1.61,$1.76
Palm - Oversize,Accordeon Palm XL,,120,47.6,XL-130,300,10,Price by stem,$1.29,$1.44
Palm,Accordeon Palm L,,90,35.7,HB,300,10,Price by stem,$0.84,$0.95
Palm,Accordeon Palm L,,90,35.7,QB,150,10,Price by stem,$0.88,$0.98
Palm,Accordeon Palm M,,70,27.8,HB,400,10,Price by stem,$0.75,$0.85
Palm,Accordeon Palm M,,70,27.8,QB,200,10,Price by stem,$0.77,$0.88
Palm,Licuala Palm,,60,23.8,HB,60,5,Price by stem,$2.58,$2.92
Palm,Licuala Palm,,60,23.8,BB,45,5,Price by stem,$2.37,$2.66
Palm,Licuala Palm,,60,23.8,1/8c,20,5,Price by stem,$3.17,$3.49
Palm,Raphis Palm,20-30cm de hoja // 20 cm de tallo 40-50cm,50,19.9,HB,150,5,Price by stem,$1.12,$1.26
Palm,Raphis Palm,20-30cm de hoja // 20 cm de tallo 40-50cm,50,19.9,QB,75,5,Price by stem,$1.20,$1.34
Palm,Raphis Palm,20-30cm de hoja // 20 cm de tallo 40-50cm,50,19.9,1/8,30,5,Price by stem,$1.60,$1.73
Alocasia,Deer Face,Alocasia sanderiana / Amazonica,40,15.9,HB,200,1,Price by stem,$1.48,$1.69
Alocasia,Deer Face,Alocasia sanderiana / Amazonica,40,15.9,BB,100,1,Price by stem,$1.61,$1.83
Alocasia,Deer Face,Alocasia sanderiana / Amazonica,40,15.9,1/8C,50,1,Price by stem,$1.87,$2.09
Alocasia,Alocasia Esmeralda Large,Elephant ears,90,35.7,HB,80,5,Price by stem,$2.54,$2.88
Alocasia,Alocasia Esmeralda Large,Elephant ears,90,35.7,QB,40,5,Price by stem,$2.70,$3.02
Alocasia,Alocasia Esmeralda Medium,Elephant ears,70,27.8,HB,100,5,Price by stem,$1.92,$2.18
Alocasia,Alocasia Esmeralda Medium,Elephant ears,70,27.8,QB,50,5,Price by stem,$2.05,$2.28
Alocasia,Alocasia Esmeralda Small,Elephant ears,60,23.8,HB,100,5,Price by stem,$1.62,$1.84
Alocasia,Alocasia Esmeralda Small,Elephant ears,60,23.8,BB,60,5,Price by stem,$1.68,$1.88
Alocasia,Alocasia Esmeralda Small,Elephant ears,60,23.8,1/8C,30,5,Price by stem,$2.11,$2.33
Alocasia - Oversize,Alocasia Green XL,Elephant ears,140,55.6,XL-150,15,5,Price by stem,$16.88,$18.42
Alocasia - Oversize,Alocasia Green Large,Elephant ears,90,35.7,HB,80,5,Price by stem,$2.54,$2.88
Alocasia - Oversize,Alocasia Green Large,Elephant ears,90,35.7,QB,40,5,Price by stem,$2.70,$3.02
Alocasia,Alocasia Green Medium,Elephant ears,70,27.8,HB,100,5,Price by stem,$1.92,$2.18
Alocasia,Alocasia Green Medium,Elephant ears,70,27.8,QB,50,5,Price by stem,$2.05,$2.28
Alocasia,Alocasia Green Small,Elephant ears,60,23.8,HB,100,5,Price by stem,$1.62,$1.84
Alocasia,Alocasia Green Small,Elephant ears,60,23.8,BB,60,5,Price by stem,$1.68,$1.88
Alocasia,Alocasia Green Small,Elephant ears,60,23.8,1/8C,30,5,Price by stem,$2.11,$2.33
Alocasia - Oversize,Alocasia Xlarge Bicolor,,140,55.6,XL-150,15,5,Price by stem,$19.58,$21.53
Alocasia - Oversize,Alocasia Large Bicolor,,90,35.7,HB,40,5,Price by stem,$6.59,$7.49
Alocasia - Oversize,Alocasia Large Bicolor,,90,35.7,QB,20,5,Price by stem,$6.90,$7.77
Alocasia,Alocasia Medium Bicolor,,70,27.8,QB,25,5,Price by stem,$4.93,$5.55
Alocasia,Alocasia Small Bicolor,,60,23.8,QB,30,5,Price by stem,$4.24,$4.76
Monstera - Oversize,Monstera XLarge Green,,140,55.6,XL-150,15,5,Price by stem,$17.01,$18.57
Monstera - Oversize,Monstera Large Green,,90,35.7,HB,30,5,Price by stem,$5.36,$6.06
Monstera - Oversize,Monstera Large Green,,90,35.7,QB,15,5,Price by stem,$5.78,$6.43
Monstera,Monstera Medium Green,,70,27.8,HB,60,5,Price by stem,$3.14,$3.56
Monstera,Monstera Medium Green,,70,27.8,QB,30,5,Price by stem,$3.36,$3.75
Monstera,Monstera Small Green,,50,19.9,HB,200,5,Price by stem,$1.47,$1.67
Monstera,Monstera Small Green,,50,19.9,QB,100,5,Price by stem,$1.54,$1.73
Monstera,Monstera Small Green,,50,19.9,1/8,50,5,Price by stem,$1.68,$1.86
Monstera,Monstera Petite Green,,30,11.9,HB,250,5,Price by stem,$1.09,$1.24
Monstera,Monstera Petite Green,,30,11.9,QB,150,5,Price by stem,$1.07,$1.20
Monstera,Monstera Petite Green,,30,11.9,1/8,60,5,Price by stem,$1.27,$1.40
Monstera - Oversize,Monstera XLarge Bicolor,,140,55.6,XL-150,15,5,Price by stem,$21.03,$23.19
Monstera - Oversize,Monstera Large Bicolor,,90,35.7,HB,30,5,Price by stem,$8.55,$9.73
Monstera - Oversize,Monstera Large Bicolor,,90,35.7,QB,15,5,Price by stem,$8.97,$10.10
Monstera,Monstera Medium Bicolor,,70,27.8,QB,30,5,Price by stem,$6.79,$7.69
Monstera - Oversize,Alocasia and Monstera Bicolor Mix Sizes,,140,55.6,XL-150,15,5,Price by stem,$17.01,$18.57
Musa Oversize,Musa Leaf XL,,150,59.6,XL-160,80,5,Price by stem,$3.71,$4.08
Musa Oversize,Musa Leaf XL,,150,59.6,QBXL-160,30,5,Price by stem,$6.10,$6.52
Musa Leaf,Musa Leaf Large,,90,35.7,HB,60,5,Price by stem,$2.21,$2.49
Musa Leaf,Musa Leaf Large,,90,35.7,QB,30,5,Price by stem,$2.43,$2.68
Musa Leaf,Musa Leaf Small,,60,23.8,HB,120,5,Price by stem,$1.47,$1.66
Musa Leaf,Musa Leaf Small,,60,23.8,QB,60,5,Price by stem,$1.57,$1.76
Musa Leaf,Musa Leaf Small,,60,23.8,1/8,30,5,Price by stem,$1.81,$1.97
Philodendron - Oversize,Phi Pinnatifidum,,90,35.7,HB,30,5,Price by stem,$3.56,$3.99
Philodendron - Oversize,Phi Pinnatifidum,,90,35.7,QB,15,5,Price by stem,$3.98,$4.36
Philodendron - Oversize,Phi Seloum,,120,47.6,XL-130,30,5,Price by stem,$7.19,$7.78
Philodendron - Oversize,Phi Seloum,,90,35.7,HB,30,5,Price by stem,$3.69,$4.14
Philodendron - Oversize,Phi Seloum,,90,35.7,QB,15,5,Price by stem,$4.11,$4.51
Palm - Oversize,Trina Palm Round,,120,47.6,XL-130 al.20-P23,12,3,Price by stem,$25.27,$27.84
Palm - Oversize,Trina Palm Round,,150,59.6,XL-160 al.20-P25,12,3,Price by stem,$26.36,$29.09
Palm - Oversize,Trina Palm Round,,150,59.6,QBXL-160-P12,10,3,Price by stem,$21.87,$23.68
Palm - Oversize,Umbrella Palm,,150,59.6,XL-160-P23,40,5,Price by stem,$10.34,$11.52
Palm - Oversize,Umbrella Palm,,150,59.6,QBXL-160,20,5,Price by stem,$12.03,$13.10
Palm - Oversize,Toquilla Palm,,90,35.7,HB,80,5,Price by stem,$3.29,$3.75
Palm - Oversize,Toquilla Palm,,90,35.7,QB,50,5,Price by stem,$3.20,$3.61
Palm - Oversize,Agave Penco XL,,120,47.6,XL-130,20,1,Price by stem,$12.34,$13.44
Palm,Agave Penco,,90,35.7,HB,20,1,Price by stem,$7.07,$7.97
Willow,Willow thick,,150,59.6,XL-130,100,10,Price by stem,$2.17,$2.34
Willow,Willow,,90,35.7,HB,500,10,Price by stem,$0.25,$0.28
Willow,Willow,,90,35.7,QB,250,10,Price by stem,$0.28,$0.30
Willow,Willow,,90,35.7,1/8,150,10,Price by stem,$0.29,$0.31
Cocculos,Cocculos leaf,,70,27.8,HB,300,10,Price by stem,$0.61,$0.69
Cocculos,Cocculos leaf,,70,27.8,QB,150,10,Price by stem,$0.65,$0.72
Cocculos,Cocculos leaf,,70,27.8,1/8C,50,10,Price by stem,$1.14,$1.25
Sanseveria,Sansevieria Golden,,60,23.8,HB,150,5,Price by stem,$0.96,$1.07
Sanseveria,Sansevieria Golden,,60,23.8,QB,80,5,Price by stem,$1.00,$1.11
Sanseveria,Sansevieria Golden,,60,23.8,1/8C,40,5,Price by stem,$1.40,$1.53
Sanseveria,Sansevieria Silver,,60,23.8,HB,150,5,Price by stem,$0.96,$1.07
Sanseveria,Sansevieria Silver,,60,23.8,QB,80,5,Price by stem,$1.00,$1.11
Sanseveria,Sansevieria Silver,,60,23.8,1/8C,40,5,Price by stem,$1.40,$1.53
Cocoplum,Cocoplum,,60,23.8,HB,200,10,Price by stem,$0.74,$0.84
Cocoplum,Cocoplum,,60,23.8,QB,100,10,Price by stem,$0.81,$0.90
Cocoplum,Cocoplum,,60,23.8,1/8,50,10,Price by stem,$0.95,$1.03
Dracaena,Masajeana Variegated,,60,23.8,HB,500,10,Price by stem,$0.35,$0.40
Dracaena,Masajeana Variegated,,60,23.8,QB,250,10,Price by stem,$0.38,$0.42
Dracaena,Masajeana Variegated,,60,23.8,1/8,130,10,Price by stem,$0.42,$0.46
Dieffenbachia,Dieffenbachia lemon,,60,23.8,HB,200,10,Price by stem,$0.86,$0.97
Dieffenbachia,Dieffenbachia lemon,,60,23.8,QB,100,10,Price by stem,$0.93,$1.03
Dieffenbachia,Dieffenbachia lemon,,60,23.8,1/8,50,10,Price by stem,$1.07,$1.16
Dieffenbachia,Dieffenbachia white,,60,23.8,HB,200,10,Price by stem,$0.86,$0.97
Dieffenbachia,Dieffenbachia white,,60,23.8,QB,100,10,Price by stem,$0.93,$1.03
Dieffenbachia,Dieffenbachia white,,60,23.8,1/8,50,10,Price by stem,$1.07,$1.16
Greens,Alpinia Leave Variegated,K,55,21.8,HB,200,10,Price by stem,$0.79,$0.89
Greens,Alpinia Leave Variegated,,55,21.8,QB,100,10,Price by stem,$0.86,$0.95
Greens,Alpinia Leave Variegated,,55,21.8,1/8,50,10,Price by stem,$1.00,$1.08
Eucalyptus,Eucalyptus Long,,60,23.8,QB,120,10,Price by stem,$0.71,$0.78
Eucalyptus,Eucalyptus Long,,60,23.8,1/8,60,10,Price by stem,$0.82,$0.88
Eucalyptus,Eucalyptus Silver Dollar,,60,23.8,HB,200,10,Price by stem,$0.74,$0.84
Eucalyptus,Eucalyptus Silver Dollar,,60,23.8,QB,100,10,Price by stem,$0.81,$0.90
Eucalyptus,Eucalyptus Silver Dollar,,60,23.8,1/8C,70,10,Price by stem,$0.89,$0.99
Calathea,Calathea round leaf,,60,23.8,HB,160,5,Price by stem,$1.33,$1.51
Calathea,Calathea round leaf,,60,23.8,QB,80,5,Price by stem,$1.41,$1.59
Calathea,Calathea round leaf,,60,23.8,1/8,40,5,Price by stem,$1.58,$1.74
Calathea,Calathea Zebrina Leaf CE,,60,23.8,HB,160,5,Price by stem,$1.33,$1.51
Calathea,Calathea Zebrina Leaf CE,,60,23.8,QB,80,5,Price by stem,$1.41,$1.59
Calathea,Calathea Zebrina Leaf CE,,60,23.8,1/8,35,5,Price by stem,$1.69,$1.86
Calathea,Calathea Zebrina leaf LM,,60,23.8,HB,160,5,Price by stem,$1.33,$1.51
Calathea,Calathea Zebrina leaf LM,,60,23.8,QB,80,5,Price by stem,$1.41,$1.59
Calathea,Calathea Zebrina leaf LM,,60,23.8,1/8,35,5,Price by stem,$1.69,$1.86
Cordelyn,Cordyline leaf dark green pink edge,,50,19.9,HB,600,10,Price by stem,$0.26,$0.30
Cordelyn,Cordyline leaf dark green pink edge,,50,19.9,QB,300,10,Price by stem,$0.29,$0.33
Cordelyn,Cordyline leaf dark green pink edge,,50,19.9,1/8,150,10,Price by stem,$0.34,$0.37
Cordelyn,Cordyline leaf dark green pink edge,,50,19.9,GB-M,80,10,Price by stem,$0.51,$0.55
Cordelyn,Cordyline leaf Fucsia,,50,19.9,HB,600,10,Price by stem,$0.26,$0.30
Cordelyn,Cordyline leaf Fucsia,,50,19.9,QB,300,10,Price by stem,$0.29,$0.33
Cordelyn,Cordyline leaf Fucsia,,50,19.9,1/8,150,10,Price by stem,$0.34,$0.37
Cordelyn,Cordyline leaf Fucsia,,50,19.9,GB-M,80,10,Price by stem,$0.51,$0.55
Cordelyn,Cordyline leaf mix,"Ti-leaves green, fucsia, green pink edges",50,19.9,HB,600,10,Price by stem,$0.26,$0.30
Cordelyn,Cordyline leaf mix,"Ti-leaves green, fucsia, green pink edges",50,19.9,QB,300,10,Price by stem,$0.29,$0.33
Cordelyn,Cordyline leaf mix,"Ti-leaves green, fucsia, green pink edges",50,19.9,1/8,150,10,Price by stem,$0.34,$0.37
Cordelyn,Cordyline leaf mix,"Ti-leaves green, fucsia, green pink edges",50,19.9,GB-M,80,10,Price by stem,$0.51,$0.55
Cordelyn Oversize,Cordyline leaf XL full green,,70,27.8,1/8,100,5,Price by stem,$0.55,$0.60
Cordelyn Oversize,Cordyline leaf XL Pink edge,,70,27.8,1/8,100,5,Price by stem,$0.55,$0.60
Cordelyn Oversize,Cordyline leaf XL black,,70,27.8,1/8,100,5,Price by stem,$0.55,$0.60
Tips,Cordyline tip fucsia (not USA),Ti-leaves,70,27.8,HB,100,5,Price by stem,$1.55,$1.76
Tips,Cordyline tip fucsia (not USA),Ti-leaves,70,27.8,QB,50,5,Price by stem,$1.68,$1.86
Tips,Cordyline tip full green (not USA),Ti-leaves,70,27.8,HB,100,5,Price by stem,$1.55,$1.76
Tips,Cordyline tip full green (not USA),Ti-leaves,70,27.8,QB,50,5,Price by stem,$1.68,$1.86
Tips,Cordyline tip dark green pink edge (not USA),Ti-leaves,70,27.8,HB,100,5,Price by stem,$1.55,$1.76
Tips,Cordyline tip dark green pink edge (not USA),Ti-leaves,70,27.8,QB,50,5,Price by stem,$1.68,$1.86
Philodendron,Phi Congo Red,,80,31.8,HB,30,5,Price by stem,$3.56,$3.99
Philodendron,Phi Congo Red,,80,31.8,QB,15,5,Price by stem,$3.98,$4.36
Philodendron,Phi Congo Green,,80,31.8,HB,30,5,Price by stem,$3.56,$3.99
Philodendron,Phi Congo Green,,80,31.8,QB,15,5,Price by stem,$3.98,$4.36
Philodendron,Phi Xantal,,60,23.8,HB,100,10,Price by stem,$1.48,$1.68
Philodendron,Phi Xantal,,60,23.8,QB,50,10,Price by stem,$1.61,$1.78
Philodendron,Phi Xantal,,60,23.8,1/8,30,10,Price by stem,$1.67,$1.81
Philodendron,Phi Lemon,,25,9.9,QB,500,10,Price by stem,$0.26,$0.29
Philodendron,Phi Lemon,,25,9.9,1/8,250,10,Price by stem,$0.29,$0.32
Philodendron,Phi Esmeralda,,40,15.9,HB,160,10,Price by stem,$0.92,$1.03
Philodendron,Phi Esmeralda,,40,15.9,QB,80,10,Price by stem,$1.00,$1.11
Philodendron,Phi Esmeralda,,40,15.9,1/8,40,10,Price by stem,$1.17,$1.26
Philodendron,Phi Xanadu,,40,15.9,HB,700,10,Price by stem,$0.42,$0.49
Philodendron,Phi Xanadu,,40,15.9,QB,350,10,Price by stem,$0.45,$0.51
Philodendron,Phi Xanadu,,40,15.9,1/8,165,10,Price by stem,$0.50,$0.56
Philodendron,Phi Xanadu,,40,15.9,GB-M,80,10,Price by stem,$0.69,$0.76
Philodendron,Phi Hope,,40,15.9,HB,500,10,Price by stem,$0.54,$0.61
Philodendron,Phi Hope,,40,15.9,QB,250,10,Price by stem,$0.57,$0.63
Philodendron,Phi Hope,,40,15.9,1/8,130,10,Price by stem,$0.61,$0.67
Fern,Davalia,,60,23.8,HB,200,10,Price by stem,$1.10,$1.25
Fern,Davalia,,60,23.8,QB,100,10,Price by stem,$1.17,$1.31
Fern,Davalia,,60,23.8,1/8C,50,10,Price by stem,$1.49,$1.65
Fern,Felicium Fern (not USA),Serrucho,50,19.9,HB,200,10,Price by stem,$0.92,$1.04
Fern,Felicium Fern (not USA),Serrucho,50,19.9,BB,125,10,Price by stem,$0.94,$1.06
Fern,Felicium Fern (not USA),Serrucho,50,19.9,1/8C,70,10,Price by stem,$1.07,$1.19
Fern,Esparrago plumosa,,50,19.9,HB,200,10,Price by stem,$1.03,$1.17
Fern,Esparrago plumosa,,50,19.9,QB,100,10,Price by stem,$1.10,$1.23
Fern,Esparrago plumosa,,50,19.9,1/8,50,10,Price by stem,$1.24,$1.36
Fern,Helecho Macho,Helecho Macho,50,19.9,HB,500,10,Price by stem,$0.55,$0.63
Fern,Helecho Macho,Helecho Macho,50,19.9,QB,200,10,Price by stem,$0.62,$0.71
Fern,Helecho Macho,Helecho Macho,50,19.9,1/8C,130,10,Price by stem,$0.69,$0.77
Fern,Lettuce Fern,,50,19.9,HB,200,10,Price by stem,$0.75,$0.85
Fern,Lettuce Fern,,50,19.9,QB,100,10,Price by stem,$0.82,$0.91
Fern,Lettuce Fern,,50,19.9,1/8,50,10,Price by stem,$0.96,$1.04
Fern,Foliate,,50,19.9,HB,250,10,Price by stem,$0.80,$0.91
Fern,Foliate,,50,19.9,QB,150,10,Price by stem,$0.78,$0.87
Fern,Foliate,,50,19.9,1/8,80,10,Price by stem,$0.85,$0.94
Fern,Twisted fern,Tornillo,50,19.9,HB,200,10,Price by stem,$0.74,$0.84
Fern,Twisted fern,Tornillo,50,19.9,BB,130,10,Price by stem,$0.75,$0.84
Fern,Twisted fern,Tornillo,50,19.9,1/8C,70,10,Price by stem,$0.89,$0.99
Pandanus,Pandanus Green,,80,31.8,HB,500,10,Price by stem,$0.30,$0.34
Pandanus,Pandanus Green,,80,31.8,QB,250,10,Price by stem,$0.33,$0.36
Pandanus,Pandanus Green,,80,31.8,1/8,130,10,Price by stem,$0.37,$0.40
Pandanus,Pandanus Variegated,,80,31.8,HB,500,10,Price by stem,$0.30,$0.34
Pandanus,Pandanus Variegated,,80,31.8,QB,250,10,Price by stem,$0.33,$0.36
Pandanus,Pandanus Variegated,,80,31.8,1/8,130,10,Price by stem,$0.37,$0.40
Pandanus,Pandanus Curly variegated,,50,19.9,HB,135,1,Price by stem,$1.18,$1.33
Pandanus,Pandanus Curly variegated,,50,19.9,QB,70,1,Price by stem,$1.25,$1.39
Pandanus,Pandanus Curly variegated,,50,19.9,1/8,35,1,Price by stem,$1.44,$1.57
Monedita,Monedita,,50,19.9,HB,200,10,Price by stem,$0.74,$0.84
Monedita,Monedita,,50,19.9,QB,100,10,Price by stem,$0.81,$0.90
Monedita,Monedita,,50,19.9,1/8,50,10,Price by stem,$0.95,$1.03
Tips,Croton tip lemon dop,,45,17.9,HB,400,10,Price by stem,$0.49,$0.55
Tips,Croton tip lemon dop,,45,17.9,QB,200,10,Price by stem,$0.51,$0.58
empac,Croton tip lemon dop,,45,17.9,1/8,100,10,Price by stem,$0.58,$0.64
Tips,Croton tip baby doll,,45,17.9,HB,120,3,Price by stem,$1.40,$1.58
Tips,Croton tip baby doll,,45,17.9,QB,60,3,Price by stem,$1.50,$1.68
Tips,Croton tip thin,,45,17.9,HB,400,10,Price by stem,$0.53,$0.60
Tips,Croton tip thin,,45,17.9,QB,200,10,Price by stem,$0.55,$0.63
Tips,Croton tip thin,,45,17.9,1/8,100,10,Price by stem,$0.62,$0.69
Tips,Schefflera tip Green,,45,17.9,HB,70,5,Price by stem,$2.00,$2.26
Tips,Schefflera tip Green,,45,17.9,QB,35,5,Price by stem,$2.19,$2.42
Tips,Schefflera tip Bicolor,,45,17.9,HB,70,5,Price by stem,$2.00,$2.26
Tips,Schefflera tip Bicolor,,45,17.9,QB,35,5,Price by stem,$2.19,$2.42
Tips,Anglonema tip Green,,45,17.9,HB,120,5,Price by stem,$1.05,$1.18
Tips,Anglonema tip Green,,45,17.9,QB,60,5,Price by stem,$1.15,$1.28
Tips,Anglonema tip Green,,45,17.9,1/8,30,5,Price by stem,$1.39,$1.49
Tips,Anglonema tip Snow White,,45,17.9,HB,120,5,Price by stem,$1.40,$1.58
Tips,Anglonema tip Snow White,,45,17.9,QB,60,5,Price by stem,$1.50,$1.68
Tips,Anglonema tip Snow White,,45,17.9,1/8,30,5,Price by stem,$1.74,$1.89
Tips,Anglonema tip Pink and Green CE,,45,17.9,HB,120,5,Price by stem,$1.40,$1.58
Tips,Anglonema tip Pink and Green CE,,45,17.9,QB,60,5,Price by stem,$1.50,$1.68
Tips,Anglonema tip Pink and Green CE,,45,17.9,1/8,30,5,Price by stem,$1.74,$1.89
Tips,Anglonema tip Pink and Green LM,,45,17.9,HB,120,5,Price by stem,$1.40,$1.58
Tips,Anglonema tip Pink and Green LM,,45,17.9,QB,60,5,Price by stem,$1.50,$1.68
Tips,Anglonema tip Pink and Green LM,,45,17.9,1/8,30,5,Price by stem,$1.74,$1.89
Tips,Podocarpus,,50,19.9,HB,140,5,Price by stem,$1.08,$1.22
Tips,Podocarpus,,50,19.9,QB,70,5,Price by stem,$1.17,$1.30
Tips,Podocarpus,,50,19.9,1/8C,40,5,Price by stem,$1.48,$1.63
Coffee leaves,Coffee leaf,,70,27.8,HB,250,10,Price by stem,$0.66,$0.75
Coffee leaves,Coffee leaf,,70,27.8,BB,150,10,Price by stem,$0.68,$0.77
Coffee leaves,Coffee leaf,,70,27.8,1/8,50,10,Price by stem,$0.95,$1.03
Aralia,Aralia Leaves,,20,7.9,1/8,50,10,Price by stem,$0.88,$0.94
Aspidistra,Aspidistra leaves,,50,19.9,HB,500,10,Price by stem,$0.36,$0.41
Aspidistra,Aspidistra leaves,,50,19.9,QB,250,10,Price by stem,$0.39,$0.43
Aspidistra,Aspidistra leaves,,50,19.9,1/8,130,10,Price by stem,$0.43,$0.47
Schefflera leaves,Schefflera leaves,,20,7.9,1/8,50,5,Price by stem,$0.87,$0.93
Philodendron,Aralia Japonica,,40,15.9,1/8,30,10,Price by stem,$1.70,$1.84
Dried & Preserved,Dried Monochromatic Box Green,,50-60,19.9,1/8C,20,-,Price by bunch,$6.76,$7.61
Dried & Preserved,Dried Monochromatic Box Xmass,,50-60,19.9,1/8C,20,-,Price by bunch,$6.76,$7.61
Dried & Preserved,Dried Monochromatic Box Red,,50-60,19.9,1/8C,20,-,Price by bunch,$6.76,$7.61
Dried & Preserved,Dried Monochromatic Box Metallic,,50-60,19.9,1/8C,20,-,Price by bunch,$6.76,$7.61
Dried & Preserved,Dried Monochromatic Box Eart,,50-60,19.9,1/8C,20,-,Price by bunch,$6.76,$7.61
Dried & Preserved,Dried Monochromatic Box Fall,,50-60,19.9,1/8C,20,-,Price by bunch,$6.76,$7.61
Dried & Preserved,Dried Monochromatic Box Pink/Red,,50-60,19.9,1/8C,20,-,Price by bunch,$6.76,$7.61
Dried & Preserved,Dried Monochromatic Box Bleached,,50-60,19.9,1/8C,20,-,Price by bunch,$6.76,$7.61
Dried & Preserved,Dried Monochromatic Box Pink,,50-60,19.9,1/8C,20,-,Price by bunch,$6.76,$7.61
Dried & Preserved,Dried Monochromatic Box Fucsia,,50-60,19.9,1/8C,20,-,Price by bunch,$6.76,$7.61
Dried & Preserved,Dried Monochromatic Box Lavender,,50-60,19.9,1/8C,20,-,Price by bunch,$6.76,$7.61
Dried & Preserved,Dried Monochromatic Box Light Pink,,50-60,19.9,1/8C,20,-,Price by bunch,$6.76,$7.61
Dried & Preserved,Dried Monochromatic Box Pastel,,50-60,19.9,1/8C,20,-,Price by bunch,$6.76,$7.61
Dried & Preserved,Wow Dried Box,,mix,-,1/8,1,71,Price by box,$85.51,$95.13
Dried & Preserved,Wow Dried Box,,mix,-,1/8,1,71,Price by box,$85.51,$95.13
Dried & Preserved,Wow Dried Box,,mix,-,1/8,1,71,Price by box,$85.51,$95.13
Dried & Preserved,Deco Dry Xmass,,mix,-,1/8,1,80,Price by box,$53.77,$58.63
Dried & Preserved,Jingle Preserved Box,,mix,-,1/8,1,135,Price by box,$94.27,$105.21
Dried & Preserved,Dried Deco Pink Box,,-,-,1/8,1,80,Price by box,$53.77,$58.63
Dried & Preserved,Dried Enchanted Pink Box,,-,-,1/8,1,135,Price by box,$94.27,$105.21
Dried & Preserved,Dried Pampas Slim summer mix,,90,35.7,1/8XL,150,10,Price by stem,$0.88,$0.99
Dried & Preserved,Dried Pampas Slim fall mix,,90,35.7,1/8XL,150,10,Price by stem,$0.88,$0.99
Dried & Preserved,Dried Summer Box,,-,-,1/8,15,39,Price by box,$32.63,$37.31
Dried & Preserved,Dried Eternal Box,Square box,14x14x7,-,BB,10,,Price by box,$17.13,$19.38
Dried & Preserved,Dried Eternal Box,Square box,14x14x7,-,GB-M,4,,Price by box,$19.12,$21.19
Dried & Preserved,Dried Eternal Rose Box,Square box,14x14x7,-,BB,10,,Price by box,$18.51,$20.97
Dried & Preserved,Dried Eternal Rose Box,Square box,14x14x7,-,GB-M,4,,Price by box,$20.50,$22.78
Dried & Preserved,Dried BQT Eternal Large Xmass Mix,"Blush, Bleach, Twiligth, Shine, Sky, Velvet, Sangria, Golden",55,21.8,HB,8,26,Price by bouquet,$23.03,$26.09
Dried & Preserved,Dried BQT Eternal Large Xmass Mix,"Blush, Bleach, Twiligth, Shine, Sky, Velvet, Sangria, Golden",55,21.8,BB,4,26,Price by bouquet,$26.24,$29.38
Dried & Preserved,Dried BQT Eternal Large Fall Mix,"Blush, Bleach, Twiligth, Shine, Sky, Velvet, Sangria, Golden",55,21.8,HB,8,26,Price by bouquet,$23.03,$26.09
Dried & Preserved,Dried BQT Eternal Large Fall Mix,"Blush, Bleach, Twiligth, Shine, Sky, Velvet, Sangria, Golden",55,21.8,BB,4,26,Price by bouquet,$26.24,$29.38
Dried & Preserved,Dried BQT Eternal Large Vday Mix,,55,21.8,HB,8,26,Price by bouquet,$23.03,$26.09
Dried & Preserved,Dried BQT Eternal Large Vday Mix,,55,21.8,BB,4,26,Price by bouquet,$26.24,$29.38
Dried & Preserved,Dried BQT Eternal Regular Mix,,45,17.9,HB,20,10,Price by bouquet,$12.53,$14.25
Dried & Preserved,Dried BQT Eternal Regular Mix,,45,17.9,BB,12,10,Price by bouquet,$12.86,$14.52
Dried & Preserved,Dried BQT Eternal Regular Mix,,45,17.9,1/8C,6,10,Price by bouquet,$14.98,$16.70
Dried & Preserved,Dried BQT Lush Botanicals Mix,"Blush, Bleach, Twiligth, Shine, Sky, Velvet, Sangria, Golden",50,19.9,HB,24,12,Price by bouquet,$9.77,$11.10
Dried & Preserved,Dried BQT Lush Botanicals Mix,"Blush, Bleach, Twiligth, Shine, Sky, Velvet, Sangria, Golden",50,19.9,BB,14.4,12,Price by bouquet,$10.05,$11.33
Dried & Preserved,Dried BQT Lush Botanicals Mix,"Blush, Bleach, Twiligth, Shine, Sky, Velvet, Sangria, Golden",50,19.9,1/8C,6,12,Price by bouquet,$12.96,$14.38
Dried & Preserved,Dried BQT Lush Botanicals Mix,"Blush, Bleach, Twiligth, Shine, Sky, Velvet, Sangria, Golden",50,19.9,GB-M,4,12,Price by bouquet,$13.79,$15.06
Dried & Preserved,SemiFresh Willow Wreath Noel,Circle,40,15.9,HB,7,,Price by wreath,$30.37,$34.47
Dried & Preserved,SemiFresh Willow Wreath Shine,Circle,40,15.9,HB,7,,Price by wreath,$30.37,$34.47
Dried & Preserved,SemiFresh Willow Wreath Twinkle,Circle,40,15.9,HB,7,,Price by wreath,$30.37,$34.47
Dried & Preserved,Lunaria (any colour),,50,19.9,HB,48,5,Price by bunch,$7.09,$8.09
Dried & Preserved,Lunaria (any colour),,50,19.9,BB,24,5,Price by bunch,$7.63,$8.64
Dried & Preserved,Lunaria (any colour),,50,19.9,1/8C,12,5,Price by bunch,$8.70,$9.74
Dried & Preserved,Orchad (any colour),,60,23.8,HB,85,35,Price by bunch,$5.89,$6.74
Dried & Preserved,Orchad (any colour),,60,23.8,BB,40,35,Price by bunch,$6.27,$7.14
Dried & Preserved,Orchad (any colour),,60,23.8,1/8C,22,35,Price by bunch,$6.72,$7.59
Dried & Preserved,Oats (any colour),,60,23.8,HB,80,30,Price by bunch,$5.95,$6.81
Dried & Preserved,Oats (any colour),,60,23.8,BB,40,30,Price by bunch,$6.27,$7.14
Dried & Preserved,Oats (any colour),,60,23.8,1/8C,20,30,Price by bunch,$6.91,$7.79
Dried & Preserved,Thypa (any colour),,50,19.9,HB,100,30,Price by bunch,$5.73,$6.57
Dried & Preserved,Thypa (any colour),,50,19.9,BB,50,30,Price by bunch,$5.99,$6.83
Dried & Preserved,Thypa (any colour),,50,19.9,1/8C,25,30,Price by bunch,$6.50,$7.35
Dried & Preserved,Eucalyptus preserved natural,,60,23.8,HB,48,4-5,Price by bunch,$8.08,$9.22
Dried & Preserved,Eucalyptus preserved natural,,60,23.8,BB,24,4-5,Price by bunch,$8.62,$9.77
Dried & Preserved,Eucalyptus preserved natural,,60,23.8,1/8C,12,4-5,Price by bunch,$9.69,$10.87
Dried & Preserved,Eucalyptus preserved burgundy,,60,23.8,HB,48,4-5,Price by bunch,$8.08,$9.22
Dried & Preserved,Eucalyptus preserved burgundy,,60,23.8,BB,24,4-5,Price by bunch,$8.62,$9.77
Dried & Preserved,Eucalyptus preserved burgundy,,60,23.8,1/8C,12,4-5,Price by bunch,$9.69,$10.87
Dried & Preserved,Bunny Tail (any colour),,50,19.9,HB,105,35,Price by bunch,$5.68,$6.51
Dried & Preserved,Bunny Tail (any colour),,50,19.9,BB,45,35,Price by bunch,$6.11,$6.96
Dried & Preserved,Bunny Tail (any colour),,50,19.9,1/8C,22,35,Price by bunch,$6.72,$7.59
Dried & Preserved,Gypsophila (any colour),,50,19.9,HB,28,6-8,Price by bunch,$9.40,$10.70
Dried & Preserved,Gypsophila (any colour),,50,19.9,BB,18,6-8,Price by bunch,$9.42,$10.65
Dried & Preserved,Gypsophila (any colour),,50,19.9,1/8,8,6-8,Price by bunch,$10.27,$11.41
Dried & Preserved,Spikes (any colour),,50,19.9,HB,50,40,Price by bunch,$6.62,$7.55
Dried & Preserved,Spikes (any colour),,50,19.9,BB,25,40,Price by bunch,$7.13,$8.08
Dried & Preserved,Spikes (any colour),,50,19.9,1/8C,12,40,Price by bunch,$8.30,$9.28
Dried & Preserved,Linum (any colour),,60,23.8,HB,70,25-30,Price by bunch,$6.11,$6.99
Dried & Preserved,Linum (any colour),,60,23.8,BB,34,25-30,Price by bunch,$6.53,$7.42
Dried & Preserved,Linum (any colour),,60,23.8,1/8C,15,25-30,Price by bunch,$7.60,$8.53
Dried & Preserved,Craspedia (any colour),,50,19.9,HB,80,10,Price by bunch,$6.35,$7.27
Dried & Preserved,Craspedia (any colour),,50,19.9,QB,40,10,Price by bunch,$6.51,$7.41
Dried & Preserved,Craspedia (any colour),,50,19.9,1/8C,20,10,Price by bunch,$7.31,$8.25
Dried & Preserved,Dried Washingtonia round palm,,90,35.7,HB,25,1,Price by stem,$8.04,$9.12
Dried & Preserved,Dried Washingtonia round palm,,90,35.7,QB,12,1,Price by stem,$8.73,$9.77
Dried & Preserved,Dried Washingtonia heart palm,,90,35.7,HB,25,1,Price by stem,$8.04,$9.12
Dried & Preserved,Dried Washingtonia heart palm,,90,35.7,QB,12,1,Price by stem,$8.73,$9.77
Dried & Preserved,Spear Palm Fall,,55,21.8,HB,60,1,Price by stem,$5.97,$6.81
Dried & Preserved,Spear Palm Fall,,55,21.8,QB,40,1,Price by stem,$5.76,$6.54
Dried & Preserved,Spear Palm Fall,,55,21.8,1/8C,25,1,Price by stem,$6.15,$6.94
Dried & Preserved,Dried Sago palm bleached,,80,31.8,HB,60,5,Price by stem,$3.76,$4.27
Dried & Preserved,Dried Sago palm bleached,,80,31.8,QB,30,5,Price by stem,$3.98,$4.46
Dried & Preserved,Dried Sago palm bleached,,80,31.8,1/8,15,5,Price by stem,$4.43,$4.88
Dried & Preserved,Dried Pampas Fat Natural,,90,35.7,QB,150,10,Price by stem,$1.28,$1.44
Dried & Preserved,Dried Pennisetum bleached,,60-70,23.8,1/8C,200,10,Price by stem,$0.38,$0.43
Dried & Preserved,Dried Pennisetum Xmass,,60-70,23.8,1/8C,200,10,Price by stem,$0.38,$0.43
Dried & Preserved,Gorso Xmass,,80,23.8,HB,200,5,Price by stem,$0.79,$0.89
Dried & Preserved,Gorso Xmass,,80,31.8,QB,100,5,Price by stem,$0.86,$0.95
Dried & Preserved,Gorso Xmass,,80,31.8,1/8,50,5,Price by stem,$1.00,$1.08
Dried & Preserved,Dried Banana Leaf upright red,,80,31.8,HB,200,5,Price by stem,$0.79,$0.89
Dried & Preserved,Dried Banana Leaf upright red,,80,31.8,BB,100,5,Price by stem,$0.92,$1.03
Dried & Preserved,Dried Banana Leaf upright red,,80,31.8,1/8,50,5,Price by stem,$1.00,$1.08
Dried & Preserved,Dried Ginger pink,,50,19.9,HB,200,5,Price by stem,$0.72,$0.81
Dried & Preserved,Dried Ginger pink,,50,19.9,QB,100,5,Price by stem,$0.79,$0.87
Dried & Preserved,Dried Ginger pink,,50,19.9,1/8c,50,5,Price by stem,$1.11,$1.21
Dried & Preserved,Jungle Apple L,,15,6.0,HB,12,1,Price by stem,$13.64,$15.41
Dried & Preserved,Jungle Apple L,,15,6.0,BB,6,1,Price by stem,$15.78,$17.61
Dried & Preserved,caryota dry bleached L,,50,19.9,HB,5,1,Price by stem,$21.93,$24.58
Dried & Preserved,caryota dry bleached M,,40,15.9,HB,12,1,Price by stem,$12.94,$14.61
Dried & Preserved,caryota dry bleached M,,40,15.9,BB,6,1,Price by stem,$15.08,$16.81
Dried & Preserved,caryota dry red S,,30,11.9,BB,30,1,Price by stem,$7.38,$8.38
Dried & Preserved,caryota dry red S,,30,11.9,1/8C,15,1,Price by stem,$8.22,$9.24
Dried & Preserved,chili fat pick*1 (any colour),,50,19.9,HB,144,3,Price by pick,$0.87,$0.98
Dried & Preserved,chili fat pick*1 (any colour),,50,19.9,QB,72,3,Price by pick,$0.96,$1.06
Dried & Preserved,chili fat pick*1 (any colour),,50,19.9,1/8,36,3,Price by pick,$1.15,$1.23
Dried & Preserved,Loafa Sponge pick*1 (any colour),,50,19.9,HB,300,5,Price by pick,$0.74,$0.84
Dried & Preserved,Loafa Sponge pick*1 (any colour),,50,19.9,QB,150,5,Price by pick,$0.78,$0.87
Dried & Preserved,Loafa Sponge pick*1 (any colour),,50,19.9,1/8,50,5,Price by pick,$1.09,$1.19
Dried & Preserved,Loafa Pick*1 Orange Halloween,,50,19.9,HB,300,5,Price by pick,$0.74,$0.84
Dried & Preserved,Loafa Pick*1 Orange Halloween,,50,19.9,QB,150,5,Price by pick,$0.78,$0.87
Dried & Preserved,Loafa Pick*1 Orange Halloween,,50,19.9,1/8,50,5,Price by pick,$1.09,$1.19
Dried & Preserved,Pennycress bleach,,60,23.8,HB,48,10,Price by bunch,$7.09,$8.09
Dried & Preserved,Pennycress bleach,,60,23.8,BB,24,10,Price by bunch,$7.63,$8.64
Dried & Preserved,Pennycress bleach,,60,23.8,1/8C,12,10,Price by bunch,$8.70,$9.74
Dried & Preserved,Andean Aster (any colour),,60,23.8,HB,70,45050,Price by bunch,$6.11,$6.99
Dried & Preserved,Andean Aster (any colour),,60,23.8,BB,35,45050,Price by bunch,$6.48,$7.37
Dried & Preserved,Andean Aster (any colour),,60,23.8,1/8,15,45050,Price by bunch,$6.99,$7.83
Dried & Preserved,Limonium bunch*10 (any colour),,50,19.9,HB,40,10,Price by bunch,$7.75,$8.83
Dried & Preserved,Limonium bunch*10 (any colour),,50,19.9,BB,20,10,Price by bunch,$8.39,$9.49
Dried & Preserved,Limonium bunch*10 (any colour),,50,19.9,1/8,10,10,Price by bunch,$8.75,$9.74
Dried & Preserved,Redwood Grace Wreath,"Redwood Grace, Earthbound Elegance",39,15.5,HB,5,,Price by wreath,$37.89,$42.94
Dried & Preserved,Earthbound Elegance Wreath,"Redwood Grace, Earthbound Elegance",39,15.5,HB,5,,Price by wreath,$37.89,$42.94
Dried & Preserved,Rudolf Golden Fresh Wreath,"Rudolf, Comet, Dasher",30,11.9,BB,18,,Price by wreath,$12.85,$14.60
Dried & Preserved,Comet Golden Fresh Wreath,"Rudolf, Comet, Dasher",30,11.9,BB,18,,Price by wreath,$12.85,$14.60
Dried & Preserved,Dasher Golden Fresh Wreath,"Rudolf, Comet, Dasher",30,11.9,BB,18,,Price by wreath,$12.85,$14.60
Dried & Preserved,Cielo Golden Dried Wreath,"Cielo, Eclipse, Bleached, Snow",30,11.9,BB,18,,Price by wreath,$14.51,$16.51
Dried & Preserved,Eclipse Golden Dried Wreath,"Cielo, Eclipse, Bleached, Snow",30,11.9,BB,18,,Price by wreath,$14.51,$16.51
Dried & Preserved,Bleached Golden Dried Wreath,"Cielo, Eclipse, Bleached, Snow",30,11.9,BB,18,,Price by wreath,$14.51,$16.51
Dried & Preserved,Snow Golden Dried Wreath,"Cielo, Eclipse, Bleached, Snow",30,11.9,BB,18,,Price by wreath,$14.51,$16.51
Dried & Preserved,Snow Gold Wood Box,"Snow Gold, Noel, Green Moss, Rose Red",14x14x7,-,BB,10,,Price by box,$18.51,$20.97
Dried & Preserved,Snow Gold Wood Box,"Snow Gold, Noel, Green Moss, Rose Red",14x14x7,-,GB-M,4,,Price by box,$20.50,$22.78
Dried & Preserved,Noel Wood Box,"Snow Gold, Noel, Green Moss, Rose Red",14x14x7,-,BB,10,,Price by box,$18.51,$20.97
Dried & Preserved,Noel Wood Box,"Snow Gold, Noel, Green Moss, Rose Red",14x14x7,-,GB-M,4,,Price by box,$20.50,$22.78
Dried & Preserved,Green Moss Wood Box,"Snow Gold, Noel, Green Moss, Rose Red",14x14x7,-,BB,10,,Price by box,$18.51,$20.97
Dried & Preserved,Green Moss Wood Box,"Snow Gold, Noel, Green Moss, Rose Red",14x14x7,-,GB-M,4,,Price by box,$20.50,$22.78
Dried & Preserved,Rose Red Wood Box,"Snow Gold, Noel, Green Moss, Rose Red",14x14x7,-,BB,10,,Price by box,$18.51,$20.97
Dried & Preserved,Rose Red Wood Box,"Snow Gold, Noel, Green Moss, Rose Red",14x14x7,-,GB-M,4,,Price by box,$20.50,$22.78
Dried & Preserved,"bismark palm round shape, natural/tinted",,90,35.7,HB,9,1,Price by stem,$17.49,$19.75
Dried & Preserved,ginger dry gold,,50,19.9,HB,200,5,Price by stem,$0.75,$0.85
Dried & Preserved,ginger dry gold,,50,19.9,QB,100,5,Price by stem,$0.82,$0.91
Dried & Preserved,ginger dry gold,,50,19.9,1/8,50,5,Price by stem,$0.96,$1.04
Dried & Preserved,Podocarpus bleached or Green,,40,15.9,HB,80,5,Price by stem,$1.70,$1.92
Dried & Preserved,Podocarpus bleached or Green,,40,15.9,QB,40,5,Price by stem,$1.86,$2.06
Dried & Preserved,Podocarpus bleached or Green,,40,15.9,1/8,20,5,Price by stem,$2.21,$2.38
Dried & Preserved,jungle apple gold L,,15,6.0,HB,12,1,Price by stem,$14.26,$16.13
Dried & Preserved,jungle apple gold M,,12,4.8,HB,18,1,Price by stem,$11.78,$13.37
Dried & Preserved,jungle apple gold S,,10,4.0,HB,21,1,Price by stem,$9.55,$10.84
