Acacia ,,,,G1203,Acacia Knifeblade,,0.9,9.00,10,1,,Weighted,Bu
Acacia ,,,,G2037,Acacia Pearl,,1.998,9.99,5,1,,Weighted,Bu
Acacia ,,,,G1365,Acacia Purple Fernleaf,,1.998,9.99,5,1,,Weighted,Bu
Acacia   ,,,,38986,Acacia Mimosa Ylw 150g It/Fr,,2.998,14.99,5,1,,Weighted,Bu
Acacia   ,,,,22009,Acacia Mimosa Ylw 200g It/Fr,,3.998,19.99,5,1,,Weighted,Bu
Allium,,,,26179,Allium Prp Gladiator Dutch,,2.99,2.99,1,10,,,Stem
Anthurium,,,,36213,Anthurium Assorted Medium 15pk,,6.99,6.99,1,15,,,Stem
Anthurium,,,,10025,Anthurium Blush Maui Bride 10p,,7.99,7.99,1,10,,,Stem
Anthurium,,,,17364,Anthurium Orange Medium 10pk,,6.99,6.99,1,10,,,Stem
Anthurium,,,,31387,Anthurium Purple Tulip Med 10p,,6.99,6.99,1,10,,,Stem
Anthurium,,,,34254,Anthurium Red Dark Large 10pk,,7.99,7.99,1,10,,,Stem
Anthurium,,,,37926,Anthurium Red Dark Medium 10pk,,6.99,6.99,1,10,,,Stem
Anthurium,,,,30180,Anthurium Red Dark Small 15pk,,6.99,6.99,1,15,,,Stem
Anthurium,,,,46412,Anthurium Red Large Haw. 10pk,,7.99,7.99,1,10,,,Stem
Anthurium,,,,33255,Anthurium Red Medium 10pk,,6.99,6.99,1,10,,,Stem
Anthurium,,,,31455,Anthurium Red Small 15pk,,5.99,5.99,1,15,,,Stem
Anthurium,,,,10074,Anthurium White Large 10pk,,9.99,9.99,1,10,,,Stem
Anthurium,,,,10075,Anthurium White Medium 10pk,,8.99,8.99,1,10,,,Stem
Aster,,,,31190,Aster Assorted Mardi Gras 10pk,,1.958,9.79,5,10,,,Bu
Aster,,,,29751,Aster Asst Carnival Duplo Cs8,,0.979,9.79,10,8,,,Bu
Aster,,,,58956,Aster Crm Estelle Solidago 5pk,,0.579,5.79,10,5,,,Bu
Aster,,,,29692,Aster Matsumoto Pink Hot 10st,,0.999,9.99,10,1,,,Bu
Aster,,,,29693,Aster Matsumoto Pink Light 10s,,0.999,9.99,10,1,,,Bu
Aster,,,,29698,Aster Matsumoto Red 10st,,0.999,9.99,10,1,,,Bu
Aster,,,,29697,Aster Matsumoto White 10st,,0.999,9.99,10,1,,,Bu
Aster,,,,20530,Aster Purple,,0.499,4.99,10,1,,,Bu
Aster,,,,26404,Aster Purple Mardi Gras,,2.4,12.00,5,1,,,Bu
Aster,,,,26779,Aster White Mardi Gras,,2.4,12.00,5,1,,,Bu
Aster,,,,60579,Aster White Sunspring,,0.499,4.99,10,1,,,Bu
Aster,,,,56855,Aster Yellow Solidago,,0.499,4.99,10,1,,,Bu
Aster,,,,20591,Aster Yellow Solidago Mardi Gr,,2.4,12.00,5,1,,,Bu
Aster,,,,20551,Aster Yellow Solidago Queen's,,0.499,4.99,10,1,,,Bu
Astrantia,,,,12645,Astrantia Pink Dutch,,0.999,9.99,10,1,,,Bu
Baby's Breath,,,,29327,Gypsophila Cosmic,,1.798,8.99,5,1,,weighted,Bu
Baby's Breath,,,,46980,Gypsophila Cosmic 10pk,,1.458,7.29,5,10,,weighted,Bu
Baby's Breath,,,,29328,Gypsophila Excellence 6pk,,1.558,7.79,5,6,,weighted,Bu
Baby's Breath,,,,29337,Gypsophila Excellence Pyg 6pk,,1.598,7.99,5,6,,weighted,Bu
Baby's Breath,,,,17738,Gypsophila Grandtastic 6pk,,1.798,8.99,5,6,,weighted,Bu
Baby's Breath,,,,17691,Gypsophila Wild Pearl 6pk,,1.658,8.29,5,6,,weighted,Bu
Bells of Ireland  ,,,,21484,Bells of Ireland 70-80cm,,1.299,12.99,10,1,,,Bu
Bells of Ireland  ,,,,32232,Bells of Ireland 90cm,,1.499,14.99,10,1,,,Bu
Berry Black Navajo 40/60cm Chi,,,,35588,Berry Black Navajo 40/60cm Chi,,4.998,24.99,5,1,,weighted,Bu
Berry Date Palm Green 5stm,,,,28162,Berry Date Palm Green 5stm,,1.798,8.99,5,1,,,Bu
Berzelia,,,,33149,Berzelia Green 10st California,,1.199,11.99,10,1,,,Bu
Berzelia,,,,32902,Berzelia Green Galpini Baubles,,1.999,19.99,10,1,,,Bu
Berzelia,,,,35251,Berzelia Strawberry,,1.999,19.99,10,1,,,Bu
Bird of Paradise ,,,,34127,Bird of Paradise Super 20pk,,3.49,3.49,1,20,,,Stem
Bouquet Tropical ,,,,45493,Bouquet Tropical Flat Orion 65,,15.99,15.99,1,2,,,Bu
Bouquet Tropical ,,,,45495,Bouquet Tropical Round Snow 50,,19.99,19.99,1,2,,,Bu
Branch Kiwi Vine,,,,28262,Branch Kiwi Vine,,0.999,9.99,10,1,,,Bu
Branch Sumac,,,,39503,Branch Sumac,,2.198,10.99,5,1,,Weighted,Bu
Butterfly Ranunculus,,,,35433,Ranunculus Bfly Asst 10st 5pk,,3.3,33.00,10,5,,,Bu
Butterfly Ranunculus,,,,45250,Ranunculus Bfly Blush 10st Can,,3.3,33.00,10,1,,,Bu
Butterfly Ranunculus,,,,45252,Ranunculus Bfly Crm Graces 10s,,3.3,33.00,10,1,,,Bu
Butterfly Ranunculus,,,,45251,Ranunculus Bfly Org Minoan 10s,,3.3,33.00,10,1,,,Bu
Butterfly Ranunculus,,,,42828,Ranunculus Bfly Pk Melissa 10s,,3.3,33.00,10,1,,,Bu
Butterfly Ranunculus,,,,57278,Ranunculus Bfly Prp Thiva 10st,,3.3,33.00,10,1,,,Bu
Butterfly Ranunculus,,,,42829,Ranunculus Bfly Sal Eris 10st,,3.3,33.00,10,1,,,Bu
Butterfly Ranunculus,,,,69716,Ranunculus Bfly Vestalis 10st,,3.3,33.00,10,1,,,Bu
Calendula  ,,,,28044,Calendula Orange,,0.899,8.99,10,1,,,Bu
Calendula  ,,,,26688,Calendula Yellow,,0.899,8.99,10,1,,,Bu
Calla Lily,,,,20598,Calla Lily White Local,,7.99,7.99,1,5,,,Stem
Calla Lily,,,,33998,Calla Lily Wht Magnum,,3.99,3.99,1,1,,,Stem
Calla Lily,,,,20656,Calla Lily Wht Open 80/90 20pk,,2.49,2.49,1,20,,,Stem
Calla Lily,,,,17760,Calla Lily Wht Open 90cm 25pk,,2.69,2.69,1,25,,,Stem
Calla Lily,,,,20643,Calla Lily Wht Open Prem 80/90,,2.99,2.99,1,1,,,Stem
Calla Lily Mini,,,,36586,Calla Lily Mini Blk Odessa 50c,,2.29,2.29,1,1,,,Stem
Calla Lily Mini,,,,38290,Calla Lily Mini Burg Sumatra 5,,2.29,2.29,1,1,,,Stem
Calla Lily Mini,,,,38337,Calla Lily Mini Pink Hot 50cm,,2.29,2.29,1,1,,,Stem
Calla Lily Mini,,,,38092,Calla Lily Mini Red Maj. 50/55,,2.29,2.29,1,1,,,Stem
Calla Lily Mini,,,,39874,Calla Lily Mini White 40cm,,1.99,1.99,1,1,,,Stem
Calla Lily Mini,,,,39911,Calla Lily Mini White 50cm,,2.29,2.29,1,1,,,Stem
Calla Lily Mini,,,,28609,Calla Lily Mini Wht Iv Art 55+,,2.49,2.49,1,1,,,Stem
Carnation,,,,60519,Carn Moon Select Asst 80pk,,0.79,0.79,1,80,,,0.79
Carnation,,,,37119,Carnation Antiqua,,0.54,0.59,1,25,,,Stem
Carnation,,,,20732,Carnation Brt Rendez/Komachi,,0.54,0.58,1,25,,,Stem
Carnation,,,,20771,Carnation Burgundy,,0.54,0.56,1,25,,,Stem
Carnation,,,,65781,Carnation Caramel,,0.54,0.59,1,25,,,Stem
Carnation,,,,68378,Carnation Cover,,0.54,0.59,1,25,,,Stem
Carnation,,,,20734,Carnation Cream,,0.54,0.59,1,25,,,Stem
Carnation,,,,50616,Carnation Creola,,0.54,0.94,1,25,,,Stem
Carnation,,,,37109,Carnation Green,,0.54,0.68,1,25,,,Stem
Carnation,,,,62801,Carnation Lav Farida 75pk,,0.54,0.52,1,75,,,Stem
Carnation,,,,58013,Carnation Lavender,,0.54,0.56,1,25,,,Stem
Carnation,,,,50878,Carnation Lege Sport 50pk,,0.54,0.64,1,50,,,Stem
Carnation,,,,54812,Carnation Mariposa,,0.54,0.59,1,25,,,Stem
Carnation,,,,62797,Carnation Nobbio Cherry 75pk,,0.54,0.60,1,75,,,Stem
Carnation,,,,66053,Carnation Orange,,0.54,0.58,1,25,,,Stem
Carnation,,,,52192,Carnation Org Trueno 75pk,,0.54,0.49,1,75,,,Stem
Carnation,,,,20748,Carnation Peach,,0.54,0.68,1,25,,,Stem
Carnation,,,,65802,Carnation Peach Lege Marrn 75p,,0.54,0.54,1,75,,,Stem
Carnation,,,,50879,Carnation Peach Lizi 50pk,,0.54,0.64,1,50,,,Stem
Carnation,,,,20751,Carnation Pink,,0.54,0.56,1,25,,,Stem
Carnation,,,,50880,Carnation Pink Doncel 50pk,,0.54,0.64,1,50,,,Stem
Carnation,,,,48606,Carnation Pink Doncel pk75,,0.54,0.52,1,75,,,Stem
Carnation,,,,57635,Carnation Pink Lege,,0.54,0.94,1,25,,,Stem
Carnation,,,,56042,Carnation Pink-Hot,,0.54,0.66,1,25,,,Stem
Carnation,,,,60522,Carnation Purple,,0.54,0.64,1,25,,,Stem
Carnation,,,,62061,Carnation Purple Golem 75pk,,0.54,0.52,1,75,,,Stem
Carnation,,,,20757,Carnation Red,,0.54,0.56,1,25,,,Stem
Carnation,,,,20710,Carnation Select Moon Aqua,,0.89,0.89,1,20,,,Stem
Carnation,,,,20711,Carnation Select Moon Lite,,0.89,0.89,1,20,,,Stem
Carnation,,,,20712,Carnation Select Moon Shade,,0.89,0.89,1,20,,,Stem
Carnation,,,,20713,Carnation Select Moon Vista,,0.89,0.89,1,20,,,Stem
Carnation,,,,54837,Carnation Spritz Sport,,0.54,0.58,1,25,,,Stem
Carnation,,,,20763,Carnation White,,0.54,0.56,1,25,,,Stem
Carnation,,,,28125,Carnation White Fancy 175pk,,0.54,0.49,1,175,,,Stem
Carnation,,,,68374,Carnation Yellow,,0.54,0.56,1,25,,,Stem
Chrysanthemum,,,,59322,Mum Dis Ball Pch Sorbet Berry,,1.2,12.00,10,1,,,Bu
Chrysanthemum,,,,57124,Mum Dis Ball Pink Lorax 5stm,,1.2,6.00,5,1,,,Bu
Chrysanthemum,,,,68170,"Mum Dis Ball Prp Gustav, 5st",,1.2,6.00,5,1,,,Bu
Chrysanthemum,,,,59327,Mum Dis Ball White Evidence,,1.2,12.00,10,1,,,Bu
Chrysanthemum,,,,50827,Mum Dis Ball Wht Zonar 5st 4pk,,1,5.00,5,4,,,Bu
Chrysanthemum,,,,59146,Mum Dis Ball Yellow Paladov,,1.599,15.99,10,1,,,Bu
Chrysanthemum,,,,21950,Mum Disbud Assorted 9pk,,0.799,7.99,10,9,,,Bu
Chrysanthemum,,,,61206,Mum Disbud Asst 4pk,,0.879,8.79,10,4,,,Bu
Chrysanthemum,,,,18420,Mum Disbud BiClr Rasp Brulee E,,1.399,13.99,10,1,,,Bu
Chrysanthemum,,,,18361,Mum Disbud Bronze Marrakesh 3p,,1.299,12.99,10,3,,,Bu
Chrysanthemum,,,,59464,Mum Disbud Crm Caffe Latte ECU,,1.399,13.99,10,1,,,Bu
Chrysanthemum,,,,59336,Mum Disbud Lavender Lotus,,1.049,10.49,10,1,,,Bu
Chrysanthemum,,,,59300,Mum Disbud Peach Linette 4pk,,0.739,7.39,10,4,,,Bu
Chrysanthemum,,,,59035,Mum Disbud Peach Linette ECU,,1.349,13.49,10,1,,,Bu
Chrysanthemum,,,,49694,Mum Disbud Pink Honeymoon Ecu,,1.299,12.99,10,1,,,Bu
Chrysanthemum,,,,54594,Mum Disbud Pink Petruska,,1.099,10.99,10,1,,,Bu
Chrysanthemum,,,,57933,Mum Disbud Purple Andrea,,1.149,11.49,10,1,,,Bu
Chrysanthemum,,,,51809,Mum Disbud Purple Bachata 4pk,,0.699,6.99,10,4,,,Bu
Chrysanthemum,,,,18534,Mum Disbud Purple Tornado 4pk,,0.699,6.99,10,4,,,Bu
Chrysanthemum,,,,18572,Mum Disbud Salm.Prdgy Coral,,1.399,13.99,10,1,,,Bu
Chrysanthemum,,,,50812,Mum Disbud Salmon Pink ECU 3pk,,1.169,11.69,10,3,,,Bu
Chrysanthemum,,,,18586,Mum Disbud Tinted Blue,,0.819,8.19,10,9,,,Bu
Chrysanthemum,,,,62839,Mum Disbud White Arctic Qn 4pk,,0.899,8.99,10,4,,,Bu
Chrysanthemum,,,,54694,Mum Disbud White Arctic Qn 9pk,,1.059,10.59,10,9,,,Bu
Chrysanthemum,,,,49581,Mum Disbud White Arctic Queen,,0.999,9.99,10,1,,,Bu
Chrysanthemum,,,,54873,Mum Disbud White Gagarin ECU,,1.199,11.99,10,1,,,Bu
Chrysanthemum,,,,57127,Mum Disbud White Magnum,,0.999,9.99,10,1,,,Bu
Chrysanthemum,,,,18525,Mum Disbud White Magnum 4pk,,0.759,7.59,10,4,,,Bu
Chrysanthemum,,,,50842,Mum Disbud White Tatto 4pk,,0.779,7.79,10,4,,,Bu
Chrysanthemum,,,,51799,Mum Disbud Yellow,,0.979,9.79,10,1,,,Bu
Chrysanthemum,,,,74478,Mum Disbud Yellow Astroid,,1.49,1.49,1,10,,,Stem
Chrysanthemum,,,,62834,Mum Disbud Yellow Astroid 4pk,,0.829,8.29,10,4,,,Bu
Chrysanthemum,,,,46971,Mum Spider Green,,1.099,10.99,10,1,,,Bu
Chrysanthemum,,,,37301,Mum Spider Green Dark,,0.999,9.99,10,1,,,Bu
Chrysanthemum,,,,50012,Mum Spider Lav. Anas DVFl 4pk,,0.739,7.39,10,4,,,Bu
Chrysanthemum,,,,22000,Mum Spider Lavender,,0.899,8.99,10,1,,,Bu
Chrysanthemum,,,,55393,Mum Spider Pink,,0.999,9.99,10,1,,,Bu
Chrysanthemum,,,,54595,Mum Spider Pink Anastasia,,1.099,10.99,10,1,,,Bu
Chrysanthemum,,,,58642,Mum Spider Pink Hydra 5pk,,0.729,7.29,10,5,,,Bu
Chrysanthemum,,,,62888,Mum Spider Purple 5pk,,0.649,6.49,10,5,,,Bu
Chrysanthemum,,,,37374,Mum Spider White,,1.199,11.99,10,1,,,Bu
Chrysanthemum,,,,67635,Mum Spider White Yazoo 12pk,,0.689,6.89,10,12,,,Bu
Chrysanthemum,,,,21963,Mum Spider White Yazoo 9pk,,0.749,7.49,10,9,,,Bu
Chrysanthemum,,,,21988,Mum Spider Yellow,,0.999,9.99,10,1,,,Bu
Chrysanthemum,,,,46974,Mum Spider Yellow 4pk,,0.959,9.59,10,4,,,Bu
Chrysanthemum,,,,21943,Mum Spider Yellow Anastasia,,0.899,8.99,10,1,,,Bu
Clematis,,,,57796,Clematis Amazing Kibo,,1.499,14.99,10,1,,,Bu
Clematis,,,,40302,Clematis Lavender,,2.499,24.99,10,1,,,Bu
Clematis,,,,57535,Clematis Pink Dark,,1.499,14.99,10,1,,,Bu
Clematis,,,,41322,Clematis Pink Lt Kansas 10st,,2.999,29.99,10,1,,,Bu
Clematis,,,,57226,Clematis Purple,,1.499,14.99,10,1,,,Bu
Coontie Fern,,,,G1246,Coontie Fern,,1.358,6.79,5,1,,weighted,Bu
Cornflower,,,,21505,Cornflower Blue California,,0.899,8.99,10,1,,,Bu
Cosmos,,,,47816,Cosmos Chocolate Choco 10st,,1.999,19.99,10,1,,,Bu
Curly Willow,,,,G1125,Willow Curly Large,,3.598,17.99,5,1,,,Bu
Curly Willow,,,,G1128,Willow Curly Medium,,2.598,12.99,5,1,,,Bu
Cymbidium,,,,45384,Cymbidium Asst 8/11 10pk,,24.99,24.99,1,10,,,Stem
Cymbidium,,,,32537,Cymbidium Brown 8/12,,39.99,39.99,1,1,,,Stem
Cymbidium,,,,35979,Cymbidium Burgundy 8/11 Bloom,,27.99,27.99,1,1,,,Stem
Cymbidium,,,,46355,Cymbidium Green Brg Lip 8/11,,27.99,27.99,1,1,,,Stem
Cymbidium,,,,25939,Cymbidium Mini Burgundy,,17.99,17.99,1,1,,,Stem
Cymbidium,,,,31136,Cymbidium Mini Grn RdLip 40cm+,,17.99,17.99,1,1,,,Stem
Cymbidium,,,,10098,Cymbidium Mini Pink 40cm+,,17.99,17.99,1,1,,,Stem
Cymbidium,,,,31269,Cymbidium Mini Yellow Red Lip,,17.99,17.99,1,1,,,Stem
Cymbidium,,,,29599,Cymbidium Orange 8/11,,27.99,27.99,1,1,,,Stem
Cymbidium,,,,46362,Cymbidium Pink-Dark 8/12+,,27.99,27.99,1,1,,,Stem
Cymbidium,,,,46359,Cymbidium White Pink Lip 8/11,,27.99,27.99,1,1,,,Stem
Cymbidium,,,,46363,Cymbidium Ylw Red Lip 8/11,,27.99,27.99,1,1,,,Stem
Daffodil,,,,22060,Daffodil Ylw Carlton Dutch,,0.999,9.99,10,1,,,Bu
Daffodil,,,,22061,Daffodil Ylw Dutch Master Dut,,0.999,9.99,10,1,,,Bu
Daffodil,,,,22059,Daffodil Ylw Field Bunch,,0.349,3.49,10,1,,,Bu
Dahlia,,,,32238,Dahlia Brg Naomi 5st Californi,,5.398,26.99,5,1,,,Bu
Dahlia,,,,20893,Dahlia Orange Maarn 5st Cali,,5.398,26.99,5,1,,,Bu
Dahlia,,,,42180,Dahlia Purple Ivanetti 5st Cal,,5.398,26.99,5,1,,,Bu
Dahlia,,,,48882,Dahlia Red Dark Cornel 5st,,5.398,26.99,5,1,,,Bu
Delphinum,,,,33114,Delph Blue-Dk Sea Waltz 60/70,,1.499,14.99,10,1,,,Bu
Delphinum,,,,35608,Delph Blue-Dk Sea Waltz 70/90,,1.599,15.99,10,1,,,Bu
Delphinum,,,,39944,Delph Blue-Dk SeaWaltz 60cm 6p,,0.999,9.99,10,6,,,Bu
Delphinum,,,,61232,Delph Blue-Dk Waltz 55cm 6p,,0.699,6.99,10,6,,,Bu
Delphinum,,,,20951,Delph Blue-Lt Sky Waltz 60-70c,,1.699,16.99,10,1,,,Bu
Delphinum,,,,33091,Delph Blue-Lt Sky Waltz 60cm,,1.499,14.99,10,1,,,Bu
Delphinum,,,,34903,Delph Blue-Lt Sky Waltz 70/90c,,1.599,15.99,10,1,,,Bu
Delphinum,,,,39119,Delph Hyb Blue-Dk 70/80cm/10St,,1.499,14.99,10,1,,,Bu
Delphinum,,,,38353,Delph Hyb Blue-Dk Pacif60c/10s,,1.099,10.99,10,1,,,Bu
Delphinum,,,,38354,Delph Hyb Blue-Dk Pacif70c/10s,,1.299,12.99,10,1,,,Bu
Delphinum,,,,38355,Delph Hyb Blue-Dk Pacif80/90cm,,2.798,13.99,5,1,,,Bu
Delphinum,,,,39133,Delph Hyb Blue-Lt 80/90cm/10St,,1.499,14.99,10,1,,,Bu
Delphinum,,,,38362,Delph Hyb Blue-Lt Pacif 60c/10,,1.099,10.99,10,1,,,Bu
Delphinum,,,,38363,Delph Hyb Blue-Lt Pacif 70c/10,,1.299,12.99,10,1,,,Bu
Delphinum,,,,38364,Delph Hyb Blue-Lt Pacif 80c/10,,1.399,13.99,10,1,,,Bu
Delphinum,,,,39075,Delph Hyb Lav Pacif70c/10s,,1.299,12.99,10,1,,,Bu
Delphinum,,,,39076,Delph Hyb Lav Pacif80c/10s,,1.399,13.99,10,1,,,Bu
Delphinum,,,,39079,Delph Hyb Pink Pacif70c/10s,,1.299,12.99,10,1,,,Bu
Delphinum,,,,39080,Delph Hyb Pink Pacif80c/10s,,1.399,13.99,10,1,,,Bu
Delphinum,,,,39083,Delph Hyb Prpl BlkK Pacif70c/,,2.598,12.99,5,1,,,Bu
Delphinum,,,,38139,Delph Hyb White 80/90cm 10stm,,1.499,14.99,10,1,,,Bu
Delphinum,,,,38366,Delph Hyb White Pacif 60c/10s,,1.099,10.99,10,1,,,Bu
Delphinum,,,,38367,Delph Hyb White Pacif 70c/10st,,1.299,12.99,10,1,,,Bu
Delphinum,,,,38368,Delph Hyb White Pacif 80c/10st,,1.399,13.99,10,1,,,Bu
Delphinum,,,,41454,Delph Hyb Wht Full Moon 120cm,,2.499,24.99,10,1,,,Bu
Delphinum,,,,34167,Delph Hybrid Asst 60cm 6pk,,1.299,12.99,10,6,,,Bu
Delphinum,,,,20993,Delph Lavender Serene 70cm,,1.599,15.99,10,1,,,Bu
Delphinum,,,,33392,Delph White Andes Bella,,1.599,15.99,10,1,,,Bu
Delphinum,,,,36374,Delph White-Royal 60/70 Vflor,,1.499,14.99,10,1,,,Bu
Dendrobium,,,,10111,Dendrobium Asst Mix Tray 5pk,,2.499,24.99,10,5,,,Bu
Dendrobium,,,,10218,Dendrobium Asst Mx Bouquet 3st,,0.699,6.99,10,5,,,Each
Dendrobium,,,,10101,Dendrobium Blue Amy Super,,2.699,26.99,10,1,,,Bu
Dendrobium,,,,29083,Dendrobium Blue Vanda Stem,,17.99,17.99,1,1,,,Stem
Dendrobium,,,,45898,Dendrobium Green Jade SL/L,,2.999,29.99,10,1,,,Bu
Dendrobium,,,,10110,Dendrobium James Storei,,3.499,34.99,10,1,,,Bu
Dendrobium,,,,46118,Dendrobium Lady Pink,,2.699,26.99,10,1,,,Bu
Dendrobium,,,,45904,Dendrobium Lav/Wh Misteen long,,2.699,26.99,10,1,,,Bu
Dendrobium,,,,45988,Dendrobium Mokara Calypso 5st,,3.598,17.99,5,1,,,Bu
Dendrobium,,,,45511,Dendrobium Mokara Org 5st SL/L,,3.598,17.99,5,1,,,Bu
Dendrobium,,,,10116,Dendrobium Mokara Pink Lt 5st,,3.598,17.99,5,1,,,Bu
Dendrobium,,,,40076,Dendrobium Mokara Pur Nora 5st,,3.598,17.99,5,1,,,Bu
Dendrobium,,,,46268,Dendrobium Mokara Ylw 5st SL/L,,3.598,17.99,5,1,,,Bu
Dendrobium,,,,45967,Dendrobium Prp. Madame SL/L BO,,2.799,27.99,10,1,,,Bu
Dendrobium,,,,10120,Dendrobium Purple Super,,2.699,26.99,10,1,,,Bu
Dendrobium,,,,45966,Dendrobium Var. BOM SL/L B,,2.799,27.99,10,1,,,Bu
Dendrobium,,,,10124,Dendrobium Variegated Super,,2.699,26.99,10,1,,,Bu
Dendrobium,,,,10705,Dendrobium White Big Med BO,,2.499,24.99,10,1,,,Bu
Dendrobium,,,,45897,Dendrobium White Big SL/L BO,,2.799,27.99,10,1,,,Bu
Dendrobium,,,,10125,Dendrobium White Regular,,2.299,22.99,10,1,,,Bu
Dendrobium,,,,10126,Dendrobium White Super,,2.499,24.99,10,1,,,Bu
Dianthus,,,,38004,Dianthus Amazon Burgundy,,0.999,9.99,10,1,,,Bu
Dianthus,,,,31690,Dianthus Amazon Cherry,,0.999,9.99,10,1,,,Bu
Dianthus,,,,38002,Dianthus Amazon Coral,,0.999,9.99,10,1,,,Bu
Dianthus,,,,39843,Dianthus Amazon Pink-Lt,,0.999,9.99,10,1,,,Bu
Dianthus,,,,31947,Dianthus Amazon Purple,,0.999,9.99,10,1,,,Bu
Dianthus,,,,38003,Dianthus Amazon Var Pk/Wt,,0.999,9.99,10,1,,,Bu
Dianthus,,,,38127,Dianthus Amazon White,,0.999,9.99,10,1,,,Bu
Dianthus,,,,18425,Dianthus Ball Breanth Jolly 4p,,1.039,10.39,10,4,,,Bu
Dianthus,,,,18426,Dianthus Ball Breanth White 4p,,1.039,10.39,10,4,,,Bu
Dianthus,,,,38054,Dianthus Green Trick 4pk,,1.349,13.49,10,4,,,Bu
Dianthus,,,,38789,Dianthus Green Trick 50-60cm,,1.499,14.99,10,1,,,Bu
Equisetum Rush,,,,G1033,Equisetum Rush,,0.699,6.99,10,1,,,Bu
Eucalyptus ,,,,G1334,Eucalyptus Assorted 9pk,,1.998,9.99,5,9,,weighted,Bu
Eucalyptus ,,,,G1903,Eucalyptus Baby Blue 4pk,,1.598,7.99,5,4,,weighted,Bu
Eucalyptus ,,,,G1543,Eucalyptus Baby Blue 5pk,,1.598,7.99,5,5,,weighted,Bu
Eucalyptus ,,,,G1703,Eucalyptus Baby-Blue Bqt 7pk,,1.598,7.99,5,7,,weighted,Bu
Eucalyptus ,,,,G1548,Eucalyptus Feather Willow 5pk,,2.398,11.99,5,5,,weighted,Bu
Eucalyptus ,,,,G2212,Eucalyptus Gum Drop,,2.598,12.99,5,1,,weighted,Bu
Eucalyptus ,,,,G1544,Eucalyptus Gunnii 5pk,,1.998,9.99,5,5,,weighted,Bu
Eucalyptus ,,,,G2127,Eucalyptus Parvifolia Californ,,1.998,9.99,5,1,,weighted,Bu
Eucalyptus ,,,,G1358,Eucalyptus Seeded 5pk,,1.798,8.99,5,5,,weighted,Bu
Eucalyptus ,,,,G1037,Eucalyptus Seeded Naked,,2.598,12.99,5,1,,weighted,Bu
Eucalyptus ,,,,G1376,Eucalyptus Silver Dollar 10pk,,1.358,6.79,5,10,,weighted,Bu
Eucalyptus ,,,,G1524,Eucalyptus Silver Dollar 5pk,,1.398,6.99,5,5,,weighted,Bu
Eucalyptus ,,,,G2217,Eucalyptus Stuartiana Italian,,2.598,12.99,5,1,,weighted,Bu
Eucalyptus ,,,,G1049,Eucalyptus True Blue,,2.198,10.99,5,1,,weighted,Bu
Euonymous Variegated,,,,G1984,Euonymous Variegated,,2.398,11.99,5,1,,weighted,Bu
Evergreen,,,,G1345,Carolina Sapphire,,1.258,6.29,5,1,,weighted,Bu
Evergreen,,,,G1018,Cedar Port Orford Bunched,,1.398,6.99,5,1,,weighted,Bu
Foxglove,,,,50069,Foxglove Peach,,1.299,12.99,10,1,,,Bu
Freesia,,,,12904,Freesia Lavender Dbl Canada,,1.199,11.99,10,1,,,Bu
Freesia,,,,31904,Freesia Purple Canada,,0.999,9.99,10,1,,,Bu
Freesia,,,,41105,Freesia White Dbl Canada,,1.199,11.99,10,1,,,Bu
Freesia,,,,28443,Freesia Yellow Dbl Canada,,1.199,11.99,10,1,,,Bu
French Tulip,,,,27085,FR Tulip Pch Menton Dutch,,2.499,24.99,10,1,,,Bu
French Tulip,,,,27083,FR Tulip Wht Maureen Dutch,,2.499,24.99,10,1,,,Bu
Garden Rose ,,,,40952,Garden Rose Gold Mustard x12,,2.69,2.69,1,12,,,Stem
Garden Rose ,,,,37158,Garden Rose HPk Baronesse x12,,2.99,2.99,1,12,,,Stem
Garden Rose ,,,,32385,Garden Rose HPk Yves Piage x12,,2.99,2.99,1,12,,,Stem
Garden Rose ,,,,47769,Garden Rose Pch Juliet x12,,3.99,3.99,1,12,,,Stem
Garden Rose ,,,,37310,Garden Rose Pk Romantic An x12,,2.99,2.99,1,12,,,Stem
Garden Rose ,,,,37836,Garden Rose Wht Alabaster x12,,3.99,3.99,1,12,,,Stem
Garden Rose ,,,,67266,Garden Rose Wht Cloud x12,,3.39,3.39,1,12,,,Stem
Garden Rose ,,,,40175,Garden Rose Wht O'Hara cs50,,2.89,2.89,1,50,,,Stem
Garden Rose ,,,,39882,Garden Rose Wht Patience x12,,3.99,3.99,1,12,,,Stem
Garden Rose ,,,,37309,Garden Rose Wht Pr. Miyuki x12,,3.69,3.69,1,12,,,Stem
Garden Rose ,,,,40862,Garden Rose Wht Purity x12,,3.99,3.99,1,12,,,Stem
Garden Spray Rose,,,,42520,Garden Spray Wht Blanche 6st,,4.665,27.99,6,1,,,Bu
Garden Spray Rose,,,,49964,Garden SpRose Loli x6st,,4.665,27.99,6,1,,,Bu
Gardenia Foliage,,,,33448,Gardenia Foliage,,1.699,16.99,10,1,,,Bu
Gardenia White,,,,10127,Gardenia White,,10.99,10.99,1,3,,,Stem
Gerbera,,,,27159,Gerbera Burgundy Amarone DC,,1.79,1.79,1,10,,,Stem
Gerbera,,,,55410,Gerbera Burgundy Humberto DC,,1.79,1.79,1,10,,,Stem
Gerbera,,,,63324,Gerbera Coral Treasure LC,,1.79,1.79,1,10,,,Stem
Gerbera,,,,17660,Gerbera Crm/Pch Cartizze DC,,1.79,1.79,1,10,,,Stem
Gerbera,,,,58992,Gerbera Mini Burg Black Tie DC,,1.39,1.39,1,10,,,Stem
Gerbera,,,,68791,Gerbera Mini Coral Time Out LC,,1.39,1.39,1,10,,,Stem
Gerbera,,,,21468,Gerbera Mini Cream Milady LC,,1.39,1.39,1,10,,,Stem
Gerbera,,,,56096,Gerbera Mini Crm/Pch Pelican L,,1.39,1.39,1,10,,,Stem
Gerbera,,,,28002,Gerbera Mini Lav/Pnk Kimsey LC,,1.39,1.39,1,10,,,Stem
Gerbera,,,,53302,Gerbera Mini Orange DC,,1.39,1.39,1,10,,,Stem
Gerbera,,,,49794,Gerbera Mini Orange Jordy DC,,1.39,1.39,1,10,,,Stem
Gerbera,,,,63314,Gerbera Mini Orange LC,,1.39,1.39,1,10,,,Stem
Gerbera,,,,35842,Gerbera Mini Peach Cream Cafe,,1.39,1.39,1,10,,,Stem
Gerbera,,,,55396,Gerbera Mini Peach Larissa LC,,1.39,1.39,1,10,,,Stem
Gerbera,,,,43353,Gerbera Mini Peach Oreo DC,,1.39,1.39,1,10,,,Stem
Gerbera,,,,63313,Gerbera Mini Pink Light DC,,1.39,1.39,1,10,,,Stem
Gerbera,,,,55705,Gerbera Mini Pink Light LC,,1.39,1.39,1,10,,,Stem
Gerbera,,,,68789,Gerbera Mini Pink-Hot DC,,1.39,1.39,1,10,,,Stem
Gerbera,,,,42544,Gerbera Mini Pink-Hot LC,,1.39,1.39,1,10,,,Stem
Gerbera,,,,62863,Gerbera Mini Pk-Ht Wonderwal L,,1.39,1.39,1,10,,,Stem
Gerbera,,,,25695,Gerbera Mini Purple Dolce DC,,1.39,1.39,1,10,,,Stem
Gerbera,,,,43606,Gerbera Mini Red DC,,1.39,1.39,1,10,,,Stem
Gerbera,,,,43660,Gerbera Mini Red LC,,1.39,1.39,1,10,,,Stem
Gerbera,,,,42161,Gerbera Mini White DC,,1.39,1.39,1,10,,,Stem
Gerbera,,,,37627,Gerbera Mini White LC,,1.39,1.39,1,10,,,Stem
Gerbera,,,,62900,Gerbera Mini Yel/Org Franky LC,,1.39,1.39,1,10,,,Stem
Gerbera,,,,57576,Gerbera Mini Yellow DC,,1.39,1.39,1,10,,,Stem
Gerbera,,,,28051,Gerbera Mini Yellow LC,,1.39,1.39,1,10,,,Stem
Gerbera,,,,32067,Gerbera Orange Alex DC,,1.79,1.79,1,10,,,Stem
Gerbera,,,,57903,Gerbera Orange Atlanta LC,,1.79,1.79,1,10,,,Stem
Gerbera,,,,34343,Gerbera Orange Candella DC,,1.79,1.79,1,10,,,Stem
Gerbera,,,,55401,Gerbera Orange Spotlight DC,,1.79,1.79,1,10,,,Stem
Gerbera,,,,52786,Gerbera Peach Alma DC,,1.79,1.79,1,10,,,Stem
Gerbera,,,,43342,Gerbera Peach Avignon LC,,1.79,1.79,1,10,,,Stem
Gerbera,,,,34771,Gerbera Peach Bicolor Julia DC,,1.79,1.79,1,10,,,Stem
Gerbera,,,,59919,Gerbera Peach Cream CafeDelM D,,1.79,1.79,1,10,,,Stem
Gerbera,,,,59918,Gerbera Peach Cream Estate LC,,1.79,1.79,1,10,,,Stem
Gerbera,,,,63303,Gerbera Peach Jetset DC,,1.79,1.79,1,10,,,Stem
Gerbera,,,,49749,Gerbera Peach Pre-Extase LC,,1.79,1.79,1,10,,,Stem
Gerbera,,,,42615,Gerbera Pink-Hot DC,,1.79,1.79,1,10,,,Stem
Gerbera,,,,47908,Gerbera Pink-Hot LC,,1.79,1.79,1,10,,,Stem
Gerbera,,,,63301,Gerbera Pink-Hot/White Mandala,,1.79,1.79,1,10,,,Stem
Gerbera,,,,25789,Gerbera Pink-Light DC,,1.79,1.79,1,10,,,Stem
Gerbera,,,,29886,Gerbera Pink-Light LC,,1.79,1.79,1,10,,,Stem
Gerbera,,,,35897,Gerbera Pink-Medium LC,,1.79,1.79,1,10,,,Stem
Gerbera,,,,43594,Gerbera Red DC,,1.79,1.79,1,10,,,Stem
Gerbera,,,,29905,Gerbera Red LC,,1.79,1.79,1,10,,,Stem
Gerbera,,,,42613,Gerbera Var Pk Hippie Chic DC,,1.79,1.79,1,10,,,Stem
Gerbera,,,,34201,Gerbera White DC,,1.79,1.79,1,10,,,Stem
Gerbera,,,,43607,Gerbera White LC,,1.79,1.79,1,10,,,Stem
Gerbera,,,,42103,Gerbera White/Pink Lisandra DC,,1.79,1.79,1,10,,,Stem
Gerbera,,,,43639,Gerbera Yellow DC,,1.79,1.79,1,10,,,Stem
Gerbera,,,,34200,Gerbera Yellow LC,,1.79,1.79,1,10,,,Stem
Gerbera,,,,62903,Gerpom Cream Saturn,,1.59,1.59,1,10,,,Stem
Gerbera,,,,53409,Gerpom Pink Terra Cupid,,1.59,1.59,1,10,,,Stem
Gerbera,,,,63308,Gerpom Purple Chique,,1.59,1.59,1,10,,,Stem
Gerbera,,,,53410,Gerpom Red Floyd,,1.59,1.59,1,10,,,Stem
Gerbera,,,,53405,Gerpom White Terra Amando,,1.59,1.59,1,10,,,Stem
Gerbera,,,,65029,Gerpom Yellow Rhea,,1.59,1.59,1,10,,,Stem
Gerbera,,,,58896,Gerrondo Orange Fozzie,,1.59,1.59,1,10,,,Stem
Gerbera,,,,22915,Gerrondo Peach Beaker,,1.59,1.59,1,10,,,Stem
Gerbera,,,,53604,Gerrondo Pink-Hot Ravanel 10st,,1.299,12.99,10,1,,,Bu
Ginesta,,,,22079,Ginestra Pink 200g Italy,,1.499,14.99,10,1,,,Bu
Ginesta,,,,22189,Ginestra Red 200g Italy,,1.499,14.99,10,1,,,Bu
Ginesta,,,,25926,Ginestra White 10st Cali,,1.599,15.99,10,1,,,Bu
Ginesta,,,,22080,Ginestra White 200g Italy,,1.499,14.99,10,1,,,Bu
Ginger,,,,10131,Ginger Pink Medium 10pk,,2.99,2.99,1,10,,,Stem
Ginger,,,,37954,Ginger Pink Select,,3.69,3.69,1,5,,,Stem
Ginger,,,,33921,Ginger Red Medium 10pk,,2.99,2.99,1,10,,,Stem
Ginger,,,,37948,Ginger Red Select,,3.69,3.69,1,5,,,Stem
Ginger,,,,10731,Ginger White Medium,,3.99,3.99,1,5,,,Stem
Gladiolus,,,,32420,Gladiolus Orange California,,2.49,2.49,1,10,,,Stem
Gladiolus,,,,22681,Gladiolus Peach California,,2.49,2.49,1,10,,,Stem
Gladiolus,,,,32424,Gladiolus Red California,,2.49,2.49,1,10,,,Stem
Gladiolus,,,,32436,Gladiolus White California,,2.49,2.49,1,10,,,Stem
Gladiolus,,,,32425,Gladiolus Yellow California,,2.49,2.49,1,10,,,Stem
Gomphrena,,,,36683,Gomphrenia White,,0.899,8.99,10,1,,,Bu
Greenery,,,,G1612,Agonis Foliage,,2.998,14.99,5,1,,Weighted,Bu
Greenery,,,,G1770,Bay Laurel 10st California,,1.299,12.99,10,1,,,Bu
Greenery,,,,G1016,Boxwood Africa Bunched,,1.598,7.99,5,1,,Weighted,Bu
Greenery,,,,G1791,Boxwood American VBC,,89.99,89.99,1,1,,Weighted,Case
Greenery,,,,68448,Artemisia Dusty Miller 60cm 4p,,1.499,14.99,10,4,,,Bu
Greenery,,,,31530,Artemisia Dusty Miller 6pk Lg,,0.799,7.99,10,6,,,Bu
Greenery,,,,26967,Artemisia Dusty Miller Lacey,,0.899,8.99,10,1,,,Bu
Greenery,,,,26814,Artemisia Dusty Miller Lg Leaf,,0.899,8.99,10,1,,,Bu
Greenery,,,,G1173,Fatsia Japonica 10st (Aralia),,0.599,5.99,10,1,,,Bu
Greenery,,,,G1052,Fern Flat,,0.599,5.99,10,1,,,Bu
Greenery,,,,G1745,Fern Holly,,0.499,4.99,10,1,,,Bu
Greenery,,,,G1552,Fern Sea Star,,1.799,17.99,10,1,,,Bu
Greenery,,,,G1692,Fern Umbrella,,1.899,18.99,10,1,,,Bu
Greenery,,,,G1058,Foxtail Meyreii,,0.699,6.99,10,1,,,Bu
Greenery,,,,G1059,Galax Leaves,,0.199,1.99,10,5,,,Bu
Greenery,,,,G1060,Garland Plumosa 25ft,,64.99,64.99,1,1,,,Each
Greenery,,,,27820,Geranium Scented Foliage,,0.999,9.99,10,1,,,Bu
Greenery,,,,G1079,Grass Lily (Monkey) Green,,0.399,3.99,10,1,,,Bu
Greenery,,,,G1081,Grass Lily (Monkey) Variegated,,0.499,4.99,10,1,,,Bu
Greenery,,,,G1366,Green Bouq Simply Spring 15pk,,4.59,4.59,1,15,,,Bu
Greenery,,,,G1658,Green Bouq Spring Mix 15pk,,4.59,4.59,1,15,,,Bu
Greenery,,,,29292,Herb Mint Green 5pk,,2.198,10.99,5,5,,weighted,Bu
Greenery,,,,31529,Herb Rosemary 5pk,,1.798,8.99,5,5,,weighted,Bu
Greenery,,,,G1242,Honey Bracelet,,0.699,6.99,10,1,,,Bu
Greenery,,,,G1570,Huckleberry 10pk,,0.589,5.89,10,10,,,Bu
Greenery,,,,G1136,Huckleberry Red,,0.729,7.29,10,1,,,Bu
Greenery,,,,G1067,Ivy Green,,0.899,8.99,10,1,,,Bu
Greenery,,,,G1070,Ivy Variegated,,0.999,9.99,10,1,,,Bu
Greenery,,,,G2098,Leatherleaf Fern AG/RWB 25pk,,0.1596,3.99,25,25,,,Bu
Greenery,,,,G1714,Leatherleaf Fern Large Gua 20p,,0.1876,4.69,25,20,,,Bu
Greenery,,,,G2162,Leatherleaf Fern Large Gua 35p,,0.1756,4.39,25,35,,,Bu
Greenery,,,,G2325,Leatherleaf Fern Sleeved 12pk,,0.2076,5.19,25,12,,,Bu
Greenery,,,,G1991,Leatherleaf Fern Sleeved 30pk,,0.1996,4.99,25,30,,,Bu
Greenery,,,,G2044,Leatherleaf Fern Sporeless 25p,,0.1996,4.99,25,25,,,Bu
Greenery,,,,G1997,Leatherleaf Fern Std FL 10pk,,0.1996,4.99,25,10,,,Bu
Greenery,,,,G1006,Leatherleaf Fern Std FL 30pk,,0.1836,4.59,25,30,,,Bu
Greenery,,,,G1924,Leatherleaf XL Royal FL Slv 35,,0.2036,5.09,25,35,,,Bu
Greenery,,,,58866,Lepidium Green Dragon 6pk,,0.799,7.99,10,6,,,Bu
Greenery,,,,G1806,Ligustrum Green FL,,0.799,7.99,10,1,,,Bu
Greenery,,,,G1771,Ligustrum Variegated FL,,0.799,7.99,10,1,,,Bu
Greenery,,,,G1076,Ming Fern,,0.799,7.99,10,1,,,Bu
Greenery,,,,G2342,Moss Sheet Fresh Local,,45.99,45.99,1,1,,,Case
Greenery,,,,G1811,Moss Sheet Fresh/Wet 8lb,,56.99,56.99,1,1,,,Case
Greenery,,,,G1785,Moss Spanish,,35.99,35.99,1,1,,,Case
Greenery,,,,G1082,Myrtle Large,,0.759,7.59,10,1,,,Bu
Greenery,,,,G1265,Nandina,,2.998,14.99,5,1,,,Bu
Greenery,,,,G1094,Pittosporum Green,,0.599,5.99,10,2,,,Bu
Greenery,,,,G1574,Pittosporum Green 10pk,,0.529,5.29,10,10,,,Bu
Greenery,,,,G1098,Pittosporum Variegated,,0.619,6.19,10,2,,,Bu
Greenery,,,,G1575,Pittosporum Variegated 10pk,,0.549,5.49,10,10,,,Bu
Greenery,,,,G1100,Plumosus Grass,,0.599,5.99,10,2,,,Bu
Greenery,,,,G1103,Plumosus Grass 10pk,,0.439,4.39,10,10,,,Bu
Greenery,,,,G1322,Podocarpus,,0.599,5.99,10,1,,,Bu
Greenery,,,,G2103,Podocarpus Weeping,,1.199,11.99,10,1,,,Bu
Greenery,,,,12969,Rumex Unicorn 60cm+,,1.199,11.99,10,1,,,Bu
Greenery,,,,G1106,Ruscus Florida 20pk,,0.549,5.49,10,20,,,Bu
Greenery,,,,G2273,Ruscus Italian Bleached 5st,,3.198,15.99,5,1,,,Bu
Greenery,,,,G1355,Ruscus Italian Long 10pk,,2.498,12.49,5,10,,,Bu
Greenery,,,,G2314,Ruscus Italian Long 15pk,,2.398,11.99,5,15,,,Bu
Greenery,,,,G2313,Ruscus Italian Long 20pk,,2.398,11.99,5,20,,,Bu
Greenery,,,,G1108,Ruscus Italian Tips Short,,1.199,11.99,10,2,,,Bu
Greenery,,,,G1573,Salal 10pk,,0.5245,10.49,20,10,,,Bu
Greenery,,,,G1112,Salal Little John (Tips),,0.2995,5.99,20,2,,,Bu
Greenery,,,,G1630,Salal Little John (Tips)15pk,,0.2645,5.29,20,15,,,Bu
Greenery,,,,G2027,Smilax Green 5 x 5ft Strings,,59.99,59.99,1,1,,,Bag
Greenery,,,,G6654,Smilax Southern 13lbs Texas,,214.99,214.99,1,1,,,Case
Greenery,,,,G1591,Smilax Southern Alabama 30lbs,,279.99,279.99,1,1,,,Case
Greenery,,,,G1119,Sword Fern,,0.559,5.59,10,2,,,Bu
Greenery,,,,G1121,Tree Fern Costa Rica 30pk,,0.2145,4.29,20,30,,,Bu
Greenery,,,,G1122,Tree Fern Florida,,0.3995,7.99,20,5,,,Bu
Greenery,,,,G1577,Tree Fern Florida 5pk,,0.2495,4.99,20,5,,,Bu
Grevillea ,,,,G1682,Grevillea Ivanhoe,,0.899,8.99,10,1,,,Bu
Grevillea ,,,,G1606,Grevillea Natural,,0.999,9.99,10,1,,,Bu
Heather,,,,21059,Heather Pink / California,,3.398,16.99,5,1,,weighted,Bu
Heliconia,,,,42395,Heliconia Pinky Peach P&F,,10.99,10.99,1,1,,,Stem
Helleborus,,,,38826,Helleborus Green 5-7st Calif,,3.998,19.99,5,1,,,Bu
Helleborus,,,,18148,Helleborus Pink 5-7st Calif,,3.998,19.99,5,1,,,Bu
Helleborus,,,,69034,Helleborus Pink Mammoth 5 stem,,3.998,19.99,5,1,,,Bu
Helleborus,,,,17828,Helleborus Purple 5-7st Calif,,3.998,19.99,5,1,,,Bu
Helleborus,,,,69037,Helleborus Red Mammoth 5 stem,,3.998,19.99,5,1,,,Bu
Helleborus,,,,45449,Helleborus White Queen 10st,,2.999,29.99,10,1,,,Bu
Helleborus,,,,12638,Helleborus Winterbells 5 stem,,3.998,19.99,5,1,,,Bu
Herb Lavendder,,,,27972,Lavender English,,0.999,9.99,10,1,,,Bu
Hyacinth,,,,22084,Hyacinth White 5st Dutch,,1.998,9.99,5,1,,,Bu
Hyacinth  ,,,,22082,Hyacinth Pink 5st Dutch,,1.798,8.99,5,1,,,Bu
Hydrangea,,,,27220,Hydrangea 12white/12blue 24pk,,2.09,2.09,1,24,,,Stem
Hydrangea,,,,43307,Hydrangea 15White/15blue 30pk,,1.99,1.99,1,30,,,Stem
Hydrangea,,,,43478,Hydrangea 5white/5blue 10pack,,2.29,2.29,1,10,,,Stem
Hydrangea,,,,51291,Hydrangea 5wht/5blue DV 10pk,,2.39,2.39,1,10,,,Stem
Hydrangea,,,,42063,Hydrangea 8wht/8blue/8grn 24pk,,1.85,1.85,1,24,,,Stem
Hydrangea,,,,58305,"Hydrangea Blue ""Bogotana"" 10pk",,1.99,1.99,1,10,,,Stem
Hydrangea,,,,51266,Hydrangea Blue Prem DVF 20pk,,2.59,2.59,1,20,,,Stem
Hydrangea,,,,43477,Hydrangea Blue Select 10pack,,2.79,2.79,1,10,,,Stem
Hydrangea,,,,43374,Hydrangea Blue Select 40pk,,1.89,1.89,1,40,,,Stem
Hydrangea,,,,51290,Hydrangea Blue Select DVF 10pk,,2.89,2.89,1,10,,,Stem
Hydrangea,,,,42343,Hydrangea Blue Super 20pk,,3.29,3.29,1,20,,,Stem
Hydrangea,,,,13043,Hydrangea Blueberry Select 30p,,2.49,2.49,1,30,,,Stem
Hydrangea,,,,35093,Hydrangea Green Antique Sel 30,,3.49,3.49,1,30,,,Stem
Hydrangea,,,,42059,Hydrangea Green Fancy 30pk,,1.29,1.29,1,30,,,Stem
Hydrangea,,,,28306,Hydrangea Green Mini 40pk,,1.39,1.39,1,40,,,Stem
Hydrangea,,,,51364,Hydrangea Green Mini DVF 20pk,,1.59,1.59,1,20,,,Stem
Hydrangea,,,,48987,Hydrangea Green Mini Mojito,,2.29,2.29,1,5,,,Stem
Hydrangea,,,,17375,Hydrangea Green Mojito Sel 10p,,2.79,2.79,1,10,,,Stem
Hydrangea,,,,43493,Hydrangea Green Mojito Sel 30p,,2.29,2.29,1,30,,,Stem
Hydrangea,,,,17363,Hydrangea Green Shamrock 10pk,,2.99,2.99,1,10,,,Stem
Hydrangea,,,,53542,Hydrangea Green Shamrock 30pk,,2.39,2.39,1,30,,,Stem
Hydrangea,,,,12584,Hydrangea Green-Dark Mini 20pk,,1.49,1.49,1,20,,,Stem
Hydrangea,,,,42065,Hydrangea Green-Dark Mini 50pk,,1.39,1.39,1,50,,,Stem
Hydrangea,,,,13030,Hydrangea Pink Crystal 10pk,,5.99,5.99,1,10,,,Stem
Hydrangea,,,,75214,Hydrangea Pink Magic 10pk,,5.99,5.99,1,10,,,Stem
Hydrangea,,,,43707,Hydrangea Purple Elite 25pk,,4.59,4.59,1,25,,,Stem
Hydrangea,,,,42173,Hydrangea Purple Premium 20p,,4.69,4.69,1,20,,,Stem
Hydrangea,,,,34784,Hydrangea Purple-Dark Premium,,5.49,5.49,1,1,,,Stem
Hydrangea,,,,18119,Hydrangea Tint Rouge Pink 15p,,2.99,2.99,1,15,,,Stem
Hydrangea,,,,57346,Hydrangea Tinted Crm/Blsh 15pk,,2.79,2.79,1,15,,,Stem
Hydrangea,,,,17912,Hydrangea Tinted Dusty Burg 15,,2.99,2.99,1,15,,,Stem
Hydrangea,,,,75204,Hydrangea Tinted Lavender 15pk,,2.99,2.99,1,15,,,Stem
Hydrangea,,,,75210,Hydrangea Tinted Mauve 15pk,,2.99,2.99,1,15,,,Stem
Hydrangea,,,,75211,Hydrangea Tinted Peach 15pk,,2.99,2.99,1,15,,,Stem
Hydrangea,,,,75118,Hydrangea Tinted Purple 15pk,,2.99,2.99,1,15,,,Stem
Hydrangea,,,,26961,Hydrangea Wht Jumbo Loose,,3.49,3.49,1,1,,,Stem
Hydrangea,,,,51265,Hydrangea Wht Prem DVF 20pk,,2.59,2.59,1,20,,,Stem
Hydrangea,,,,21711,Hydrangea Wht Premium 25pk,,1.89,1.89,1,25,,,Stem
Hydrangea,,,,75115,Hydrangea Wht Premium DVF 10pk,,2.79,2.79,1,10,,,Stem
Hydrangea,,,,27146,Hydrangea Wht Select 24pk,,1.89,1.89,1,24,,,Stem
Hydrangea,,,,21830,Hydrangea Wht Select 30pk,,1.49,1.49,1,30,,,Stem
Hydrangea,,,,49829,Hydrangea Wht Select 40pk,,1.59,1.59,1,40,,,Stem
Hydrangea,,,,51289,Hydrangea Wht Select DVF 10pk,,2.49,2.49,1,10,,,Stem
Hydrangea,,,,43476,Hydrangea Wht Select S.A 10pk,,2.39,2.39,1,10,,,Stem
Hydrangea,,,,54035,Hydrangea Wht Super 24pk,,2.69,2.69,1,24,,,Stem
Hypericum,,,,68371,Hypericum Burg Ilusion 50/60c,,0.8,8.00,10,1,,,Bu
Hypericum,,,,50502,Hypericum Green 70cm DVFlora,,0.9,9.00,10,1,,,Bu
Hypericum,,,,68368,Hypericum Green Ilusion 50/60c,,0.8,8.00,10,1,,,Bu
Hypericum,,,,36487,Hypericum Grn Jungle Roma 50/6,,0.8,8.00,10,1,,,Bu
Hypericum,,,,32269,Hypericum Grn Lucky Rom 50/60,,0.8,8.00,10,1,,,Bu
Hypericum,,,,36435,Hypericum Pch Mellow Rom 50/60,,0.8,8.00,10,1,,,Bu
Hypericum,,,,25765,Hypericum Pink Ilusion 50/60cm,,0.8,8.00,10,1,,,Bu
Hypericum,,,,12280,Hypericum Pink Sweet Rom 50/60,,0.8,8.00,10,1,,,Bu
Hypericum,,,,17687,Hypericum Pk Lt Lovely Rom 50/,,0.8,8.00,10,1,,,Bu
Hypericum,,,,50501,Hypericum Red 70cm DvFlora,,0.9,9.00,10,1,,,Bu
Hypericum,,,,50503,Hypericum Red Dk 70cm DvFlora,,0.9,9.00,10,1,,,Bu
Hypericum,,,,68361,Hypericum Red Ilusion 50/60cm,,0.8,8.00,10,1,,,Bu
Hypericum,,,,20397,Hypericum Red True Rom 50/60cm,,0.8,8.00,10,1,,,Bu
Hypericum,,,,36434,Hypericum White Cool Rom 50/60,,0.9,9.00,10,1,,,Bu
Iris,,,,25313,Iris Blue-Dk Telstar Local,,0.999,9.99,10,1,,,Bu
Iris,,,,35584,Iris Blue-Dk Telstar Mexico,,0.999,9.99,10,1,,,Bu
Iris,,,,35583,Iris White Casablanca Mexico,,0.899,8.99,10,1,,,Bu
Iris,,,,33368,Iris White Local,,0.999,9.99,10,1,,,Bu
Iris,,,,37810,Iris Yellow Carolina,,0.899,8.99,10,1,,,Bu
Ivy,,,,G1180,Ivy Bush Green,,1.199,11.99,10,1,,,Bu
Kale,,,,75084,Kale Purple/Green 5st Peru,,1.998,9.99,5,1,,,Bu
Larkspur,,,,28047,Larkspur Lavender 60-70cm,,1.099,10.99,10,1,,,Bu
Larkspur,,,,29725,Larkspur Pink 60/70cm Ecuador,,1.199,11.99,10,1,,,Bu
Larkspur,,,,21112,Larkspur Pink 80-90cm 6pk,,1.499,14.99,10,6,,,Bu
Larkspur,,,,32224,Larkspur Pink-Dk 70-80cm CA,,1.299,12.99,10,1,,,Bu
Larkspur,,,,21081,Larkspur Pink-Dk 80+cm XTR,,1.499,14.99,10,1,,,Bu
Larkspur,,,,21084,Larkspur Pink-Lt 80+cm XTR,,1.499,14.99,10,1,,,Bu
Larkspur,,,,21113,Larkspur Purple 60/70cm Ec,,1.199,11.99,10,1,,,Bu
Larkspur,,,,32228,Larkspur Purple 70-80cm CA,,0.999,9.99,10,1,,,Bu
Larkspur,,,,28449,Larkspur Purple 80-90cm 6pk,,1.499,14.99,10,6,,,Bu
Larkspur,,,,21114,Larkspur White 60/70cm Ecuado,,0.999,9.99,10,1,,,Bu
Larkspur,,,,32229,Larkspur White 70-80cm CA,,1.299,12.99,10,1,,,Bu
Larkspur,,,,28450,Larkspur White 80-90cm 6pk,,1.499,14.99,10,6,,,Bu
Leptospermum,,,,25696,Leptospermum Pink,,1.299,12.99,10,1,,,Bu
Leptospermum,,,,26430,Leptospermum Pink-Hot,,1.299,12.99,10,1,,,Bu
Leptospermum,,,,25212,Leptospermum White,,1.299,12.99,10,1,,,Bu
Leucadendron ,,,,38045,Leucadendron Gold Strike 10st,,1.199,11.99,10,1,,,Bu
Leucadendron ,,,,36101,Leucadendron Safari Sunset,,0.899,8.99,10,1,,,Bu
Leucadendron ,,,,10602,Leucadendron Winter Sunshine,,0.899,8.99,10,1,,,Bu
Leucocoryne ,,,,54469,Leucocoryne Lav Caravelle 10st,,1.499,14.99,10,1,,,Bu
Liatris,,,,52373,Liatris Purple 70cm 6pk,,0.649,6.49,10,6,,,Bu
Liatris,,,,21167,Liatris Purple 80 cm,,0.899,8.99,10,1,,,Bu
Liatris,,,,21169,Liatris Purple 90 cm,,0.999,9.99,10,1,,,Bu
Lily,,,,67957,Lily Hyb Pk Binazco 2blm,,2.599,25.99,10,1,,,Bu
Lily,,,,67965,Lily Hyb Pk Brooks 3+,,2.799,27.99,10,1,,,Bu
Lily,,,,50620,Lily Hyb Pnk King Solomon 3+,,2.799,27.99,10,1,,,Bu
Lily,,,,41485,Lily Hyb Pnk Sorbonne 2/3 Cana,,3.299,32.99,10,1,,,Bu
Lily,,,,57668,Lily Hyb Pnk Sorbonne 2blm,,2.599,25.99,10,1,,,Bu
Lily,,,,41486,Lily Hyb Pnk Sorbonne 4/5 Cana,,3.499,34.99,10,1,,,Bu
Lily,,,,41487,Lily Hyb Pnk Table Dance 2/3 C,,3.699,36.99,10,1,,,Bu
Lily,,,,53984,Lily Hyb Pnk Table Dance 3+,,2.799,27.99,10,1,,,Bu
Lily,,,,26407,Lily Hyb Pnk Table Dance 3+ DV,,2.899,28.99,10,1,,,Bu
Lily,,,,41488,Lily Hyb Pnk Table Dance 4/5 C,,3.999,39.99,10,1,,,Bu
Lily,,,,41489,Lily Hyb Pnk Tarrango 2/3 Cana,,3.499,34.99,10,1,,,Bu
Lily,,,,26256,Lily Hyb Pnk Tarrango 2blm,,2.599,25.99,10,1,,,Bu
Lily,,,,55824,Lily Hyb Pnk Tarrango 3+,,2.799,27.99,10,1,,,Bu
Lily,,,,41490,Lily Hyb Pnk Tarrango 4/5 Cana,,3.699,36.99,10,1,,,Bu
Lily,,,,53994,Lily Hyb Wht Monteneu 3+,,2.799,27.99,10,1,,,Bu
Lily,,,,48793,Lily Hyb Wht Premium Blonde 3+,,2.799,27.99,10,1,,,Bu
Lily,,,,55445,Lily Hyb Wht Santander 3+,,2.799,27.99,10,1,,,Bu
Lily,,,,41480,Lily Hyb Wht Santander 4/5 Can,,3.999,39.99,10,1,,,Bu
Lily,,,,54161,Lily Hyb Wht Saronno 3+,,2.799,27.99,10,1,,,Bu
Lily,,,,34102,Lily Hyb Wht Saronno 4+ DVFlor,,2.999,29.99,10,1,,,Bu
Lily,,,,57638,Lily Hyb Wht Tisento 4+ DVFlor,,3.199,31.99,10,1,,,Bu
Lily,,,,41483,Lily Hyb Wht Zambesi 2/3 Canad,,3.499,34.99,10,1,,,Bu
Lily,,,,57667,Lily Hyb Wht Zambesi 2blm,,2.599,25.99,10,1,,,Bu
Lily,,,,41484,Lily Hyb Wht Zambesi 4/5 Canad,,3.799,37.99,10,1,,,Bu
Lily,,,,41518,Lily Hyb Yel Vigneron 2/3 Cana,,2.999,29.99,10,1,,,Bu
Lily,,,,67912,Lily Hyb Ylw Catina 3+,,2.799,27.99,10,1,,,Bu
Lily,,,,52706,Lily Hyb Ylw Manisa 3+ DVF,,2.799,27.99,10,1,,,Bu
Lily,,,,68068,Lily LA Orange Talisker NC,,1.699,16.99,10,1,,,Bu
Lily,,,,55782,Lily LA Org Eremo 3+,,1.799,17.99,10,1,,,Bu
Lily,,,,55781,Lily LA Org Honesty 3+,,1.799,17.99,10,1,,,Bu
Lily,,,,22744,Lily LA Org Sunderland 3+,,1.799,17.99,10,1,,,Bu
Lily,,,,41072,Lily LA Pch Menorca 3+,,1.799,17.99,10,1,,,Bu
Lily,,,,53851,Lily LA Pch Salmon Classic NC,,1.699,16.99,10,1,,,Bu
Lily,,,,46426,Lily LA Peach 3+ Canada,,2.199,21.99,10,1,,,Bu
Lily,,,,41475,Lily LA Pink 3+ Canada,,2.199,21.99,10,1,,,Bu
Lily,,,,54155,Lily LA Pink Albufeira 3+,,1.799,17.99,10,1,,,Bu
Lily,,,,57653,Lily LA Pink Bourbon Street 3+,,1.799,17.99,10,1,,,Bu
Lily,,,,40146,Lily LA Pink Brindisi 3+,,1.799,17.99,10,1,,,Bu
Lily,,,,53853,Lily LA Pink Brindisi NC,,1.699,16.99,10,1,,,Bu
Lily,,,,57655,Lily LA Pink Indian Summerset,,1.799,17.99,10,1,,,Bu
Lily,,,,49303,Lily LA Pink Yerseke 3+,,1.799,17.99,10,1,,,Bu
Lily,,,,57105,Lily LA Red Pokerface 3+,,1.799,17.99,10,1,,,Bu
Lily,,,,41478,Lily LA White 3+ Canada,,2.199,21.99,10,1,,,Bu
Lily,,,,20221,Lily LA White Perrano NC,,1.699,16.99,10,1,,,Bu
Lily,,,,33110,Lily LA Wht Bach 3+,,1.799,17.99,10,1,,,Bu
Lily,,,,68078,Lily LA Wht Charm 3+,,1.799,17.99,10,1,,,Bu
Lily,,,,57652,Lily LA Wht Courier 3+,,1.799,17.99,10,1,,,Bu
Lily,,,,68104,Lily LA Wht Litouwen 3+,,1.799,17.99,10,1,,,Bu
Lily,,,,55789,Lily LA Wht Parrano 3+,,1.799,17.99,10,1,,,Bu
Lily,,,,54157,Lily LA Wht Richmond 3+,,1.799,17.99,10,1,,,Bu
Lily,,,,57648,Lily LA Wht Sound 3+,,1.799,17.99,10,1,,,Bu
Lily,,,,53848,Lily LA Yellow Pavia NC,,1.699,16.99,10,1,,,Bu
Lily,,,,46698,Lily LA Ylw El Divo 3+,,1.799,17.99,10,1,,,Bu
Lily,,,,55852,Lily LA Ylw Pavia 3+,,1.799,17.99,10,1,,,Bu
Lily,,,,34528,Lily Org Brunello 3+,,1.799,17.99,10,1,,,Bu
Lily,,,,34935,Lily Org Tressor 3+,,1.799,17.99,10,1,,,Bu
Lily,,,,57672,Lily OT Conca D'Or 2blm,,2.699,26.99,10,1,,,Bu
Lily,,,,41503,Lily Rose Dbl Anoushka 2/3 Can,,3.399,33.99,10,1,,,Bu
Lily,,,,41497,Lily Rose Dbl Pnk Floretta 2/3,,3.299,32.99,10,1,,,Bu
Lily,,,,41499,Lily Rose Dbl Pnk Samantha 2/3,,3.399,33.99,10,1,,,Bu
Lily,,,,41501,Lily Rose Dbl Pnk Viola 2/3 Ca,,3.499,34.99,10,1,,,Bu
Lily,,,,41502,Lily Rose Dbl Pnk Viola 4/5 Ca,,3.799,37.99,10,1,,,Bu
Lily,,,,41491,Lily Rose Dbl Wht Aisha 2/3 Ca,,3.499,34.99,10,1,,,Bu
Lily,,,,41492,Lily Rose Dbl Wht Aisha 4/5 Ca,,3.799,37.99,10,1,,,Bu
Limonium,,,,29411,Limonium Blue Maine,,1.6,8.00,5,1,,weighted,Bu
Limonium,,,,60802,Limonium Blue Splendid,,1.998,9.99,5,1,,weighted,Bu
Limonium,,,,26800,Limonium Blue Splendid Cs5,,1.738,8.69,5,5,,weighted,Bu
Limonium,,,,21179,Limonium White Diamond,,1.598,7.99,5,1,,weighted,Bu
Limonium,,,,21181,Limonium White Misty 5pk,,2,10.00,5,5,,weighted,Bu
Lisianthus,,,,42368,Lisianthus Champagne 80cm,,3.199,31.99,10,1,,,Bu
Lisianthus,,,,42466,Lisianthus Magenta Rosaflor,,2.899,28.99,10,1,,,Bu
Lisianthus,,,,26755,Lisianthus Pink Canada 50/60cm,,2.299,22.99,10,1,,,Bu
Lisianthus,,,,21272,Lisianthus Pink Light 80cm,,3.199,31.99,10,1,,,Bu
Lisianthus,,,,17328,Lisianthus Pk Lt RosaFlora 75c,,2.999,29.99,10,1,,,Bu
Lisianthus,,,,26751,Lisianthus Pk Var Rosaflora 75,,2.999,29.99,10,1,,,Bu
Lisianthus,,,,21312,Lisianthus Prp Var Rosaflora 7,,2.999,29.99,10,1,,,Bu
Lisianthus,,,,44892,Lisianthus Purple Canada 50/60,,2.299,22.99,10,1,,,Bu
Lisianthus,,,,21316,Lisianthus White 80cm,,3.199,31.99,10,1,,,Bu
Nigella,,,,49731,Nigella Blue 10stem Japan,,3.499,34.99,10,1,,,Bu
Oncidium,,,,46554,Oncidium Golden Shower,,2.999,29.99,10,1,,,Bu
Oregonia,,,,G1310,Oregonia,,2.398,11.99,5,1,,weighted,Bu
Palm,,,,G2091,Emerald Medium Guatemala,,0.2445,4.89,20,2,,,Bu
Palm,,,,G1645,Emerald Premium Guatemala,,0.2995,5.99,20,2,,,Bu
Palm,,,,G2092,Emerald Premium Guatemala 15pk,,0.2495,4.99,20,15,,,Bu
Palm,,,,G2100,Emerald Premium Narrow,,0.2295,4.59,20,2,,,Bu
Palm,,,,G1031,Emerald Tepe,,0.3995,7.99,20,2,,,Bu
Palm,,,,G1369,Palm Phoenix Roebelini 20st,,0.3495,6.99,20,2,,,Bu
Peony,,,,12668,Peony Blush Gardenia 5st,,5.998,29.99,5,1,,,Bu
Peony,,,,12653,Peony Coral Charm 5st,,7.998,39.99,5,1,,,Bu
Peony,,,,10697,Peony Pink Lt Angel Cheeks 5st,,6.398,31.99,5,1,,,Bu
Peony,,,,33768,Peony Pink Sara B 5st,,7.998,39.99,5,1,,,Bu
Peony,,,,42841,Peony Pink Sara B 5st,,7.998,39.99,5,1,,,Bu
Peony,,,,32002,Peony Pink Sarah Bern 5st 20pk,,5.998,29.99,5,20,,,Bu
Peony,,,,12192,Peony Red Henry Bockstoce 5st,,8.998,44.99,5,1,,,Bu
Peony,,,,17836,Peony White Bridal Shower 5st,,5.998,29.99,5,1,,,Bu
Peony,,,,12096,Peony White Claude Tain 5st,,6.398,31.99,5,1,,,Bu
Pepperberry ,,,,28062,Pepperberry Upright Brazilian,,1.998,9.99,5,1,,weighted,Bu
Pepperberry  ,,,,21549,Pepperberry Hanging Green,,1.598,7.99,5,1,,weighted,Bu
Phal,,,,75123,Phal Spray Prp Buffalo 9+bl,,29.99,29.99,1,1,,,Stem
Phal,,,,10810,Phal Spray White Kobe 7+bl,,27.99,27.99,1,1,,,Stem
Phal,,,,10791,Phal Spray White Kobe 9+bl,,29.99,29.99,1,1,,,Stem
Phlox,,,,22127,Phlox White Dutch,,0.999,9.99,10,1,,,Bu
Pincushion Protea,,,,39826,Pincushion Asst Seasonal 20pk,,4.49,4.49,1,20,,,Stem
Pincushion Protea,,,,29174,Pincushion Org 20pk,,3.29,3.29,1,20,,,Stem
Pincushion Protea,,,,36639,Pincushion Org CA 20pk,,2.99,2.99,1,20,,,Stem
Pincushion Protea,,,,42664,Pincushion Org Soleil 50pk,,2.99,2.99,1,50,,,Stem
Pincushion Protea,,,,30034,Pincushion Red Tango 20pk,,3.49,3.49,1,20,,,Stem
Pincushion Protea,,,,10379,Pincushion Yel Blush Firefly20,,3.49,3.49,1,20,,,Stem
Pincushion Protea,,,,38271,Pincushion Yel Mooonlight 50pk,,29.99,29.99,1,50,,,Stem
Pompon,,,,59170,Pom Pon Blue Ocean Coral,,1.331666667,7.99,6,1,,,Bu
Pompon,,,,59171,Pom Pon Blue Ocean Jade,,1.331666667,7.99,6,1,,,Bu
Pompon,,,,59172,Pom Pon Blue Ocean Prp Sapphir,,1.331666667,7.99,6,1,,,Bu
Pompon,,,,59173,Pom Pon Blue Ocean Sapphire,,1.331666667,7.99,6,1,,,Bu
Pompon,,,,18526,Pom Pon Burg Cush Malbec 5pk,,0.665,3.99,6,5,,,Bu
Pompon,,,,54879,Pom Pon Cream Cush Crm Brul 6p,,0.7983333333,4.79,6,6,,,Bu
Pompon,,,,52149,Pom Pon Cush Yel Champagne 6pk,,0.8316666667,4.99,6,6,,,Bu
Pompon,,,,18535,Pom Pon Green Athos 5pk,,0.715,4.29,6,5,,,Bu
Pompon,,,,54732,Pom Pon Green Bombellini 5pk,,0.765,4.59,6,5,,,Bu
Pompon,,,,23159,Pom Pon Green Button,,0.8316666667,4.99,6,1,,,Bu
Pompon,,,,37806,Pom Pon Green Button Country,,0.915,5.49,6,1,,,Bu
Pompon,,,,42354,Pom Pon Green Button Ctry 12pk,,0.6483333333,3.89,6,12,,,Bu
Pompon,,,,62812,Pom Pon Green Whatsapp 6pk,,0.715,4.29,6,6,,,Bu
Pompon,,,,62820,Pom Pon Green Zembla 6pk,,0.6983333333,4.19,6,6,,,Bu
Pompon,,,,18536,Pom Pon Grn Butt Country 5pk,,0.715,4.29,6,5,,,Bu
Pompon,,,,67139,Pom Pon Grn Butt Whats App 5pk,,0.665,3.99,6,5,,,Bu
Pompon,,,,52164,Pom Pon Lav Melrose 6pk,,0.7983333333,4.79,6,6,,,Bu
Pompon,,,,62821,Pom Pon Lav Prada Sweet 6pk,,0.715,4.29,6,6,,,Bu
Pompon,,,,52158,Pom Pon Lav Veronica 6pk,,0.7316666667,4.39,6,6,,,Bu
Pompon,,,,23254,Pom Pon Lav. Button,,1.081666667,6.49,6,1,,,Bu
Pompon,,,,18527,Pom Pon Lav. Button 5pk,,0.6483333333,3.89,6,5,,,Bu
Pompon,,,,23178,Pom Pon Lav. Cushion,,1.081666667,6.49,6,1,,,Bu
Pompon,,,,67138,Pom Pon Lav. Cushion 5pk,,0.6983333333,4.19,6,5,,,Bu
Pompon,,,,50756,Pom Pon Lav. Daisy 5pk,,0.715,4.29,6,5,,,Bu
Pompon,,,,23229,Pom Pon Lavender Daisy,,0.865,5.19,6,1,,,Bu
Pompon,,,,62824,Pom Pon Lavender Mystery 6pk,,0.7483333333,4.49,6,6,,,Bu
Pompon,,,,54799,Pom Pon Nov Green Alemani 5pk,,0.715,4.29,6,5,,,Bu
Pompon,,,,67619,Pom Pon Novelty Asst 12pk,,0.665,3.99,6,12,,,Bu
Pompon,,,,52115,Pom Pon Novelty Pink Amaze 5pk,,0.9816666667,5.89,6,5,,,Bu
Pompon,,,,60961,Pom Pon Novelty Ying Yang,,0.9483333333,5.69,6,1,,,Bu
Pompon,,,,18528,Pom Pon Novelty Ying Yang 5pk,,0.665,3.99,6,5,,,Bu
Pompon,,,,58668,Pom Pon Peach Cushion 5pk,,0.6816666667,4.09,6,5,,,Bu
Pompon,,,,54700,Pom Pon Peach Cushion 6pk,,0.7816666667,4.69,6,6,,,Bu
Pompon,,,,58667,Pom Pon Peach Daisy 5pk,,0.6816666667,4.09,6,5,,,Bu
Pompon,,,,53679,Pom Pon Pink Cushion,,0.9983333333,5.99,6,1,,,Bu
Pompon,,,,54748,Pom Pon Pink Daisy 14pk,,0.8316666667,4.99,6,14,,,Bu
Pompon,,,,50958,Pom Pon Pink Daisy Alma,,0.915,5.49,6,1,,,Bu
Pompon,,,,52189,Pom Pon Pink Daisy Aquarel 6pk,,0.715,4.29,6,6,,,Bu
Pompon,,,,52098,Pom Pon Pink Daisy Atlantis,,0.9983333333,5.99,6,1,,,Bu
Pompon,,,,62809,Pom Pon Pink Delirock 6pk,,0.865,5.19,6,6,,,Bu
Pompon,,,,54753,Pom Pon Purple Button,,0.8316666667,4.99,6,1,,,Bu
Pompon,,,,42351,Pom Pon Purple Cushion,,1.165,6.99,6,1,,,Bu
Pompon,,,,54685,Pom Pon Purple Cushion 12pk,,0.7983333333,4.79,6,12,,,Bu
Pompon,,,,60929,Pom Pon Purple Cushion 5pk,,0.6816666667,4.09,6,5,,,Bu
Pompon,,,,21569,Pom Pon Purple Daisy 5pk,,0.6983333333,4.19,6,5,,,Bu
Pompon,,,,52094,Pom Pon Purple Delirock 6pk,,0.765,4.59,6,6,,,Bu
Pompon,,,,52186,Pom Pon Purple Uvita 6pk,,0.715,4.29,6,6,,,Bu
Pompon,,,,62046,Pom Pon Red Button,,0.8816666667,5.29,6,1,,,Bu
Pompon,,,,62983,Pom Pon Red Daisy Bramis 5pk,,0.5816666667,3.49,6,5,,,Bu
Pompon,,,,59106,Pom Pon Salmon Cushion 5pk,,0.7316666667,4.39,6,5,,,Bu
Pompon,,,,23182,Pom Pon White Button,,0.8983333333,5.39,6,1,,,Bu
Pompon,,,,23131,Pom Pon White Button 5pk,,0.665,3.99,6,5,,,Bu
Pompon,,,,52183,Pom Pon White Candy Crush 6pk,,0.715,4.29,6,6,,,Bu
Pompon,,,,23296,Pom Pon White Cush Maisy,,1.165,6.99,6,1,,,Bu
Pompon,,,,60655,Pom Pon White Cush Maisy 5pk,,0.715,4.29,6,5,,,Bu
Pompon,,,,18429,Pom Pon White Cush Maisy 8pk,,0.665,3.99,6,8,,,Bu
Pompon,,,,23200,Pom Pon White Daisy Alma,,0.915,5.49,6,1,,,Bu
Pompon,,,,62814,Pom Pon White Daisy Alma 6pk,,0.7816666667,4.69,6,6,,,Bu
Pompon,,,,54818,Pom Pon White Daisy Coconut 6p,,0.765,4.59,6,6,,,Bu
Pompon,,,,50947,Pom Pon White Daisy Meraki 6p,,0.765,4.59,6,6,,,Bu
Pompon,,,,23347,Pom Pon White Daisy Reagan 15p,,0.665,3.99,6,15,,,Bu
Pompon,,,,52156,Pom Pon White Eagle 6pk,,0.715,4.29,6,6,,,Bu
Pompon,,,,52162,Pom Pon White Micro Whynot 6pk,,0.7483333333,4.49,6,6,,,Bu
Pompon,,,,52166,Pom Pon White Top Dollar 6pk,,0.7316666667,4.39,6,6,,,Bu
Pompon,,,,62035,Pom Pon Wht/Grn Zem/Maisy Lime,,0.9983333333,5.99,6,1,,,Bu
Pompon,,,,23204,Pom Pon Yel. Viking Sundi 5pk,,0.7816666667,4.69,6,5,,,Bu
Pompon,,,,18538,Pom Pon Yel. Viking Vybowl 5pk,,0.7316666667,4.39,6,5,,,Bu
Pompon,,,,23187,Pom Pon Yellow Button,,0.9983333333,5.99,6,1,,,Bu
Pompon,,,,18540,Pom Pon Ylw Daisy Ylwstone 5pk,,0.665,3.99,6,5,,,Bu
Pompon,,,,62826,Pom Pon Ylw Paintball Sunny 6p,,0.6816666667,4.09,6,6,,,Bu
Protea,,,,38104,Protea Assorted Pink 15pk,,3.99,3.99,1,15,,,Stem
Protea,,,,10188,Protea Pink Mink,,4.99,4.99,1,1,,,Stem
Protea,,,,27588,Protea Queen Pink Empress,,11.99,11.99,1,1,,,Stem
Protea,,,,10189,Protea Red Mink,,3.99,3.99,1,1,,,Stem
Protea,,,,27483,Protea White Night,,7.99,7.99,1,5,,,Stem
Pussy Willow,,,,18110,Pussy Willow 20in 10st,,0.599,5.99,10,1,,,Bu
Pussy Willow,,,,12939,Pussy Willow 24in 10st,,0.699,6.99,10,1,,,Bu
Pussy Willow,,,,68801,Pussy Willow 3-4ft 10-12st,,0.349,3.49,10,1,,,Bu
Pussy Willow,,,,51777,Pussy Willow 30in 10st,,0.799,7.99,10,1,,,Bu
Pussy Willow,,,,53218,Pussy Willow 4-5ft 10stem,,0.399,3.99,10,1,,,Bu
Queen Anne's Lace,,,,35661,Laceflower White Orlaya,,1.199,11.99,10,1,,,Bu
Quince,,,,13021,Quince Apricot Dbl 3-4ft 6st,,6.498333333,38.99,6,1,,,Bu
Quince,,,,42288,"Quince Pink 6ft, 6stems",,6.998333333,41.99,6,1,,,Bu
Quince,,,,57150,Quince Pink/White 3-4ft 5stem,,5.798,28.99,5,1,,,Bu
Quince,,,,42310,"Quince White 6ft, 6 stems",,7.998333333,47.99,6,1,,,Bu
Ranunculus ,,,,48222,Ranunculus Peach,,2.199,21.99,10,1,,,Bu
Ranunculus ,,,,35571,Ranunculus Red RP,,1.999,19.99,10,1,,,Bu
Rice Flower,,,,37397,Rice Flower Pink 50cm/60cm,,1.599,15.99,10,1,,,Bu
Rice Flower,,,,40510,Rice Flower White 50cm/60cm,,1.799,17.99,10,1,,,Bu
Rice Flower,,,,28596,Rice Flower White Vic. 40/50cm,,1.599,15.99,10,1,,,Bu
Rose,,,,46841,Rose Brw Matilda 50cm,,1.39,1.39,1,25,,,Stem
Rose,,,,54821,Rose Brw Moab 60cm,,2.49,2.49,1,25,,,Stem
Rose,,,,57020,Rose Brw Toffee 50cm,,2.49,2.49,1,25,,,Stem
Rose,,,,68667,Rose Crm Expression 60cm,,1.69,1.69,1,25,,,Stem
Rose,,,,29594,Rose Crm Quicksand 40cm,,0.89,0.89,1,25,,,Stem
Rose,,,,28180,Rose Crm Quicksand 50cm,,1.49,1.49,1,25,,,Stem
Rose,,,,30694,Rose Crm Quicksand 50cm Cs50,,1.39,1.39,1,50,,,Stem
Rose,,,,30357,Rose Crm Quicksand 60cm,,1.59,1.59,1,25,,,Stem
Rose,,,,56996,Rose Crm Soul 50cm,,1.49,1.49,1,25,,,Stem
Rose,,,,40002,Rose Dyed Blue 60cm,,2.59,2.59,1,25,,,Stem
Rose,,,,29518,Rose Dyed Rainbow 60cm,,2.89,2.89,1,25,,,Stem
Rose,,,,23858,Rose Gr Green Tea 50cm,,1.49,1.49,1,25,,,Stem
Rose,,,,68712,Rose Gr Lemonade 40cm,,0.99,0.99,1,25,,,Stem
Rose,,,,51791,Rose Gr Lemonade 50cm,,1.49,1.49,1,25,,,Stem
Rose,,,,51792,Rose Gr Lemonade 60cm,,1.59,1.59,1,25,,,Stem
Rose,,,,40741,Rose Gr Wasabi 40cm,,1.49,1.49,1,25,,,Stem
Rose,,,,60925,Rose HPk Cherry-O 50cm,,1.59,1.59,1,25,,,Stem
Rose,,,,33523,Rose HPk Cherry-O 60cm,,1.69,1.69,1,25,,,Stem
Rose,,,,24543,Rose Hpk Country Blues 40cm,,1.29,1.29,1,25,,,Stem
Rose,,,,30710,Rose HPk Country Blues 50cm,,1.59,1.59,1,25,,,Stem
Rose,,,,24879,Rose HPk Dark Expression 60cm,,1.99,1.99,1,25,,,Stem
Rose,,,,30623,Rose HPk Full Monty 50cm,,1.49,1.49,1,25,,,Stem
Rose,,,,30622,Rose HPk Full Monty 60cm,,1.59,1.59,1,25,,,Stem
Rose,,,,52496,Rose HPk Hot Spot 60cm,,1.79,1.79,1,25,,,Stem
Rose,,,,40367,Rose HPk Lola 50cm,,1.69,1.69,1,25,,,Stem
Rose,,,,47089,Rose HPk Pk Floyd 50cm,,1.59,1.59,1,25,,,Stem
Rose,,,,47090,Rose HPk Pk Floyd 60cm,,1.69,1.69,1,25,,,Stem
Rose,,,,52925,Rose HPk Pk Floyd 60cm Cs50,,1.59,1.59,1,50,,,Stem
Rose,,,,69401,Rose HPk Tina 50cm,,1.69,1.69,1,25,,,Stem
Rose,,,,68892,Rose HPk Tina 50cm DVF,,1.69,1.69,1,25,,,Stem
Rose,,,,68891,Rose HPk Tina 60cm,,1.89,1.89,1,25,,,Stem
Rose,,,,42737,Rose HPk Tina 60cm cs50,,1.79,1.79,1,50,,,Stem
Rose,,,,68893,Rose HPk Tina 60cm DVF,,1.69,1.69,1,25,,,Stem
Rose,,,,30381,Rose HPk Topaz 50cm,,1.49,1.49,1,25,,,Stem
Rose,,,,30718,Rose HPk Topaz 60cm,,1.59,1.59,1,25,,,Stem
Rose,,,,48118,Rose Lav Amnesia 50cm,,1.59,1.59,1,25,,,Stem
Rose,,,,45758,Rose Lav Andrea 50cm,,1.49,1.49,1,25,,,Stem
Rose,,,,62219,Rose Lav Ascot 40cm,,1.29,1.29,1,25,,,Stem
Rose,,,,52246,Rose Lav Blue Dream 50cm,,1.49,1.49,1,25,,,Stem
Rose,,,,47099,Rose Lav Blueberry 50cm,,1.59,1.59,1,25,,,Stem
Rose,,,,68685,Rose Lav Cool Down 50cm,,1.59,1.59,1,25,,,Stem
Rose,,,,30732,Rose Lav Cool Water 50cm,,1.49,1.49,1,25,,,Stem
Rose,,,,51034,Rose Lav Cool Water 50cm Cs50,,1.39,1.39,1,50,,,Stem
Rose,,,,30839,Rose Lav Cool Water 60cm,,1.59,1.59,1,25,,,Stem
Rose,,,,51178,Rose Lav Cool Water 60cm Cs50,,1.49,1.49,1,50,,,Stem
Rose,,,,30947,Rose Lav Deep Ppl 50cm,,1.49,1.49,1,25,,,Stem
Rose,,,,45785,Rose Lav Deep Ppl 50cm Cs50,,1.39,1.39,1,50,,,Stem
Rose,,,,45786,Rose Lav Deep Ppl 50cm cs50,,1.39,1.39,1,50,,,Stem
Rose,,,,61086,Rose Lav Deep Ppl 60cm,,1.59,1.59,1,25,,,Stem
Rose,,,,52840,Rose Lav Deep Ppl 60cm Cs50,,1.49,1.49,1,50,,,Stem
Rose,,,,30356,Rose Lav Govinda 60cm,,1.99,1.99,1,25,,,Stem
Rose,,,,53462,Rose Lav Grey Knights 60cm,,1.69,1.69,1,25,,,Stem
Rose,,,,40679,Rose Lav Menta 50cm,,1.59,1.59,1,25,,,Stem
Rose,,,,24358,Rose Lav Moody Blues 50cm,,1.49,1.49,1,25,,,Stem
Rose,,,,47103,Rose Lav Moody Blues 60cm,,1.59,1.59,1,25,,,Stem
Rose,,,,30720,Rose Lav Ocean Song 50cm,,1.49,1.49,1,25,,,Stem
Rose,,,,52842,Rose Lav Ocean Song 50cm Cs50,,1.39,1.39,1,50,,,Stem
Rose,,,,30735,Rose Lav Ocean Song 60cm,,1.59,1.59,1,25,,,Stem
Rose,,,,30363,Rose Org Bohemian 50cm,,1.49,1.49,1,25,,,Stem
Rose,,,,62127,Rose Org Crush 40cm,,0.99,0.99,1,25,,,Stem
Rose,,,,52030,Rose Org Crush 50cm,,1.49,1.49,1,25,,,Stem
Rose,,,,43875,Rose Org Crush 50cm Cs50,,1.39,1.39,1,50,,,Stem
Rose,,,,52031,Rose Org Crush 60cm,,1.59,1.59,1,25,,,Stem
Rose,,,,26131,Rose Org Free Spirit 40cm,,1.19,1.19,1,25,,,Stem
Rose,,,,49842,Rose Org Free Spirit 40cm Cs50,,1.09,1.09,1,50,,,Stem
Rose,,,,24348,Rose Org Free Spirit 50cm,,1.59,1.59,1,25,,,Stem
Rose,,,,52871,Rose Org Free Spirit 50cm Cs50,,1.49,1.49,1,50,,,Stem
Rose,,,,30985,Rose Org Free Spirit 60cm,,1.69,1.69,1,25,,,Stem
Rose,,,,69277,Rose Org Joy 60cm,,1.59,1.59,1,25,,,Stem
Rose,,,,47112,Rose Org Nina 50cm,,1.19,1.19,1,25,,,Stem
Rose,,,,53452,Rose Pch Coral Reef 50cm,,1.49,1.49,1,25,,,Stem
Rose,,,,57618,Rose Pch Country Home 50cm,,1.59,1.59,1,25,,,Stem
Rose,,,,52418,Rose Pch Felicity 50cm,,1.59,1.59,1,25,,,Stem
Rose,,,,52419,Rose Pch Felicity 60cm,,1.69,1.69,1,25,,,Stem
Rose,,,,48942,Rose Pch Honeyglow 60cm,,1.69,1.69,1,25,,,Stem
Rose,,,,29959,Rose Pch Phoenix 50cm,,1.59,1.59,1,25,,,Stem
Rose,,,,53759,Rose Pch Phoenix 60cm,,1.69,1.69,1,25,,,Stem
Rose,,,,26371,Rose Pch Phoenix 70-80cm,,1.79,1.79,1,25,,,Stem
Rose,,,,53473,Rose Pch Shimmer 50cm,,1.59,1.59,1,25,,,Stem
Rose,,,,66879,Rose Pch Shimmer 50cm Cs50,,1.49,1.49,1,50,,,Stem
Rose,,,,53474,Rose Pch Shimmer 60cm,,1.69,1.69,1,25,,,Stem
Rose,,,,67366,Rose Pch Shimmer 60cm Cs50,,1.59,1.59,1,50,,,Stem
Rose,,,,62022,Rose Pch Tiffany 50cm,,1.49,1.49,1,25,,,Stem
Rose,,,,62118,Rose Pch Tiffany 50cm,,1.49,1.49,1,25,,,Stem
Rose,,,,48932,Rose Pch Tiffany 60cm,,1.59,1.59,1,25,,,Stem
Rose,,,,69151,Rose Pk Asst 40cm cs125,,0.85,0.85,1,125,,,Stem
Rose,,,,55317,Rose Pk Christa 50cm,,1.59,1.59,1,25,,,Stem
Rose,,,,52585,Rose Pk Expression 40cm,,1.39,1.39,1,25,,,Stem
Rose,,,,52586,Rose Pk Expression 50cm,,1.59,1.59,1,25,,,Stem
Rose,,,,52587,Rose Pk Expression 60cm,,1.69,1.69,1,25,,,Stem
Rose,,,,30409,Rose Pk Faith 50cm,,1.49,1.49,1,25,,,Stem
Rose,,,,56895,Rose Pk Flirty 60cm,,1.69,1.69,1,25,,,Stem
Rose,,,,52022,Rose Pk Garden Spirit 50cm,,1.59,1.59,1,25,,,Stem
Rose,,,,28789,Rose Pk Geraldine 50cm,,1.59,1.59,1,25,,,Stem
Rose,,,,28771,Rose Pk Geraldine 60cm,,1.69,1.69,1,25,,,Stem
Rose,,,,30640,Rose Pk Geraldine 60cm,,1.69,1.69,1,25,,,Stem
Rose,,,,46897,Rose Pk Hermosa 50cm,,1.59,1.59,1,25,,,Stem
Rose,,,,46898,Rose Pk Hermosa 60cm,,1.69,1.69,1,25,,,Stem
Rose,,,,24053,Rose Pk Hermosa 60cm Cs50,,1.59,1.59,1,50,,,Stem
Rose,,,,52321,Rose Pk Miss Piggy 50cm,,1.59,1.59,1,25,,,Stem
Rose,,,,43893,Rose Pk Mondial 40cm,,0.99,0.99,1,25,,,Stem
Rose,,,,53738,Rose Pk Mondial 50cm,,1.59,1.59,1,25,,,Stem
Rose,,,,53739,Rose Pk Mondial 60cm,,1.69,1.69,1,25,,,Stem
Rose,,,,57049,Rose Pk Mondial 60cm x50,,1.59,1.59,1,50,,,Stem
Rose,,,,53740,Rose Pk Mondial 70/80cm,,1.89,1.89,1,25,,,Stem
Rose,,,,54033,Rose Pk Mother of Prl 50cm,,1.49,1.49,1,25,,,Stem
Rose,,,,54034,Rose Pk Mother of Prl 60cm,,1.59,1.59,1,25,,,Stem
Rose,,,,46895,Rose Pk Nena 50cm,,1.59,1.59,1,25,,,Stem
Rose,,,,46896,Rose Pk Nena 60cm,,1.79,1.79,1,25,,,Stem
Rose,,,,69025,Rose Pk Nuage 60cm,,1.69,1.69,1,25,,,Stem
Rose,,,,40736,Rose Pk Opala 50cm,,1.59,1.59,1,25,,,Stem
Rose,,,,68896,Rose Pk Pnky Promise 60cm DVF,,1.69,1.69,1,25,,,Stem
Rose,,,,25900,Rose Pk Shy 50cm cs50,,1.49,1.49,1,50,,,Stem
Rose,,,,45780,Rose Pk Shy 60cm,,1.69,1.69,1,25,,,Stem
Rose,,,,53753,Rose Pk Swt Eskimo 50cm,,1.49,1.49,1,25,,,Stem
Rose,,,,57052,Rose Pk Swt Eskimo 50cm cs100,,1.39,1.39,1,100,,,Stem
Rose,,,,53754,Rose Pk Swt Eskimo 60cm,,1.59,1.59,1,25,,,Stem
Rose,,,,30519,Rose Pk Swt Unique 50cm,,1.59,1.59,1,25,,,Stem
Rose,,,,24505,Rose Pk Swt Unique 50cm cs50,,1.49,1.49,1,50,,,Stem
Rose,,,,30520,Rose Pk Swt Unique 60cm,,1.69,1.69,1,25,,,Stem
Rose,,,,24105,Rose Rd Bl Baccara 40cm,,1.45,1.45,1,25,,,Stem
Rose,,,,46800,Rose Rd Bl Baccara 50cm,,1.79,1.79,1,25,,,Stem
Rose,,,,30829,Rose Rd Bl Baccara 60cm,,1.89,1.89,1,25,,,Stem
Rose,,,,65691,Rose Rd Black Pearl 60cm,,1.79,1.79,1,25,,,Stem
Rose,,,,40362,Rose Rd Explorer 40cm,,1.49,1.49,1,25,,,Stem
Rose,,,,46798,Rose Rd Explorer 50cm,,1.79,1.79,1,25,,,Stem
Rose,,,,46799,Rose Rd Explorer 60cm,,1.89,1.89,1,25,,,Stem
Rose,,,,49517,Rose Rd Explorer 70/80cm,,1.99,1.99,1,25,,,Stem
Rose,,,,28863,Rose Rd Freedom 40cm,,1.49,1.49,1,25,,,Stem
Rose,,,,28616,Rose Rd Freedom 50cm,,1.59,1.59,1,25,,,Stem
Rose,,,,28517,Rose Rd Freedom 50cm,,1.69,1.69,1,25,,,Stem
Rose,,,,29098,Rose Rd Freedom 50cm,,1.89,1.89,1,25,,,Stem
Rose,,,,49909,Rose Rd Freedom 50cm cs100,,1.49,1.49,1,100,,,Stem
Rose,,,,26220,Rose Rd Freedom 50cm Cs125,,1.49,1.49,1,125,,,Stem
Rose,,,,32196,Rose Rd Freedom 50cm Cs125,,1.79,1.79,1,125,,,Stem
Rose,,,,28617,Rose Rd Freedom 60cm,,1.69,1.69,1,25,,,Stem
Rose,,,,37620,Rose Rd Freedom 60cm,,1.79,1.79,1,25,,,Stem
Rose,,,,31523,Rose Rd Freedom 60cm,,1.89,1.89,1,25,,,Stem
Rose,,,,26187,Rose Rd Freedom 60cm Cs100,,1.59,1.59,1,100,,,Stem
Rose,,,,49911,Rose Rd Freedom 60cm cs100,,1.59,1.59,1,100,,,Stem
Rose,,,,29868,Rose Rd Freedom 60cm Cs100,,1.79,1.79,1,100,,,Stem
Rose,,,,28859,Rose Rd Freedom 70-80cm,,1.89,1.89,1,25,,,Stem
Rose,,,,33649,Rose Rd Freedom 70-80cm,,1.99,1.99,1,25,,,Stem
Rose,,,,37621,Rose Rd Freedom 70/80cm Cs100,,1.89,1.89,1,100,,,Stem
Rose,,,,24342,Rose Rd Freedom 70cm Cs100,,1.89,1.89,1,100,,,Stem
Rose,,,,55328,Rose Rd Hearts 40cm,,1.49,1.49,1,25,,,Stem
Rose,,,,65350,Rose Rd Hearts 50cm,,1.89,1.89,1,25,,,Stem
Rose,,,,49086,Rose Rd Hearts 60cm,,1.99,1.99,1,25,,,Stem
Rose,,,,47149,Rose Rd Mama Mia 40cm cs125,,1.39,1.39,1,125,,,Stem
Rose,,,,68820,Rose Rd Mama Mia 50cm,,1.79,1.79,1,25,,,Stem
Rose,,,,68821,Rose Rd Mama Mia 60cm,,1.89,1.89,1,25,,,Stem
Rose,,,,47798,Rose Sal Amsterdam 50cm,,1.49,1.49,1,25,,,Stem
Rose,,,,69114,Rose Sal Dragonfly 60cm,,1.69,1.69,1,25,,,Stem
Rose,,,,47154,Rose Var 3D 50cm,,1.59,1.59,1,25,,,Stem
Rose,,,,27054,Rose Var Barista 40cm,,1.29,1.29,1,25,,,Stem
Rose,,,,33583,Rose Var Barista 50cm,,1.59,1.59,1,25,,,Stem
Rose,,,,49903,Rose Var Bluez 60cm,,1.69,1.69,1,25,,,Stem
Rose,,,,30399,Rose Var Cherry Brandy 50cm,,1.39,1.39,1,25,,,Stem
Rose,,,,30386,Rose Var High & Magic 50cm,,1.39,1.39,1,25,,,Stem
Rose,,,,39786,Rose Var High & Magic 60cm,,1.49,1.49,1,25,,,Stem
Rose,,,,67448,Rose Var Kahala 50cm,,1.49,1.49,1,25,,,Stem
Rose,,,,30664,Rose Wht Aspen 50cm,,1.69,1.69,1,25,,,Stem
Rose,,,,26399,Rose Wht Asst 40cm cs125,,0.89,0.89,1,125,,,Stem
Rose,,,,68889,Rose Wht Coldplay 60cm 12st,,1.49,1.49,1,12,,,Stem
Rose,,,,68680,Rose Wht Cotton Expr 50cm,,1.39,1.39,1,25,,,Stem
Rose,,,,68681,Rose Wht Cotton Expr 60cm,,1.49,1.49,1,25,,,Stem
Rose,,,,23951,Rose Wht Eskimo 40cm Cs125,,0.89,0.89,1,125,,,Stem
Rose,,,,30801,Rose Wht Eskimo 50cm,,1.29,1.29,1,25,,,Stem
Rose,,,,30236,Rose Wht Eskimo 50cm,,1.39,1.39,1,25,,,Stem
Rose,,,,53809,Rose Wht Eskimo 50cm cs100,,1.39,1.39,1,100,,,Stem
Rose,,,,52821,Rose Wht Eskimo 50cm Cs50,,1.39,1.39,1,50,,,Stem
Rose,,,,30751,Rose Wht Eskimo 60cm,,1.49,1.49,1,25,,,Stem
Rose,,,,48649,Rose Wht Mondial 40cm,,0.99,0.99,1,25,,,Stem
Rose,,,,20246,Rose Wht Mondial 50cm,,1.39,1.39,1,25,,,Stem
Rose,,,,51314,Rose Wht Mondial 50cm Cs50,,1.29,1.29,1,50,,,Stem
Rose,,,,20247,Rose Wht Mondial 60cm,,1.49,1.49,1,25,,,Stem
Rose,,,,27250,Rose Wht Mondial 60cm Cs50,,1.39,1.39,1,50,,,Stem
Rose,,,,51232,Rose Wht Mondial 60cm DVF,,1.49,1.49,1,25,,,Stem
Rose,,,,40733,Rose Wht Moonstone 60cm,,1.49,1.49,1,25,,,Stem
Rose,,,,57044,Rose Wht Playa Blnca 50c Cs100,,1.49,1.49,1,100,,,Stem
Rose,,,,67352,Rose Wht Playa Blnca 50cm,,1.59,1.59,1,25,,,Stem
Rose,,,,53704,Rose Wht Playa Blnca 60c Cs100,,1.59,1.59,1,100,,,Stem
Rose,,,,67353,Rose Wht Playa Blnca 60cm,,1.69,1.69,1,25,,,Stem
Rose,,,,67354,Rose Wht Playa Blnca 70/80cm,,1.79,1.79,1,25,,,Stem
Rose,,,,24609,Rose Wht Polo 50cm,,1.39,1.39,1,25,,,Stem
Rose,,,,30532,Rose Wht Polo 60cm,,1.59,1.59,1,25,,,Stem
Rose,,,,23835,Rose Wht Tibet 40cm,,0.99,0.99,1,25,,,Stem
Rose,,,,23881,Rose Wht Tibet 50cm,,1.39,1.39,1,25,,,Stem
Rose,,,,24612,Rose Wht Tibet 50cm Cs50,,1.29,1.29,1,50,,,Stem
Rose,,,,39798,Rose Wht Tibet 60cm,,1.49,1.49,1,25,,,Stem
Rose,,,,24061,Rose Wht Vendela 40cm,,0.99,0.99,1,25,,,Stem
Rose,,,,30769,Rose Wht Vendela 50cm,,1.29,1.29,1,25,,,Stem
Rose,,,,51066,Rose Wht Vendela 50cm Cs50,,1.19,1.19,1,50,,,Stem
Rose,,,,24647,Rose Wht Vendela 50cm Cs50,,1.29,1.29,1,50,,,Stem
Rose,,,,30841,Rose Wht Vendela 60cm,,1.39,1.39,1,25,,,Stem
Rose,,,,51047,Rose Wht Vendela 60cm Cs50,,1.29,1.29,1,50,,,Stem
Rose,,,,46922,Rose Yel Bikini 50cm,,1.49,1.49,1,25,,,Stem
Rose,,,,46923,Rose Yel Bikini 60cm,,1.59,1.59,1,25,,,Stem
Rose,,,,48892,Rose Yel Brighton 50cm,,1.49,1.49,1,25,,,Stem
Rose,,,,48893,Rose Yel Brighton 60cm,,1.59,1.59,1,25,,,Stem
Rose,,,,52545,Rose Yel Bumblebee 50cm,,1.49,1.49,1,25,,,Stem
Rose,,,,52396,Rose Yel Bumblebee 60cm,,1.59,1.59,1,25,,,Stem
Rose,,,,65687,Rose Yel Butterscotch 50cm,,1.49,1.49,1,25,,,Stem
Rose,,,,68774,Rose Yel Cancun 50cm,,1.49,1.49,1,25,,,Stem
Rose,,,,20288,Rose Yel Cancun 50cm cs50,,1.39,1.39,1,50,,,Stem
Rose,,,,26707,Rose Yel Cancun 60cm,,1.59,1.59,1,25,,,Stem
Rose,,,,28793,Rose Yel Gelosia 40cm Cs50,,1.09,1.09,1,50,,,Stem
Rose,,,,51164,Rose Yel Gelosia 50cm Cs50,,1.49,1.49,1,50,,,Stem
Rose,,,,46869,Rose Yel High & Exot 50cm,,1.49,1.49,1,25,,,Stem
Rose,,,,54391,Rose Yel High & Exot 50cm,,1.49,1.49,1,25,,,Stem
Rose,,,,46870,Rose Yel High & Exot 60cm,,1.59,1.59,1,25,,,Stem
Rose,,,,63370,Rose Yel Momentum 50cm,,1.49,1.49,1,25,,,Stem
Rose,,,,47260,Rose Yel Momentum 60cm,,1.59,1.59,1,25,,,Stem
Rose,,,,46851,Rose Yel Stardust 60cm,,1.59,1.59,1,25,,,Stem
Rose,,,,56951,Rose Yel Summer Rom. 50cm,,1.49,1.49,1,25,,,Stem
Rose,,,,46848,Rose Yel Turtle 50cm,,1.49,1.49,1,25,,,Stem
Rose Petals,,,,53249,Rose Petals Wht,,10.99,10.99,1,5,,,Bag
Saxicola Pink,,,,21560,Saxicola Pink,,0.899,8.99,10,1,,,Bu
Scabiosa,,,,43040,Scabiosa Pink Candy Scoop,,1.3,13.00,10,1,,,Bu
Scabiosa,,,,42693,Scabiosa White Milky Scoop,,1.3,13.00,10,1,,,Bu
Scabiosa Pod,,,,29506,Pods Scabiosa Stellata 10st,,1.499,14.99,10,1,,,Bu
Snapdragon,,,,23677,Snapdragon Burgundy California,,1.799,17.99,10,1,,,Bu
Snapdragon,,,,23679,Snapdragon Lavender California,,1.799,17.99,10,1,,,Bu
Snapdragon,,,,23669,Snapdragon Pink Tall Canada,,1.699,16.99,10,1,,,Bu
Snapdragon,,,,23665,Snapdragon Pink-Hot Tall,,1.699,16.99,10,1,,,Bu
Snapdragon,,,,25831,Snapdragon Purple Medium,,1.399,13.99,10,1,,,Bu
Snapdragon,,,,25807,Snapdragon Red Flame,,1.799,17.99,10,1,,,Bu
Snapdragon,,,,23673,Snapdragon White Tall Canada,,1.699,16.99,10,1,,,Bu
Snapdragon,,,,39094,Snapdragon Yellow 6pk Mexico,,1.299,12.99,10,6,,,Bu
Snapdragon,,,,23685,Snapdragon Yellow California,,1.799,17.99,10,1,,,Bu
Snapdragon,,,,28707,Snapdragon Yellow S.A.,,0.999,9.99,10,1,,,Bu
Snapdragon,,,,23674,Snapdragon Yellow Tall Canada,,1.699,16.99,10,1,,,Bu
Snowberry ,,,,38121,Snowberry White 60/70cm Chile,,1.599,15.99,10,1,,,Bu
Snowberry  ,,,,47327,Snowberry Pink/Wht Picotee,,1.599,15.99,10,1,,,Bu
Specialty Ranunculus,,,,27775,Ranunculus Berry Capp XXL 5st,,4.998,24.99,5,1,,,Bu
Specialty Ranunculus,,,,17900,Ranunculus Asst XXL 5st 5pk,,2.398,11.99,5,5,,,Bu
Specialty Ranunculus,,,,17887,Ranunculus Chocolate XL 10st,,2.999,29.99,10,1,,,Bu
Specialty Ranunculus,,,,17886,Ranunculus Chocolate XXL 5st,,3.798,18.99,5,1,,,Bu
Specialty Ranunculus,,,,69713,Ranunculus Coral Desert XL 10s,,3.799,37.99,10,1,,,Bu
Specialty Ranunculus,,,,42785,Ranunculus Coral Fragolino XXL,,3.798,18.99,5,1,,,Bu
Specialty Ranunculus,,,,17866,Ranunculus Pch Grand Pastel XX,,4.998,24.99,5,1,,,Bu
Specialty Ranunculus,,,,42771,Ranunculus Pink Blush Clooney,,3.999,39.99,10,1,,,Bu
Specialty Ranunculus,,,,41190,Ranunculus Pink Blush XL 10st,,3.799,37.99,10,1,,,Bu
Specialty Ranunculus,,,,17840,Ranunculus Pink Blush XXL 5st,,4.998,24.99,5,1,,,Bu
Specialty Ranunculus,,,,45447,Ranunculus Pink Dark Clooney I,,3.499,34.99,10,1,,,Bu
Specialty Ranunculus,,,,41192,Ranunculus Pink Hot XL 10st,,3.799,37.99,10,1,,,Bu
Specialty Ranunculus,,,,17865,Ranunculus Pink Hot XXL 5st Ca,,4.998,24.99,5,1,,,Bu
Specialty Ranunculus,,,,17904,Ranunculus Pink Lady XXL 5st,,4.998,24.99,5,1,,,Bu
Specialty Ranunculus,,,,69722,Ranunculus Pink Lt Confetto XX,,4.998,24.99,5,1,,,Bu
Specialty Ranunculus,,,,17896,Ranunculus Pink Lt XXL 5st,,3.798,18.99,5,1,,,Bu
Specialty Ranunculus,,,,69711,Ranunculus Pink Romance XXL 5s,,3.998,19.99,5,1,,,Bu
Specialty Ranunculus,,,,69714,Ranunculus Pink Ruffle XL 10st,,3.799,37.99,10,1,,,Bu
Specialty Ranunculus,,,,49382,Ranunculus Pink Ruffle XXL 5st,,3.998,19.99,5,1,,,Bu
Specialty Ranunculus,,,,41191,Ranunculus Plum XL 10st,,3.799,37.99,10,1,,,Bu
Specialty Ranunculus,,,,17883,Ranunculus Plum XXL 5st,,4.998,24.99,5,1,,,Bu
Specialty Ranunculus,,,,17884,Ranunculus Princess Peach XXL,,4.998,24.99,5,1,,,Bu
Specialty Ranunculus,,,,41196,Ranunculus Red XL 10st,,2.999,29.99,10,1,,,Bu
Specialty Ranunculus,,,,45242,Ranunculus Red XXL 5st,,3.798,18.99,5,1,,,Bu
Specialty Ranunculus,,,,69718,Ranunculus Striato Pastel XXL,,4.998,24.99,5,1,,,Bu
Specialty Ranunculus,,,,45400,Ranunculus White Clooney Italy,,3.999,39.99,10,1,,,Bu
Specialty Ranunculus,,,,41193,Ranunculus White XL 10st,,3.799,37.99,10,1,,,Bu
Specialty Ranunculus,,,,17841,Ranunculus White XXL 5st,,3.798,18.99,5,1,,,Bu
Specialty Ranunculus,,,,69710,Ranunculus Yellow Romance XXL,,3.998,19.99,5,1,,,Bu
Specialty Ranunculus,,,,17898,Ranunculus Yellow XXL 5st,,3.998,19.99,5,1,,,Bu
Spirea  ,,,,49674,Spirea White Kodemari 80-110cm,,4.999,49.99,10,1,,,Bu
Spirea  ,,,,53070,Spirea White Thunbergii 10stem,,3.499,34.99,10,1,,,Bu
Spray Rose,,,,29014,SpRose Asst 40cm Cs12,,0.999,9.99,10,12,,,Bu
Spray Rose,,,,61006,SpRose Asst 40cm DVF Cs12,,0.999,9.99,10,12,,,Bu
Spray Rose,,,,23516,SpRose Asst 50cm Cs10,,0.999,9.99,10,10,,,Bu
Spray Rose,,,,69708,SpRose Crm Gard Cluster 5st,,1.2,6.00,5,1,,,Bu
Spray Rose,,,,58806,SpRose Crm New Moon 60cm,,1.899,18.99,10,1,,,Bu
Spray Rose,,,,56806,SpRose Htpk Bril Star 50cm,,1.499,14.99,10,1,,,Bu
Spray Rose,,,,49958,SpRose HtPk Gem Star 40/50cm,,1.499,14.99,10,1,,,Bu
Spray Rose,,,,23521,SpRose Htpk L Lydia 40/50cm,,1.499,14.99,10,1,,,Bu
Spray Rose,,,,30960,SpRose Htpk Majolica 40/50cm,,1.499,14.99,10,1,,,Bu
Spray Rose,,,,53015,SpRose Htpk Majolica 40/50cm,,1.499,14.99,10,1,,,Bu
Spray Rose,,,,28592,SpRose Lav Bl Moon 40/50cm,,1.499,14.99,10,1,,,Bu
Spray Rose,,,,68638,SpRose Lav Portrait 40/50cm,,1.499,14.99,10,1,,,Bu
Spray Rose,,,,64145,SpRose Lav Silv Mik 40/50cm,,1.499,14.99,10,1,,,Bu
Spray Rose,,,,31029,SpRose Org Babe 40/50cm,,1.499,14.99,10,1,,,Bu
Spray Rose,,,,57543,SpRose Org Royal Flash 40/50cm,,1.499,14.99,10,1,,,Bu
Spray Rose,,,,52566,SpRose Org Sensation 40/50cm,,1.499,14.99,10,1,,,Bu
Spray Rose,,,,67023,SpRose Pch Aureus 40/50cm,,1.699,16.99,10,1,,,Bu
Spray Rose,,,,64126,SpRose Pch Baby Rosev 40/50cm,,1.499,14.99,10,1,,,Bu
Spray Rose,,,,68637,SpRose Pch Capricorn 40/50cm,,1.599,15.99,10,1,,,Bu
Spray Rose,,,,23555,SpRose Pch Ilse 40/50cm,,1.499,14.99,10,1,,,Bu
Spray Rose,,,,34539,SpRose Pch LtPk Bril Star 50cm,,1.599,15.99,10,1,,,Bu
Spray Rose,,,,69754,SpRose Pk Cozumel 40/50cm 5st,,0.999,9.99,10,1,,,Bu
Spray Rose,,,,64127,SpRose Pk Elba 40/50cm,,1.499,14.99,10,1,,,Bu
Spray Rose,,,,23582,SpRose Pk Majolica 40/50cm,,1.499,14.99,10,1,,,Bu
Spray Rose,,,,49136,SpRose Pk Majolica 50cm cs6,,1.399,13.99,10,6,,,Bu
Spray Rose,,,,64122,SpRose Pk Phuket 40cm,,1.699,16.99,10,1,,,Bu
Spray Rose,,,,27668,SpRose Pk Star Blush 40/50cm,,1.499,14.99,10,1,,,Bu
Spray Rose,,,,23589,SpRose Rd Mikado 40/50cm,,1.499,14.99,10,1,,,Bu
Spray Rose,,,,63089,Sprose Sal Be Joyful 50-70cm,,1.499,14.99,10,1,,,Bu
Spray Rose,,,,49027,SpRose Wht Jeanine 40/50cm,,2.499,24.99,10,1,,,Bu
Spray Rose,,,,23551,SpRose Wht Majo 50cm Cs5,,1.399,13.99,10,5,,,Bu
Spray Rose,,,,62021,SpRose Wht Snoflk 50cm cs6,,1.399,13.99,10,6,,,Bu
Spray Rose,,,,52270,SpRose Wht Swt Dreams 40/50cm,,1.699,16.99,10,1,,,Bu
Spray Rose,,,,30254,SpRose Yel Babe 40/50cm,,1.499,14.99,10,1,,,Bu
Spray Rose,,,,56866,SpRose Yel Bora Bora 40/50cm,,1.499,14.99,10,1,,,Bu
Spray Rose,,,,25800,SpRose Yel Bril Star 40/50cm,,1.499,14.99,10,1,,,Bu
Spray Rose,,,,20502,SpRose Yel Bril Star Lemon 50c,,1.599,15.99,10,1,,,Bu
Spray Rose,,,,52440,SpRose Yel Fibo Gioconda 50cm,,1.699,16.99,10,1,,,Bu
Spray Rose,,,,64128,SpRose Yel Somerset 40/50cm,,1.499,14.99,10,1,,,Bu
Springeri,,,,G1117,Springeri,,0.699,6.99,10,1,,,Bu
Statice,,,,18279,Statice Apricot Tissue Culture,,0.729,7.29,10,1,,,Bu
Statice,,,,17732,Statice Blush Tissue CA,,0.999,9.99,10,1,,,Bu
Statice,,,,60595,Statice Purple Queens 5pk,,0.629,6.29,10,5,,,Bu
Statice,,,,24996,Statice Purple Tissue Queens,,0.729,7.29,10,1,,,Bu
Statice,,,,25043,Statice White Tissue Culture,,0.729,7.29,10,1,,,Bu
Stock,,,,40487,Stock Asst 4pk Wt/Lav S.A.,,1.299,12.99,10,4,,,Bu
Stock,,,,75101,Stock Brg Ruby Red 4pk S.A.,,1.299,12.99,10,4,,,Bu
Stock,,,,75100,Stock Cream 4pk S.A.,,1.299,12.99,10,4,,,Bu
Stock,,,,25064,Stock Lavender,,1.699,16.99,10,1,,,Bu
Stock,,,,40485,Stock Lavender S.A. 4Pk,,1.299,12.99,10,4,,,Bu
Stock,,,,25738,Stock Lavender-Dk Blue Mid,,1.699,16.99,10,1,,,Bu
Stock,,,,25063,Stock Magenta Fuchsia,,1.699,16.99,10,1,,,Bu
Stock,,,,23700,Stock Magenta Fuchsia S.A.,,1.399,13.99,10,1,,,Bu
Stock,,,,75099,Stock Magenta Fuschia 4pk S.A.,,1.299,12.99,10,4,,,Bu
Stock,,,,40504,Stock Mauve Antique 4Pk S.A.,,1.299,12.99,10,4,,,Bu
Stock,,,,39709,Stock Mauve Antique S.A.,,1.399,13.99,10,1,,,Bu
Stock,,,,26154,Stock Peach,,1.699,16.99,10,1,,,Bu
Stock,,,,75098,Stock Peach 4pk S.A.,,1.299,12.99,10,4,,,Bu
Stock,,,,40531,Stock Pink-Dark,,1.699,16.99,10,1,,,Bu
Stock,,,,25125,Stock Pink-Dk Pacific,,1.699,16.99,10,1,,,Bu
Stock,,,,25083,Stock Pink-Dk S.A. 4pk,,1.299,12.99,10,4,,,Bu
Stock,,,,17365,Stock Pink-Light 4pk S.A.,,1.299,12.99,10,4,,,Bu
Stock,,,,27977,Stock Pink-Lt Applebl 4pk,,1.299,12.99,10,4,,,Bu
Stock,,,,75125,Stock Pink-Lt Sweetheart,,1.699,16.99,10,1,,,Bu
Stock,,,,25065,Stock Pink/White Antique 4pk B,,1.299,12.99,10,4,,,Bu
Stock,,,,40341,Stock Purple 4pk S.A.,,1.299,12.99,10,4,,,Bu
Stock,,,,28308,Stock Purple S.A.,,1.399,13.99,10,1,,,Bu
Stock,,,,25141,Stock Purple Velvet,,1.699,16.99,10,1,,,Bu
Stock,,,,17366,Stock Purple-Dk S.A. 4pk,,1.299,12.99,10,4,,,Bu
Stock,,,,25068,Stock White,,1.699,16.99,10,1,,,Bu
Stock,,,,40340,Stock White 4pk S.A.,,1.299,12.99,10,4,,,Bu
Stock,,,,45094,Stock White Spray 5st 5pk,,2.198,10.99,5,5,,,Bu
Stock,,,,36714,Stock White Supreme 10pk,,1.499,14.99,10,10,,,Bu
Strawflower ,,,,21565,Strawflower Assorted 10pk,,0.899,8.99,10,10,,,Bu
Strawflower ,,,,22364,Strawflower White 10st,,1.299,12.99,10,1,,,Bu
Sunflower,,,,40484,Sunflower Vincent Lg 5st 5pk,,1.298,6.49,5,5,,,Bu
Sunflower,,,,31862,Sunflower Ylw DC FNY Vin Choic,,1.579,15.79,10,1,,,Bu
Sunflower,,,,31868,Sunflower Ylw DC SEL Vin Choic,,1.679,16.79,10,1,,,Bu
Sunflower,,,,31865,Sunflower Ylw DC XTR Vin Choic,,1.749,17.49,10,1,,,Bu
Sunflower,,,,31863,Sunflower Ylw LC FCY Vin Fresh,,1.579,15.79,10,1,,,Bu
Sunflower,,,,31869,Sunflower Ylw LC SEL Vin Fresh,,1.679,16.79,10,1,,,Bu
Sunflower,,,,31866,Sunflower Ylw LC XTR Vin Fresh,,1.749,17.49,10,1,,,Bu
Sunflower,,,,21784,Sunflower Ylw Mini DC 10st,,0.699,6.99,10,1,,,Bu
Sunflower,,,,32865,Sunflower Ylw Sunbright 5st,,1.098,5.49,5,1,,,Bu
Sunflower,,,,36598,Sunflower Ylw Vin 5st 12pk Mex,,1.098,5.49,5,12,,,Bu
Sunflower,,,,40486,Sunflower Ylw Vin Mini 10s 6pk,,0.849,8.49,10,6,,,Bu
Sunflower,,,,27533,Sunflower Ylw Vin Petite 10st,,0.999,9.99,10,1,,,Bu
Sunflower,,,,32876,Sunflower Ylw Vin Sel 5st 4pk,,1.698,8.49,5,4,,,Bu
Sunflower,,,,40483,Sunflower Ylw Vincent 5st 6pk,,1.198,5.99,5,6,,,Bu
Sunflower,,,,52076,Sunflower Ylw Vincent 8pk DVF,,1.598,7.99,5,8,,,Bu
Sweet Pea,,,,18057,Sweet Pea Lavender Japan 50st,,1.7998,89.99,50,1,,,Bu
Sweet Pea,,,,17381,Sweet Pea Light Pink 25stem,,1.5996,39.99,25,1,,,Bu
Sweet Pea,,,,43514,Sweet Pea Peach 50st,,1.9998,99.99,50,1,,,Bu
Sweet Pea,,,,18189,Sweet Pea Peach Megumi 25stem,,1.1996,29.99,25,1,,,Bu
Sweet Pea,,,,17396,Sweet Pea Pink-Hot Salmon 25st,,1.1996,29.99,25,1,,,Bu
Sweet Pea,,,,17521,Sweet Pea Pink-Light 50st,,1.5998,79.99,50,1,,,Bu
Sweet Pea,,,,51384,Sweet Pea Purple 50st,,1.7998,89.99,50,1,,,Bu
Sweet Pea,,,,18088,Sweet Pea Red Scarlet 50st,,1.7998,89.99,50,1,,,Bu
Sweet Pea,,,,18104,Sweet Pea Violet 25stem,,1.5996,39.99,25,1,,,Bu
Sweet Pea,,,,58887,Sweet Pea White 50stem,,1.7998,89.99,50,1,,,Bu
Sweetheart Rose,,,,31150,Sweetheart Rose Rd Sacha,,1.29,1.29,1,25,,,Stem
Thistle,,,,46099,Thistle Blue Bell 60cm 6pk,,0.839,8.39,10,6,,,Bu
Thistle,,,,45860,Thistle Blue Dynamite 5st 80cm,,1.798,8.99,5,1,,,Bu
Thistle,,,,17276,Thistle Blue Lagoon 50/60cm,,0.899,8.99,10,1,,,Bu
Thistle,,,,12558,Thistle Green Sirius Questar,,1.199,11.99,10,1,,,Bu
Trachellium,,,,25568,Trachelium Blue-Dark,,1.199,11.99,10,1,,,Bu
Trachellium,,,,41464,Trachelium Green Jade,,1.199,11.99,10,1,,,Bu
Trachellium,,,,25570,Trachelium White,,1.199,11.99,10,1,,,Bu
Tropicals,,,,G1388,Aspidistra 10pk,,0.339,3.39,10,10,,,Bu
Tropicals,,,,G1224,Aspidistra Variegated,,0.749,7.49,10,1,,,Bu
Tropicals,,,,G1759,Aspidistra XL,,0.399,3.99,10,1,,,Bu
Tropicals,,,,10679,Leaf Calathea White Star,,0.699,6.99,10,1,,,Bu
Tropicals,,,,34021,Leaf Calathea Zebrina,,0.699,6.99,10,1,,,Bu
Tropicals,,,,32467,Leaf Ginger Variegated 10st,,0.699,6.99,10,1,,,Bu
Tropicals,,,,37339,Leaf Monstera Jumbo/XL,,4.99,4.99,1,5,,,Stem
Tropicals,,,,10167,Leaf Monstera Large,,3.99,3.99,1,5,,,Each
Tropicals,,,,10168,Leaf Monstera Medium,,2.99,2.99,1,5,,,Each
Tropicals,,,,31205,Leaf Monstera Mini,,1.99,1.99,1,5,,,Each
Tropicals,,,,10169,Leaf Monstera Small,,2.49,2.49,1,5,,,Each
Tropicals,,,,10171,Leaf Ti Green,,0.399,3.99,10,1,,,Bu
Tropicals,,,,10172,Leaf Ti Red,,0.499,4.99,10,1,,,Bu
Tulip ,,,,38560,Tulip Asst 15pk VA,,0.699,6.99,10,15,,,Bu
Tulip ,,,,45811,Tulip Lav Candy Prince Dutch,,1.099,10.99,10,1,,,Bu
Tulip ,,,,38975,Tulip Orange VA,,0.599,5.99,10,1,,,Bu
Tulip ,,,,25181,Tulip Pink Dutch,,1.099,10.99,10,1,,,Bu
Tulip ,,,,54077,Tulip Pink Ht Dutch,,1.099,10.99,10,1,,,Bu
Tulip ,,,,35180,Tulip Pink VA,,0.899,8.99,10,1,,,Bu
Tulip ,,,,33171,Tulip Pnk Lt First Class Dutch,,1.099,10.99,10,1,,,Bu
Tulip ,,,,25162,Tulip Prp Prince Dutch,,1.099,10.99,10,1,,,Bu
Tulip ,,,,38979,Tulip White VA,,0.699,6.99,10,1,,,Bu
Tulip ,,,,38980,Tulip Yellow VA,,0.899,8.99,10,1,,,Bu
Tweedia,,,,42302,Tweedia Blue Japan,,2.499,24.99,10,1,,,Bu
Tweedia,,,,75206,Tweedia White Dutch 10stem,,2.199,21.99,10,1,,,Bu
Tweedia,,,,42301,Tweedia White Japan,,3.499,34.99,10,1,,,Bu
Tweedia,,,,17588,Tweedia White S.A.,,2.499,24.99,10,1,,,Bu
Veronica  ,,,,22157,Veronica Blue Dutch,,1.199,11.99,10,1,,,Bu
Veronica  ,,,,22159,Veronica White Dutch,,1.199,11.99,10,1,,,Bu
Waxflower,,,,33023,Waxflower Pink CA,,2.6,13.00,5,1,,weighted,Bu
Waxflower,,,,27736,Waxflower Pink Dancing Queen,,2.6,13.00,5,1,,weighted,Bu
Waxflower,,,,26102,Waxflower Pink Hyb CA,,2.6,13.00,5,1,,weighted,Bu
Waxflower,,,,21604,Waxflower Pink Lady Stephanie,,2.6,13.00,5,1,,weighted,Bu
Waxflower,,,,29113,Waxflower Pink Lollypop,,2.6,13.00,5,1,,weighted,Bu
Waxflower,,,,33025,Waxflower Purple CA,,2.6,13.00,5,1,,weighted,Bu
Waxflower,,,,32374,Waxflower Purple Select Peru,,2.6,13.00,5,1,,weighted,Bu
Waxflower,,,,39927,Waxflower Wh Hyb/Blush Maya,,2.6,13.00,5,1,,weighted,Bu
Waxflower,,,,33908,Waxflower White 50-55cm 14st,,2.6,13.00,5,1,,weighted,Bu
Waxflower,,,,27329,Waxflower White Hyb CA,,2.6,13.00,5,1,,weighted,Bu
Yarrow,,,,31478,Yarrow Asst Roots Peru 6pk,,0.699,6.99,10,6,,,Bu
Yarrow,,,,29486,Yarrow Cottage Salmon,,0.799,7.99,10,1,,,Bu
Yarrow,,,,32267,Yarrow Orange Peru 10st,,0.999,9.99,10,1,,,Bu
Yarrow,,,,35575,Yarrow White Peru,,0.799,7.99,10,1,,,Bu
Yarrow,,,,31479,Yarrow Yellow Peru,,0.799,7.99,10,1,,,Bu